282,0,GuHYNiWcBIOYWn+aXa/m4wC3zIQ=,mGWm209MF5U7XM/ZN0b7JbVcY8k=
284,1,GuHYNiWcBIOYWn+aXa/m4wC3zIQ=,rgREcc0sF5xByi1W1g3m3cyF/8k=
285,1,GuHYNiWcBIOYWn+aXa/m4wC3zIQ=,rgREcc0sF5xByi1W1g3m3cyF/8k=
283,1,GuHYNiWcBIOYWn+aXa/m4wC3zIQ=,mGWm209MF5U7XM/ZN0b7JbVcY8k=
286,1,GuHYNiWcBIOYWn+aXa/m4wC3zIQ=,rgREcc0sF5xByi1W1g3m3cyF/8k=
284,2,GuHYNiWcBIOYWn+aXa/m4wC3zIQ=,rgREcc0sF5xByi1W1g3m3cyF/8k=
285,2,GuHYNiWcBIOYWn+aXa/m4wC3zIQ=,rgREcc0sF5xByi1W1g3m3cyF/8k=
283,2,GuHYNiWcBIOYWn+aXa/m4wC3zIQ=,mGWm209MF5U7XM/ZN0b7JbVcY8k=
286,2,GuHYNiWcBIOYWn+aXa/m4wC3zIQ=,rgREcc0sF5xByi1W1g3m3cyF/8k=
282,1,GuHYNiWcBIOYWn+aXa/m4wC3zIQ=,mGWm209MF5U7XM/ZN0b7JbVcY8k=
281,2,GuHYNiWcBIOYWn+aXa/m4wC3zIQ=,mGWm209MF5U7XM/ZN0b7JbVcY8k=
282,2,GuHYNiWcBIOYWn+aXa/m4wC3zIQ=,mGWm209MF5U7XM/ZN0b7JbVcY8k=
281,1,GuHYNiWcBIOYWn+aXa/m4wC3zIQ=,mGWm209MF5U7XM/ZN0b7JbVcY8k=
281,0,GuHYNiWcBIOYWn+aXa/m4wC3zIQ=,mGWm209MF5U7XM/ZN0b7JbVcY8k=
282,10,GuHYNiWcBIOYWn+aXa/m4wC3zIQ=,otIiIMwxm2CxhfD3k3DhAFrykbI=
282,9,GuHYNiWcBIOYWn+aXa/m4wC3zIQ=,otIiIMwxm2CxhfD3k3DhAFrykbI=
284,9,GuHYNiWcBIOYWn+aXa/m4wC3zIQ=,7FqjKlzJsX98N2/Bfqdst2z4TBY=
285,9,GuHYNiWcBIOYWn+aXa/m4wC3zIQ=,7FqjKlzJsX98N2/Bfqdst2z4TBY=
281,10,GuHYNiWcBIOYWn+aXa/m4wC3zIQ=,otIiIMwxm2CxhfD3k3DhAFrykbI=
281,9,GuHYNiWcBIOYWn+aXa/m4wC3zIQ=,otIiIMwxm2CxhfD3k3DhAFrykbI=
286,9,GuHYNiWcBIOYWn+aXa/m4wC3zIQ=,7FqjKlzJsX98N2/Bfqdst2z4TBY=
285,10,GuHYNiWcBIOYWn+aXa/m4wC3zIQ=,7FqjKlzJsX98N2/Bfqdst2z4TBY=
284,10,GuHYNiWcBIOYWn+aXa/m4wC3zIQ=,7FqjKlzJsX98N2/Bfqdst2z4TBY=
286,10,GuHYNiWcBIOYWn+aXa/m4wC3zIQ=,7FqjKlzJsX98N2/Bfqdst2z4TBY=
283,10,GuHYNiWcBIOYWn+aXa/m4wC3zIQ=,otIiIMwxm2CxhfD3k3DhAFrykbI=
283,9,GuHYNiWcBIOYWn+aXa/m4wC3zIQ=,otIiIMwxm2CxhfD3k3DhAFrykbI=
278,10,GuHYNiWcBIOYWn+aXa/m4wC3zIQ=,RPi/Wtp2W99iFY+cg1Z6OaToXpc=
280,10,GuHYNiWcBIOYWn+aXa/m4wC3zIQ=,otIiIMwxm2CxhfD3k3DhAFrykbI=
279,10,GuHYNiWcBIOYWn+aXa/m4wC3zIQ=,RPi/Wtp2W99iFY+cg1Z6OaToXpc=
277,9,GuHYNiWcBIOYWn+aXa/m4wC3zIQ=,RPi/Wtp2W99iFY+cg1Z6OaToXpc=
279,9,GuHYNiWcBIOYWn+aXa/m4wC3zIQ=,RPi/Wtp2W99iFY+cg1Z6OaToXpc=
278,9,GuHYNiWcBIOYWn+aXa/m4wC3zIQ=,RPi/Wtp2W99iFY+cg1Z6OaToXpc=
280,9,GuHYNiWcBIOYWn+aXa/m4wC3zIQ=,otIiIMwxm2CxhfD3k3DhAFrykbI=
277,10,GuHYNiWcBIOYWn+aXa/m4wC3zIQ=,RPi/Wtp2W99iFY+cg1Z6OaToXpc=
278,7,GuHYNiWcBIOYWn+aXa/m4wC3zIQ=,2irLqV0Gm5VX92tko2Kte7QHfak=
278,6,GuHYNiWcBIOYWn+aXa/m4wC3zIQ=,2irLqV0Gm5VX92tko2Kte7QHfak=
277,6,GuHYNiWcBIOYWn+aXa/m4wC3zIQ=,2irLqV0Gm5VX92tko2Kte7QHfak=
277,5,GuHYNiWcBIOYWn+aXa/m4wC3zIQ=,2irLqV0Gm5VX92tko2Kte7QHfak=
277,8,GuHYNiWcBIOYWn+aXa/m4wC3zIQ=,RPi/Wtp2W99iFY+cg1Z6OaToXpc=
278,8,GuHYNiWcBIOYWn+aXa/m4wC3zIQ=,RPi/Wtp2W99iFY+cg1Z6OaToXpc=
278,5,GuHYNiWcBIOYWn+aXa/m4wC3zIQ=,2irLqV0Gm5VX92tko2Kte7QHfak=
280,1,GuHYNiWcBIOYWn+aXa/m4wC3zIQ=,mGWm209MF5U7XM/ZN0b7JbVcY8k=
277,4,GuHYNiWcBIOYWn+aXa/m4wC3zIQ=,2irLqV0Gm5VX92tko2Kte7QHfak=
277,7,GuHYNiWcBIOYWn+aXa/m4wC3zIQ=,2irLqV0Gm5VX92tko2Kte7QHfak=
278,4,GuHYNiWcBIOYWn+aXa/m4wC3zIQ=,2irLqV0Gm5VX92tko2Kte7QHfak=
280,2,GuHYNiWcBIOYWn+aXa/m4wC3zIQ=,mGWm209MF5U7XM/ZN0b7JbVcY8k=
287,10,GuHYNiWcBIOYWn+aXa/m4wC3zIQ=,7FqjKlzJsX98N2/Bfqdst2z4TBY=
287,9,GuHYNiWcBIOYWn+aXa/m4wC3zIQ=,7FqjKlzJsX98N2/Bfqdst2z4TBY=
287,1,GuHYNiWcBIOYWn+aXa/m4wC3zIQ=,rgREcc0sF5xByi1W1g3m3cyF/8k=
287,2,GuHYNiWcBIOYWn+aXa/m4wC3zIQ=,rgREcc0sF5xByi1W1g3m3cyF/8k=
276,9,GuHYNiWcBIOYWn+aXa/m4wC3zIQ=,RPi/Wtp2W99iFY+cg1Z6OaToXpc=
276,8,GuHYNiWcBIOYWn+aXa/m4wC3zIQ=,RPi/Wtp2W99iFY+cg1Z6OaToXpc=
276,10,GuHYNiWcBIOYWn+aXa/m4wC3zIQ=,RPi/Wtp2W99iFY+cg1Z6OaToXpc=
276,7,GuHYNiWcBIOYWn+aXa/m4wC3zIQ=,2irLqV0Gm5VX92tko2Kte7QHfak=
276,5,GuHYNiWcBIOYWn+aXa/m4wC3zIQ=,2irLqV0Gm5VX92tko2Kte7QHfak=
278,11,GuHYNiWcBIOYWn+aXa/m4wC3zIQ=,RPi/Wtp2W99iFY+cg1Z6OaToXpc=
276,6,GuHYNiWcBIOYWn+aXa/m4wC3zIQ=,2irLqV0Gm5VX92tko2Kte7QHfak=
277,11,GuHYNiWcBIOYWn+aXa/m4wC3zIQ=,RPi/Wtp2W99iFY+cg1Z6OaToXpc=
284,0,GuHYNiWcBIOYWn+aXa/m4wC3zIQ=,rgREcc0sF5xByi1W1g3m3cyF/8k=
287,0,GuHYNiWcBIOYWn+aXa/m4wC3zIQ=,rgREcc0sF5xByi1W1g3m3cyF/8k=
285,0,GuHYNiWcBIOYWn+aXa/m4wC3zIQ=,rgREcc0sF5xByi1W1g3m3cyF/8k=
286,0,GuHYNiWcBIOYWn+aXa/m4wC3zIQ=,rgREcc0sF5xByi1W1g3m3cyF/8k=
282,11,GuHYNiWcBIOYWn+aXa/m4wC3zIQ=,otIiIMwxm2CxhfD3k3DhAFrykbI=
279,11,GuHYNiWcBIOYWn+aXa/m4wC3zIQ=,RPi/Wtp2W99iFY+cg1Z6OaToXpc=
283,0,GuHYNiWcBIOYWn+aXa/m4wC3zIQ=,mGWm209MF5U7XM/ZN0b7JbVcY8k=
280,11,GuHYNiWcBIOYWn+aXa/m4wC3zIQ=,otIiIMwxm2CxhfD3k3DhAFrykbI=
281,11,GuHYNiWcBIOYWn+aXa/m4wC3zIQ=,otIiIMwxm2CxhfD3k3DhAFrykbI=
283,11,GuHYNiWcBIOYWn+aXa/m4wC3zIQ=,otIiIMwxm2CxhfD3k3DhAFrykbI=
284,11,GuHYNiWcBIOYWn+aXa/m4wC3zIQ=,7FqjKlzJsX98N2/Bfqdst2z4TBY=
285,11,GuHYNiWcBIOYWn+aXa/m4wC3zIQ=,7FqjKlzJsX98N2/Bfqdst2z4TBY=
276,11,GuHYNiWcBIOYWn+aXa/m4wC3zIQ=,RPi/Wtp2W99iFY+cg1Z6OaToXpc=
286,11,GuHYNiWcBIOYWn+aXa/m4wC3zIQ=,7FqjKlzJsX98N2/Bfqdst2z4TBY=
287,11,GuHYNiWcBIOYWn+aXa/m4wC3zIQ=,7FqjKlzJsX98N2/Bfqdst2z4TBY=
280,0,GuHYNiWcBIOYWn+aXa/m4wC3zIQ=,mGWm209MF5U7XM/ZN0b7JbVcY8k=
276,4,GuHYNiWcBIOYWn+aXa/m4wC3zIQ=,2irLqV0Gm5VX92tko2Kte7QHfak=
287,4,GuHYNiWcBIOYWn+aXa/m4wC3zIQ=,g3IppBIiyqo0ZNu1JxAhU54lXAw=
287,8,GuHYNiWcBIOYWn+aXa/m4wC3zIQ=,7FqjKlzJsX98N2/Bfqdst2z4TBY=
280,3,GuHYNiWcBIOYWn+aXa/m4wC3zIQ=,mGWm209MF5U7XM/ZN0b7JbVcY8k=
279,4,GuHYNiWcBIOYWn+aXa/m4wC3zIQ=,2irLqV0Gm5VX92tko2Kte7QHfak=
286,8,GuHYNiWcBIOYWn+aXa/m4wC3zIQ=,7FqjKlzJsX98N2/Bfqdst2z4TBY=
279,8,GuHYNiWcBIOYWn+aXa/m4wC3zIQ=,RPi/Wtp2W99iFY+cg1Z6OaToXpc=
287,6,GuHYNiWcBIOYWn+aXa/m4wC3zIQ=,g3IppBIiyqo0ZNu1JxAhU54lXAw=
285,7,GuHYNiWcBIOYWn+aXa/m4wC3zIQ=,g3IppBIiyqo0ZNu1JxAhU54lXAw=
285,8,GuHYNiWcBIOYWn+aXa/m4wC3zIQ=,7FqjKlzJsX98N2/Bfqdst2z4TBY=
284,3,GuHYNiWcBIOYWn+aXa/m4wC3zIQ=,rgREcc0sF5xByi1W1g3m3cyF/8k=
284,7,GuHYNiWcBIOYWn+aXa/m4wC3zIQ=,g3IppBIiyqo0ZNu1JxAhU54lXAw=
281,3,GuHYNiWcBIOYWn+aXa/m4wC3zIQ=,mGWm209MF5U7XM/ZN0b7JbVcY8k=
282,3,GuHYNiWcBIOYWn+aXa/m4wC3zIQ=,mGWm209MF5U7XM/ZN0b7JbVcY8k=
283,3,GuHYNiWcBIOYWn+aXa/m4wC3zIQ=,mGWm209MF5U7XM/ZN0b7JbVcY8k=
286,7,GuHYNiWcBIOYWn+aXa/m4wC3zIQ=,g3IppBIiyqo0ZNu1JxAhU54lXAw=
283,7,GuHYNiWcBIOYWn+aXa/m4wC3zIQ=,CBYqtLZW669Cvq3LbAEyJBTaEaI=
286,6,GuHYNiWcBIOYWn+aXa/m4wC3zIQ=,g3IppBIiyqo0ZNu1JxAhU54lXAw=
285,3,GuHYNiWcBIOYWn+aXa/m4wC3zIQ=,rgREcc0sF5xByi1W1g3m3cyF/8k=
286,4,GuHYNiWcBIOYWn+aXa/m4wC3zIQ=,g3IppBIiyqo0ZNu1JxAhU54lXAw=
282,8,GuHYNiWcBIOYWn+aXa/m4wC3zIQ=,otIiIMwxm2CxhfD3k3DhAFrykbI=
279,6,GuHYNiWcBIOYWn+aXa/m4wC3zIQ=,2irLqV0Gm5VX92tko2Kte7QHfak=
284,8,GuHYNiWcBIOYWn+aXa/m4wC3zIQ=,7FqjKlzJsX98N2/Bfqdst2z4TBY=
287,7,GuHYNiWcBIOYWn+aXa/m4wC3zIQ=,g3IppBIiyqo0ZNu1JxAhU54lXAw=
284,6,GuHYNiWcBIOYWn+aXa/m4wC3zIQ=,g3IppBIiyqo0ZNu1JxAhU54lXAw=
282,7,GuHYNiWcBIOYWn+aXa/m4wC3zIQ=,CBYqtLZW669Cvq3LbAEyJBTaEaI=
284,4,GuHYNiWcBIOYWn+aXa/m4wC3zIQ=,g3IppBIiyqo0ZNu1JxAhU54lXAw=
287,5,GuHYNiWcBIOYWn+aXa/m4wC3zIQ=,g3IppBIiyqo0ZNu1JxAhU54lXAw=
283,8,GuHYNiWcBIOYWn+aXa/m4wC3zIQ=,otIiIMwxm2CxhfD3k3DhAFrykbI=
285,4,GuHYNiWcBIOYWn+aXa/m4wC3zIQ=,g3IppBIiyqo0ZNu1JxAhU54lXAw=
280,4,GuHYNiWcBIOYWn+aXa/m4wC3zIQ=,CBYqtLZW669Cvq3LbAEyJBTaEaI=
287,3,GuHYNiWcBIOYWn+aXa/m4wC3zIQ=,rgREcc0sF5xByi1W1g3m3cyF/8k=
286,3,GuHYNiWcBIOYWn+aXa/m4wC3zIQ=,rgREcc0sF5xByi1W1g3m3cyF/8k=
281,4,GuHYNiWcBIOYWn+aXa/m4wC3zIQ=,CBYqtLZW669Cvq3LbAEyJBTaEaI=
286,5,GuHYNiWcBIOYWn+aXa/m4wC3zIQ=,g3IppBIiyqo0ZNu1JxAhU54lXAw=
279,5,GuHYNiWcBIOYWn+aXa/m4wC3zIQ=,2irLqV0Gm5VX92tko2Kte7QHfak=
280,8,GuHYNiWcBIOYWn+aXa/m4wC3zIQ=,otIiIMwxm2CxhfD3k3DhAFrykbI=
285,6,GuHYNiWcBIOYWn+aXa/m4wC3zIQ=,g3IppBIiyqo0ZNu1JxAhU54lXAw=
282,4,GuHYNiWcBIOYWn+aXa/m4wC3zIQ=,CBYqtLZW669Cvq3LbAEyJBTaEaI=
285,5,GuHYNiWcBIOYWn+aXa/m4wC3zIQ=,g3IppBIiyqo0ZNu1JxAhU54lXAw=
283,4,GuHYNiWcBIOYWn+aXa/m4wC3zIQ=,CBYqtLZW669Cvq3LbAEyJBTaEaI=
280,7,GuHYNiWcBIOYWn+aXa/m4wC3zIQ=,CBYqtLZW669Cvq3LbAEyJBTaEaI=
280,5,GuHYNiWcBIOYWn+aXa/m4wC3zIQ=,CBYqtLZW669Cvq3LbAEyJBTaEaI=
281,7,GuHYNiWcBIOYWn+aXa/m4wC3zIQ=,CBYqtLZW669Cvq3LbAEyJBTaEaI=
280,6,GuHYNiWcBIOYWn+aXa/m4wC3zIQ=,CBYqtLZW669Cvq3LbAEyJBTaEaI=
282,6,GuHYNiWcBIOYWn+aXa/m4wC3zIQ=,CBYqtLZW669Cvq3LbAEyJBTaEaI=
281,6,GuHYNiWcBIOYWn+aXa/m4wC3zIQ=,CBYqtLZW669Cvq3LbAEyJBTaEaI=
283,6,GuHYNiWcBIOYWn+aXa/m4wC3zIQ=,CBYqtLZW669Cvq3LbAEyJBTaEaI=
279,7,GuHYNiWcBIOYWn+aXa/m4wC3zIQ=,2irLqV0Gm5VX92tko2Kte7QHfak=
281,8,GuHYNiWcBIOYWn+aXa/m4wC3zIQ=,otIiIMwxm2CxhfD3k3DhAFrykbI=
281,5,GuHYNiWcBIOYWn+aXa/m4wC3zIQ=,CBYqtLZW669Cvq3LbAEyJBTaEaI=
282,5,GuHYNiWcBIOYWn+aXa/m4wC3zIQ=,CBYqtLZW669Cvq3LbAEyJBTaEaI=
283,5,GuHYNiWcBIOYWn+aXa/m4wC3zIQ=,CBYqtLZW669Cvq3LbAEyJBTaEaI=
284,5,GuHYNiWcBIOYWn+aXa/m4wC3zIQ=,g3IppBIiyqo0ZNu1JxAhU54lXAw=
