52,8,JlsB77wdv4fkIpva1/QwIfKCJt8=,ahUBPM/0l6CuZtEm4KhB9pk0yZk=
49,11,JlsB77wdv4fkIpva1/QwIfKCJt8=,ahUBPM/0l6CuZtEm4KhB9pk0yZk=
53,14,JlsB77wdv4fkIpva1/QwIfKCJt8=,ahUBPM/0l6CuZtEm4KhB9pk0yZk=
49,8,JlsB77wdv4fkIpva1/QwIfKCJt8=,ahUBPM/0l6CuZtEm4KhB9pk0yZk=
49,12,JlsB77wdv4fkIpva1/QwIfKCJt8=,ahUBPM/0l6CuZtEm4KhB9pk0yZk=
48,12,JlsB77wdv4fkIpva1/QwIfKCJt8=,ahUBPM/0l6CuZtEm4KhB9pk0yZk=
48,11,JlsB77wdv4fkIpva1/QwIfKCJt8=,ahUBPM/0l6CuZtEm4KhB9pk0yZk=
55,11,JlsB77wdv4fkIpva1/QwIfKCJt8=,ahUBPM/0l6CuZtEm4KhB9pk0yZk=
53,13,JlsB77wdv4fkIpva1/QwIfKCJt8=,ahUBPM/0l6CuZtEm4KhB9pk0yZk=
51,9,JlsB77wdv4fkIpva1/QwIfKCJt8=,ahUBPM/0l6CuZtEm4KhB9pk0yZk=
52,14,JlsB77wdv4fkIpva1/QwIfKCJt8=,ahUBPM/0l6CuZtEm4KhB9pk0yZk=
52,13,JlsB77wdv4fkIpva1/QwIfKCJt8=,ahUBPM/0l6CuZtEm4KhB9pk0yZk=
51,14,JlsB77wdv4fkIpva1/QwIfKCJt8=,ahUBPM/0l6CuZtEm4KhB9pk0yZk=
49,15,JlsB77wdv4fkIpva1/QwIfKCJt8=,ahUBPM/0l6CuZtEm4KhB9pk0yZk=
55,12,JlsB77wdv4fkIpva1/QwIfKCJt8=,ahUBPM/0l6CuZtEm4KhB9pk0yZk=
50,9,JlsB77wdv4fkIpva1/QwIfKCJt8=,ahUBPM/0l6CuZtEm4KhB9pk0yZk=
54,11,JlsB77wdv4fkIpva1/QwIfKCJt8=,ahUBPM/0l6CuZtEm4KhB9pk0yZk=
51,10,JlsB77wdv4fkIpva1/QwIfKCJt8=,ahUBPM/0l6CuZtEm4KhB9pk0yZk=
48,8,JlsB77wdv4fkIpva1/QwIfKCJt8=,ahUBPM/0l6CuZtEm4KhB9pk0yZk=
55,10,JlsB77wdv4fkIpva1/QwIfKCJt8=,ahUBPM/0l6CuZtEm4KhB9pk0yZk=
53,11,JlsB77wdv4fkIpva1/QwIfKCJt8=,ahUBPM/0l6CuZtEm4KhB9pk0yZk=
51,13,JlsB77wdv4fkIpva1/QwIfKCJt8=,ahUBPM/0l6CuZtEm4KhB9pk0yZk=
49,9,JlsB77wdv4fkIpva1/QwIfKCJt8=,ahUBPM/0l6CuZtEm4KhB9pk0yZk=
50,14,JlsB77wdv4fkIpva1/QwIfKCJt8=,ahUBPM/0l6CuZtEm4KhB9pk0yZk=
54,10,JlsB77wdv4fkIpva1/QwIfKCJt8=,ahUBPM/0l6CuZtEm4KhB9pk0yZk=
54,12,JlsB77wdv4fkIpva1/QwIfKCJt8=,ahUBPM/0l6CuZtEm4KhB9pk0yZk=
50,13,JlsB77wdv4fkIpva1/QwIfKCJt8=,ahUBPM/0l6CuZtEm4KhB9pk0yZk=
53,10,JlsB77wdv4fkIpva1/QwIfKCJt8=,ahUBPM/0l6CuZtEm4KhB9pk0yZk=
50,10,JlsB77wdv4fkIpva1/QwIfKCJt8=,ahUBPM/0l6CuZtEm4KhB9pk0yZk=
49,14,JlsB77wdv4fkIpva1/QwIfKCJt8=,ahUBPM/0l6CuZtEm4KhB9pk0yZk=
53,12,JlsB77wdv4fkIpva1/QwIfKCJt8=,ahUBPM/0l6CuZtEm4KhB9pk0yZk=
52,12,JlsB77wdv4fkIpva1/QwIfKCJt8=,ahUBPM/0l6CuZtEm4KhB9pk0yZk=
49,13,JlsB77wdv4fkIpva1/QwIfKCJt8=,ahUBPM/0l6CuZtEm4KhB9pk0yZk=
52,10,JlsB77wdv4fkIpva1/QwIfKCJt8=,ahUBPM/0l6CuZtEm4KhB9pk0yZk=
48,9,JlsB77wdv4fkIpva1/QwIfKCJt8=,ahUBPM/0l6CuZtEm4KhB9pk0yZk=
49,10,JlsB77wdv4fkIpva1/QwIfKCJt8=,ahUBPM/0l6CuZtEm4KhB9pk0yZk=
55,8,JlsB77wdv4fkIpva1/QwIfKCJt8=,ahUBPM/0l6CuZtEm4KhB9pk0yZk=
48,10,JlsB77wdv4fkIpva1/QwIfKCJt8=,ahUBPM/0l6CuZtEm4KhB9pk0yZk=
48,15,JlsB77wdv4fkIpva1/QwIfKCJt8=,ahUBPM/0l6CuZtEm4KhB9pk0yZk=
51,12,JlsB77wdv4fkIpva1/QwIfKCJt8=,ahUBPM/0l6CuZtEm4KhB9pk0yZk=
52,11,JlsB77wdv4fkIpva1/QwIfKCJt8=,ahUBPM/0l6CuZtEm4KhB9pk0yZk=
51,11,JlsB77wdv4fkIpva1/QwIfKCJt8=,ahUBPM/0l6CuZtEm4KhB9pk0yZk=
51,8,JlsB77wdv4fkIpva1/QwIfKCJt8=,ahUBPM/0l6CuZtEm4KhB9pk0yZk=
50,11,JlsB77wdv4fkIpva1/QwIfKCJt8=,ahUBPM/0l6CuZtEm4KhB9pk0yZk=
55,9,JlsB77wdv4fkIpva1/QwIfKCJt8=,ahUBPM/0l6CuZtEm4KhB9pk0yZk=
50,12,JlsB77wdv4fkIpva1/QwIfKCJt8=,ahUBPM/0l6CuZtEm4KhB9pk0yZk=
50,8,JlsB77wdv4fkIpva1/QwIfKCJt8=,ahUBPM/0l6CuZtEm4KhB9pk0yZk=
48,13,JlsB77wdv4fkIpva1/QwIfKCJt8=,ahUBPM/0l6CuZtEm4KhB9pk0yZk=
55,13,JlsB77wdv4fkIpva1/QwIfKCJt8=,ahUBPM/0l6CuZtEm4KhB9pk0yZk=
54,9,JlsB77wdv4fkIpva1/QwIfKCJt8=,ahUBPM/0l6CuZtEm4KhB9pk0yZk=
54,13,JlsB77wdv4fkIpva1/QwIfKCJt8=,ahUBPM/0l6CuZtEm4KhB9pk0yZk=
54,8,JlsB77wdv4fkIpva1/QwIfKCJt8=,ahUBPM/0l6CuZtEm4KhB9pk0yZk=
48,14,JlsB77wdv4fkIpva1/QwIfKCJt8=,ahUBPM/0l6CuZtEm4KhB9pk0yZk=
53,8,JlsB77wdv4fkIpva1/QwIfKCJt8=,ahUBPM/0l6CuZtEm4KhB9pk0yZk=
55,14,JlsB77wdv4fkIpva1/QwIfKCJt8=,ahUBPM/0l6CuZtEm4KhB9pk0yZk=
50,15,JlsB77wdv4fkIpva1/QwIfKCJt8=,ahUBPM/0l6CuZtEm4KhB9pk0yZk=
53,15,JlsB77wdv4fkIpva1/QwIfKCJt8=,ahUBPM/0l6CuZtEm4KhB9pk0yZk=
51,15,JlsB77wdv4fkIpva1/QwIfKCJt8=,ahUBPM/0l6CuZtEm4KhB9pk0yZk=
55,15,JlsB77wdv4fkIpva1/QwIfKCJt8=,ahUBPM/0l6CuZtEm4KhB9pk0yZk=
53,9,JlsB77wdv4fkIpva1/QwIfKCJt8=,ahUBPM/0l6CuZtEm4KhB9pk0yZk=
52,9,JlsB77wdv4fkIpva1/QwIfKCJt8=,ahUBPM/0l6CuZtEm4KhB9pk0yZk=
54,14,JlsB77wdv4fkIpva1/QwIfKCJt8=,ahUBPM/0l6CuZtEm4KhB9pk0yZk=
52,15,JlsB77wdv4fkIpva1/QwIfKCJt8=,ahUBPM/0l6CuZtEm4KhB9pk0yZk=
54,15,JlsB77wdv4fkIpva1/QwIfKCJt8=,ahUBPM/0l6CuZtEm4KhB9pk0yZk=
44,3,ktNXsKwuGHxLxVbK7LzD8Dm14OM=,cKl+b+73J6sc5FvMW+lFxwvHh4Q=
45,3,ktNXsKwuGHxLxVbK7LzD8Dm14OM=,cKl+b+73J6sc5FvMW+lFxwvHh4Q=
43,3,ktNXsKwuGHxLxVbK7LzD8Dm14OM=,cKl+b+73J6sc5FvMW+lFxwvHh4Q=
42,3,ktNXsKwuGHxLxVbK7LzD8Dm14OM=,cKl+b+73J6sc5FvMW+lFxwvHh4Q=
46,3,ktNXsKwuGHxLxVbK7LzD8Dm14OM=,cKl+b+73J6sc5FvMW+lFxwvHh4Q=
41,3,ktNXsKwuGHxLxVbK7LzD8Dm14OM=,cKl+b+73J6sc5FvMW+lFxwvHh4Q=
45,2,ktNXsKwuGHxLxVbK7LzD8Dm14OM=,cKl+b+73J6sc5FvMW+lFxwvHh4Q=
44,2,ktNXsKwuGHxLxVbK7LzD8Dm14OM=,cKl+b+73J6sc5FvMW+lFxwvHh4Q=
46,2,ktNXsKwuGHxLxVbK7LzD8Dm14OM=,cKl+b+73J6sc5FvMW+lFxwvHh4Q=
43,2,ktNXsKwuGHxLxVbK7LzD8Dm14OM=,cKl+b+73J6sc5FvMW+lFxwvHh4Q=
42,2,ktNXsKwuGHxLxVbK7LzD8Dm14OM=,cKl+b+73J6sc5FvMW+lFxwvHh4Q=
41,2,ktNXsKwuGHxLxVbK7LzD8Dm14OM=,cKl+b+73J6sc5FvMW+lFxwvHh4Q=
46,1,ktNXsKwuGHxLxVbK7LzD8Dm14OM=,cKl+b+73J6sc5FvMW+lFxwvHh4Q=
45,1,ktNXsKwuGHxLxVbK7LzD8Dm14OM=,cKl+b+73J6sc5FvMW+lFxwvHh4Q=
44,1,ktNXsKwuGHxLxVbK7LzD8Dm14OM=,cKl+b+73J6sc5FvMW+lFxwvHh4Q=
43,1,ktNXsKwuGHxLxVbK7LzD8Dm14OM=,cKl+b+73J6sc5FvMW+lFxwvHh4Q=
42,1,ktNXsKwuGHxLxVbK7LzD8Dm14OM=,cKl+b+73J6sc5FvMW+lFxwvHh4Q=
46,6,ktNXsKwuGHxLxVbK7LzD8Dm14OM=,cKl+b+73J6sc5FvMW+lFxwvHh4Q=
41,1,ktNXsKwuGHxLxVbK7LzD8Dm14OM=,cKl+b+73J6sc5FvMW+lFxwvHh4Q=
45,6,ktNXsKwuGHxLxVbK7LzD8Dm14OM=,cKl+b+73J6sc5FvMW+lFxwvHh4Q=
44,6,ktNXsKwuGHxLxVbK7LzD8Dm14OM=,cKl+b+73J6sc5FvMW+lFxwvHh4Q=
43,6,ktNXsKwuGHxLxVbK7LzD8Dm14OM=,cKl+b+73J6sc5FvMW+lFxwvHh4Q=
42,6,ktNXsKwuGHxLxVbK7LzD8Dm14OM=,cKl+b+73J6sc5FvMW+lFxwvHh4Q=
41,6,ktNXsKwuGHxLxVbK7LzD8Dm14OM=,cKl+b+73J6sc5FvMW+lFxwvHh4Q=
46,5,ktNXsKwuGHxLxVbK7LzD8Dm14OM=,cKl+b+73J6sc5FvMW+lFxwvHh4Q=
45,5,ktNXsKwuGHxLxVbK7LzD8Dm14OM=,cKl+b+73J6sc5FvMW+lFxwvHh4Q=
44,5,ktNXsKwuGHxLxVbK7LzD8Dm14OM=,cKl+b+73J6sc5FvMW+lFxwvHh4Q=
43,5,ktNXsKwuGHxLxVbK7LzD8Dm14OM=,cKl+b+73J6sc5FvMW+lFxwvHh4Q=
42,5,ktNXsKwuGHxLxVbK7LzD8Dm14OM=,cKl+b+73J6sc5FvMW+lFxwvHh4Q=
46,4,ktNXsKwuGHxLxVbK7LzD8Dm14OM=,cKl+b+73J6sc5FvMW+lFxwvHh4Q=
45,4,ktNXsKwuGHxLxVbK7LzD8Dm14OM=,cKl+b+73J6sc5FvMW+lFxwvHh4Q=
44,4,ktNXsKwuGHxLxVbK7LzD8Dm14OM=,cKl+b+73J6sc5FvMW+lFxwvHh4Q=
43,4,ktNXsKwuGHxLxVbK7LzD8Dm14OM=,cKl+b+73J6sc5FvMW+lFxwvHh4Q=
42,4,ktNXsKwuGHxLxVbK7LzD8Dm14OM=,cKl+b+73J6sc5FvMW+lFxwvHh4Q=
47,3,ktNXsKwuGHxLxVbK7LzD8Dm14OM=,cKl+b+73J6sc5FvMW+lFxwvHh4Q=
47,4,ktNXsKwuGHxLxVbK7LzD8Dm14OM=,cKl+b+73J6sc5FvMW+lFxwvHh4Q=
47,5,ktNXsKwuGHxLxVbK7LzD8Dm14OM=,cKl+b+73J6sc5FvMW+lFxwvHh4Q=
47,1,ktNXsKwuGHxLxVbK7LzD8Dm14OM=,cKl+b+73J6sc5FvMW+lFxwvHh4Q=
47,6,ktNXsKwuGHxLxVbK7LzD8Dm14OM=,cKl+b+73J6sc5FvMW+lFxwvHh4Q=
47,2,ktNXsKwuGHxLxVbK7LzD8Dm14OM=,cKl+b+73J6sc5FvMW+lFxwvHh4Q=
41,4,ktNXsKwuGHxLxVbK7LzD8Dm14OM=,cKl+b+73J6sc5FvMW+lFxwvHh4Q=
44,13,6I7Fo6xYdLkWodVrg7XND5QNyY8=,6f/nWYEnjEp8n7GkMAUARxZ+JJ4=
41,5,ktNXsKwuGHxLxVbK7LzD8Dm14OM=,cKl+b+73J6sc5FvMW+lFxwvHh4Q=
45,13,6I7Fo6xYdLkWodVrg7XND5QNyY8=,6f/nWYEnjEp8n7GkMAUARxZ+JJ4=
46,13,6I7Fo6xYdLkWodVrg7XND5QNyY8=,6f/nWYEnjEp8n7GkMAUARxZ+JJ4=
47,13,6I7Fo6xYdLkWodVrg7XND5QNyY8=,6f/nWYEnjEp8n7GkMAUARxZ+JJ4=
41,8,6I7Fo6xYdLkWodVrg7XND5QNyY8=,6f/nWYEnjEp8n7GkMAUARxZ+JJ4=
42,8,6I7Fo6xYdLkWodVrg7XND5QNyY8=,6f/nWYEnjEp8n7GkMAUARxZ+JJ4=
44,8,6I7Fo6xYdLkWodVrg7XND5QNyY8=,6f/nWYEnjEp8n7GkMAUARxZ+JJ4=
43,8,6I7Fo6xYdLkWodVrg7XND5QNyY8=,6f/nWYEnjEp8n7GkMAUARxZ+JJ4=
45,8,6I7Fo6xYdLkWodVrg7XND5QNyY8=,6f/nWYEnjEp8n7GkMAUARxZ+JJ4=
46,8,6I7Fo6xYdLkWodVrg7XND5QNyY8=,6f/nWYEnjEp8n7GkMAUARxZ+JJ4=
47,8,6I7Fo6xYdLkWodVrg7XND5QNyY8=,6f/nWYEnjEp8n7GkMAUARxZ+JJ4=
41,9,6I7Fo6xYdLkWodVrg7XND5QNyY8=,6f/nWYEnjEp8n7GkMAUARxZ+JJ4=
42,9,6I7Fo6xYdLkWodVrg7XND5QNyY8=,6f/nWYEnjEp8n7GkMAUARxZ+JJ4=
43,9,6I7Fo6xYdLkWodVrg7XND5QNyY8=,6f/nWYEnjEp8n7GkMAUARxZ+JJ4=
44,9,6I7Fo6xYdLkWodVrg7XND5QNyY8=,6f/nWYEnjEp8n7GkMAUARxZ+JJ4=
47,7,ktNXsKwuGHxLxVbK7LzD8Dm14OM=,cKl+b+73J6sc5FvMW+lFxwvHh4Q=
41,14,6I7Fo6xYdLkWodVrg7XND5QNyY8=,6f/nWYEnjEp8n7GkMAUARxZ+JJ4=
45,9,6I7Fo6xYdLkWodVrg7XND5QNyY8=,6f/nWYEnjEp8n7GkMAUARxZ+JJ4=
42,14,6I7Fo6xYdLkWodVrg7XND5QNyY8=,6f/nWYEnjEp8n7GkMAUARxZ+JJ4=
43,14,6I7Fo6xYdLkWodVrg7XND5QNyY8=,6f/nWYEnjEp8n7GkMAUARxZ+JJ4=
43,13,6I7Fo6xYdLkWodVrg7XND5QNyY8=,6f/nWYEnjEp8n7GkMAUARxZ+JJ4=
46,7,ktNXsKwuGHxLxVbK7LzD8Dm14OM=,cKl+b+73J6sc5FvMW+lFxwvHh4Q=
42,13,6I7Fo6xYdLkWodVrg7XND5QNyY8=,6f/nWYEnjEp8n7GkMAUARxZ+JJ4=
45,7,ktNXsKwuGHxLxVbK7LzD8Dm14OM=,cKl+b+73J6sc5FvMW+lFxwvHh4Q=
44,7,ktNXsKwuGHxLxVbK7LzD8Dm14OM=,cKl+b+73J6sc5FvMW+lFxwvHh4Q=
43,7,ktNXsKwuGHxLxVbK7LzD8Dm14OM=,cKl+b+73J6sc5FvMW+lFxwvHh4Q=
42,7,ktNXsKwuGHxLxVbK7LzD8Dm14OM=,cKl+b+73J6sc5FvMW+lFxwvHh4Q=
47,12,6I7Fo6xYdLkWodVrg7XND5QNyY8=,6f/nWYEnjEp8n7GkMAUARxZ+JJ4=
41,7,ktNXsKwuGHxLxVbK7LzD8Dm14OM=,cKl+b+73J6sc5FvMW+lFxwvHh4Q=
46,12,6I7Fo6xYdLkWodVrg7XND5QNyY8=,6f/nWYEnjEp8n7GkMAUARxZ+JJ4=
45,12,6I7Fo6xYdLkWodVrg7XND5QNyY8=,6f/nWYEnjEp8n7GkMAUARxZ+JJ4=
44,12,6I7Fo6xYdLkWodVrg7XND5QNyY8=,6f/nWYEnjEp8n7GkMAUARxZ+JJ4=
43,12,6I7Fo6xYdLkWodVrg7XND5QNyY8=,6f/nWYEnjEp8n7GkMAUARxZ+JJ4=
42,12,6I7Fo6xYdLkWodVrg7XND5QNyY8=,6f/nWYEnjEp8n7GkMAUARxZ+JJ4=
41,12,6I7Fo6xYdLkWodVrg7XND5QNyY8=,6f/nWYEnjEp8n7GkMAUARxZ+JJ4=
44,14,6I7Fo6xYdLkWodVrg7XND5QNyY8=,6f/nWYEnjEp8n7GkMAUARxZ+JJ4=
46,9,6I7Fo6xYdLkWodVrg7XND5QNyY8=,6f/nWYEnjEp8n7GkMAUARxZ+JJ4=
47,9,6I7Fo6xYdLkWodVrg7XND5QNyY8=,6f/nWYEnjEp8n7GkMAUARxZ+JJ4=
41,13,6I7Fo6xYdLkWodVrg7XND5QNyY8=,6f/nWYEnjEp8n7GkMAUARxZ+JJ4=
45,14,6I7Fo6xYdLkWodVrg7XND5QNyY8=,6f/nWYEnjEp8n7GkMAUARxZ+JJ4=
41,10,6I7Fo6xYdLkWodVrg7XND5QNyY8=,6f/nWYEnjEp8n7GkMAUARxZ+JJ4=
42,10,6I7Fo6xYdLkWodVrg7XND5QNyY8=,6f/nWYEnjEp8n7GkMAUARxZ+JJ4=
46,14,6I7Fo6xYdLkWodVrg7XND5QNyY8=,6f/nWYEnjEp8n7GkMAUARxZ+JJ4=
43,10,6I7Fo6xYdLkWodVrg7XND5QNyY8=,6f/nWYEnjEp8n7GkMAUARxZ+JJ4=
44,10,6I7Fo6xYdLkWodVrg7XND5QNyY8=,6f/nWYEnjEp8n7GkMAUARxZ+JJ4=
47,14,6I7Fo6xYdLkWodVrg7XND5QNyY8=,6f/nWYEnjEp8n7GkMAUARxZ+JJ4=
45,10,6I7Fo6xYdLkWodVrg7XND5QNyY8=,6f/nWYEnjEp8n7GkMAUARxZ+JJ4=
46,10,6I7Fo6xYdLkWodVrg7XND5QNyY8=,6f/nWYEnjEp8n7GkMAUARxZ+JJ4=
47,10,6I7Fo6xYdLkWodVrg7XND5QNyY8=,6f/nWYEnjEp8n7GkMAUARxZ+JJ4=
41,11,6I7Fo6xYdLkWodVrg7XND5QNyY8=,6f/nWYEnjEp8n7GkMAUARxZ+JJ4=
42,11,6I7Fo6xYdLkWodVrg7XND5QNyY8=,6f/nWYEnjEp8n7GkMAUARxZ+JJ4=
43,11,6I7Fo6xYdLkWodVrg7XND5QNyY8=,6f/nWYEnjEp8n7GkMAUARxZ+JJ4=
44,11,6I7Fo6xYdLkWodVrg7XND5QNyY8=,6f/nWYEnjEp8n7GkMAUARxZ+JJ4=
45,11,6I7Fo6xYdLkWodVrg7XND5QNyY8=,6f/nWYEnjEp8n7GkMAUARxZ+JJ4=
46,11,6I7Fo6xYdLkWodVrg7XND5QNyY8=,6f/nWYEnjEp8n7GkMAUARxZ+JJ4=
47,11,6I7Fo6xYdLkWodVrg7XND5QNyY8=,6f/nWYEnjEp8n7GkMAUARxZ+JJ4=
41,0,ktNXsKwuGHxLxVbK7LzD8Dm14OM=,cKl+b+73J6sc5FvMW+lFxwvHh4Q=
42,0,ktNXsKwuGHxLxVbK7LzD8Dm14OM=,cKl+b+73J6sc5FvMW+lFxwvHh4Q=
43,0,ktNXsKwuGHxLxVbK7LzD8Dm14OM=,cKl+b+73J6sc5FvMW+lFxwvHh4Q=
44,0,ktNXsKwuGHxLxVbK7LzD8Dm14OM=,cKl+b+73J6sc5FvMW+lFxwvHh4Q=
45,0,ktNXsKwuGHxLxVbK7LzD8Dm14OM=,cKl+b+73J6sc5FvMW+lFxwvHh4Q=
46,0,ktNXsKwuGHxLxVbK7LzD8Dm14OM=,cKl+b+73J6sc5FvMW+lFxwvHh4Q=
46,15,6I7Fo6xYdLkWodVrg7XND5QNyY8=,6f/nWYEnjEp8n7GkMAUARxZ+JJ4=
45,15,6I7Fo6xYdLkWodVrg7XND5QNyY8=,6f/nWYEnjEp8n7GkMAUARxZ+JJ4=
47,15,6I7Fo6xYdLkWodVrg7XND5QNyY8=,6f/nWYEnjEp8n7GkMAUARxZ+JJ4=
41,15,6I7Fo6xYdLkWodVrg7XND5QNyY8=,6f/nWYEnjEp8n7GkMAUARxZ+JJ4=
47,0,ktNXsKwuGHxLxVbK7LzD8Dm14OM=,cKl+b+73J6sc5FvMW+lFxwvHh4Q=
42,15,6I7Fo6xYdLkWodVrg7XND5QNyY8=,6f/nWYEnjEp8n7GkMAUARxZ+JJ4=
44,15,6I7Fo6xYdLkWodVrg7XND5QNyY8=,6f/nWYEnjEp8n7GkMAUARxZ+JJ4=
43,15,6I7Fo6xYdLkWodVrg7XND5QNyY8=,6f/nWYEnjEp8n7GkMAUARxZ+JJ4=
36,15,6I7Fo6xYdLkWodVrg7XND5QNyY8=,tX48U5J6h1/PIdheGKGxkCYMs9M=
36,1,ktNXsKwuGHxLxVbK7LzD8Dm14OM=,eKReFUkbiKobPhTsmKxqi+Z3r8U=
37,15,6I7Fo6xYdLkWodVrg7XND5QNyY8=,tX48U5J6h1/PIdheGKGxkCYMs9M=
38,15,6I7Fo6xYdLkWodVrg7XND5QNyY8=,tX48U5J6h1/PIdheGKGxkCYMs9M=
39,15,6I7Fo6xYdLkWodVrg7XND5QNyY8=,tX48U5J6h1/PIdheGKGxkCYMs9M=
32,9,6I7Fo6xYdLkWodVrg7XND5QNyY8=,tX48U5J6h1/PIdheGKGxkCYMs9M=
36,7,ktNXsKwuGHxLxVbK7LzD8Dm14OM=,eKReFUkbiKobPhTsmKxqi+Z3r8U=
33,9,6I7Fo6xYdLkWodVrg7XND5QNyY8=,tX48U5J6h1/PIdheGKGxkCYMs9M=
40,14,6I7Fo6xYdLkWodVrg7XND5QNyY8=,6f/nWYEnjEp8n7GkMAUARxZ+JJ4=
37,7,ktNXsKwuGHxLxVbK7LzD8Dm14OM=,eKReFUkbiKobPhTsmKxqi+Z3r8U=
34,9,6I7Fo6xYdLkWodVrg7XND5QNyY8=,tX48U5J6h1/PIdheGKGxkCYMs9M=
37,1,ktNXsKwuGHxLxVbK7LzD8Dm14OM=,eKReFUkbiKobPhTsmKxqi+Z3r8U=
38,1,ktNXsKwuGHxLxVbK7LzD8Dm14OM=,eKReFUkbiKobPhTsmKxqi+Z3r8U=
32,0,ktNXsKwuGHxLxVbK7LzD8Dm14OM=,eKReFUkbiKobPhTsmKxqi+Z3r8U=
35,9,6I7Fo6xYdLkWodVrg7XND5QNyY8=,tX48U5J6h1/PIdheGKGxkCYMs9M=
36,9,6I7Fo6xYdLkWodVrg7XND5QNyY8=,tX48U5J6h1/PIdheGKGxkCYMs9M=
38,7,ktNXsKwuGHxLxVbK7LzD8Dm14OM=,eKReFUkbiKobPhTsmKxqi+Z3r8U=
36,2,ktNXsKwuGHxLxVbK7LzD8Dm14OM=,eKReFUkbiKobPhTsmKxqi+Z3r8U=
39,7,ktNXsKwuGHxLxVbK7LzD8Dm14OM=,eKReFUkbiKobPhTsmKxqi+Z3r8U=
36,3,ktNXsKwuGHxLxVbK7LzD8Dm14OM=,eKReFUkbiKobPhTsmKxqi+Z3r8U=
35,15,6I7Fo6xYdLkWodVrg7XND5QNyY8=,tX48U5J6h1/PIdheGKGxkCYMs9M=
37,9,6I7Fo6xYdLkWodVrg7XND5QNyY8=,tX48U5J6h1/PIdheGKGxkCYMs9M=
34,4,ktNXsKwuGHxLxVbK7LzD8Dm14OM=,eKReFUkbiKobPhTsmKxqi+Z3r8U=
32,8,6I7Fo6xYdLkWodVrg7XND5QNyY8=,tX48U5J6h1/PIdheGKGxkCYMs9M=
34,15,6I7Fo6xYdLkWodVrg7XND5QNyY8=,tX48U5J6h1/PIdheGKGxkCYMs9M=
40,13,6I7Fo6xYdLkWodVrg7XND5QNyY8=,6f/nWYEnjEp8n7GkMAUARxZ+JJ4=
33,15,6I7Fo6xYdLkWodVrg7XND5QNyY8=,tX48U5J6h1/PIdheGKGxkCYMs9M=
38,9,6I7Fo6xYdLkWodVrg7XND5QNyY8=,tX48U5J6h1/PIdheGKGxkCYMs9M=
35,7,ktNXsKwuGHxLxVbK7LzD8Dm14OM=,eKReFUkbiKobPhTsmKxqi+Z3r8U=
33,8,6I7Fo6xYdLkWodVrg7XND5QNyY8=,tX48U5J6h1/PIdheGKGxkCYMs9M=
32,15,6I7Fo6xYdLkWodVrg7XND5QNyY8=,tX48U5J6h1/PIdheGKGxkCYMs9M=
39,14,6I7Fo6xYdLkWodVrg7XND5QNyY8=,tX48U5J6h1/PIdheGKGxkCYMs9M=
34,8,6I7Fo6xYdLkWodVrg7XND5QNyY8=,tX48U5J6h1/PIdheGKGxkCYMs9M=
36,0,ktNXsKwuGHxLxVbK7LzD8Dm14OM=,eKReFUkbiKobPhTsmKxqi+Z3r8U=
34,0,ktNXsKwuGHxLxVbK7LzD8Dm14OM=,eKReFUkbiKobPhTsmKxqi+Z3r8U=
35,1,ktNXsKwuGHxLxVbK7LzD8Dm14OM=,eKReFUkbiKobPhTsmKxqi+Z3r8U=
38,14,6I7Fo6xYdLkWodVrg7XND5QNyY8=,tX48U5J6h1/PIdheGKGxkCYMs9M=
35,2,ktNXsKwuGHxLxVbK7LzD8Dm14OM=,eKReFUkbiKobPhTsmKxqi+Z3r8U=
37,14,6I7Fo6xYdLkWodVrg7XND5QNyY8=,tX48U5J6h1/PIdheGKGxkCYMs9M=
36,14,6I7Fo6xYdLkWodVrg7XND5QNyY8=,tX48U5J6h1/PIdheGKGxkCYMs9M=
39,9,6I7Fo6xYdLkWodVrg7XND5QNyY8=,tX48U5J6h1/PIdheGKGxkCYMs9M=
35,8,6I7Fo6xYdLkWodVrg7XND5QNyY8=,tX48U5J6h1/PIdheGKGxkCYMs9M=
34,7,ktNXsKwuGHxLxVbK7LzD8Dm14OM=,eKReFUkbiKobPhTsmKxqi+Z3r8U=
34,14,6I7Fo6xYdLkWodVrg7XND5QNyY8=,tX48U5J6h1/PIdheGKGxkCYMs9M=
33,14,6I7Fo6xYdLkWodVrg7XND5QNyY8=,tX48U5J6h1/PIdheGKGxkCYMs9M=
33,7,ktNXsKwuGHxLxVbK7LzD8Dm14OM=,eKReFUkbiKobPhTsmKxqi+Z3r8U=
35,14,6I7Fo6xYdLkWodVrg7XND5QNyY8=,tX48U5J6h1/PIdheGKGxkCYMs9M=
32,10,6I7Fo6xYdLkWodVrg7XND5QNyY8=,tX48U5J6h1/PIdheGKGxkCYMs9M=
36,8,6I7Fo6xYdLkWodVrg7XND5QNyY8=,tX48U5J6h1/PIdheGKGxkCYMs9M=
32,14,6I7Fo6xYdLkWodVrg7XND5QNyY8=,tX48U5J6h1/PIdheGKGxkCYMs9M=
37,6,ktNXsKwuGHxLxVbK7LzD8Dm14OM=,eKReFUkbiKobPhTsmKxqi+Z3r8U=
38,13,6I7Fo6xYdLkWodVrg7XND5QNyY8=,tX48U5J6h1/PIdheGKGxkCYMs9M=
37,13,6I7Fo6xYdLkWodVrg7XND5QNyY8=,tX48U5J6h1/PIdheGKGxkCYMs9M=
33,10,6I7Fo6xYdLkWodVrg7XND5QNyY8=,tX48U5J6h1/PIdheGKGxkCYMs9M=
40,9,6I7Fo6xYdLkWodVrg7XND5QNyY8=,6f/nWYEnjEp8n7GkMAUARxZ+JJ4=
36,13,6I7Fo6xYdLkWodVrg7XND5QNyY8=,tX48U5J6h1/PIdheGKGxkCYMs9M=
37,8,6I7Fo6xYdLkWodVrg7XND5QNyY8=,tX48U5J6h1/PIdheGKGxkCYMs9M=
37,3,ktNXsKwuGHxLxVbK7LzD8Dm14OM=,eKReFUkbiKobPhTsmKxqi+Z3r8U=
37,2,ktNXsKwuGHxLxVbK7LzD8Dm14OM=,eKReFUkbiKobPhTsmKxqi+Z3r8U=
38,2,ktNXsKwuGHxLxVbK7LzD8Dm14OM=,eKReFUkbiKobPhTsmKxqi+Z3r8U=
34,5,ktNXsKwuGHxLxVbK7LzD8Dm14OM=,eKReFUkbiKobPhTsmKxqi+Z3r8U=
40,8,6I7Fo6xYdLkWodVrg7XND5QNyY8=,6f/nWYEnjEp8n7GkMAUARxZ+JJ4=
40,12,6I7Fo6xYdLkWodVrg7XND5QNyY8=,6f/nWYEnjEp8n7GkMAUARxZ+JJ4=
40,3,ktNXsKwuGHxLxVbK7LzD8Dm14OM=,cKl+b+73J6sc5FvMW+lFxwvHh4Q=
34,10,6I7Fo6xYdLkWodVrg7XND5QNyY8=,tX48U5J6h1/PIdheGKGxkCYMs9M=
35,10,6I7Fo6xYdLkWodVrg7XND5QNyY8=,tX48U5J6h1/PIdheGKGxkCYMs9M=
36,10,6I7Fo6xYdLkWodVrg7XND5QNyY8=,tX48U5J6h1/PIdheGKGxkCYMs9M=
34,13,6I7Fo6xYdLkWodVrg7XND5QNyY8=,tX48U5J6h1/PIdheGKGxkCYMs9M=
35,13,6I7Fo6xYdLkWodVrg7XND5QNyY8=,tX48U5J6h1/PIdheGKGxkCYMs9M=
32,7,ktNXsKwuGHxLxVbK7LzD8Dm14OM=,eKReFUkbiKobPhTsmKxqi+Z3r8U=
37,10,6I7Fo6xYdLkWodVrg7XND5QNyY8=,tX48U5J6h1/PIdheGKGxkCYMs9M=
38,8,6I7Fo6xYdLkWodVrg7XND5QNyY8=,tX48U5J6h1/PIdheGKGxkCYMs9M=
39,2,ktNXsKwuGHxLxVbK7LzD8Dm14OM=,eKReFUkbiKobPhTsmKxqi+Z3r8U=
32,3,ktNXsKwuGHxLxVbK7LzD8Dm14OM=,eKReFUkbiKobPhTsmKxqi+Z3r8U=
38,3,ktNXsKwuGHxLxVbK7LzD8Dm14OM=,eKReFUkbiKobPhTsmKxqi+Z3r8U=
33,3,ktNXsKwuGHxLxVbK7LzD8Dm14OM=,eKReFUkbiKobPhTsmKxqi+Z3r8U=
35,4,ktNXsKwuGHxLxVbK7LzD8Dm14OM=,eKReFUkbiKobPhTsmKxqi+Z3r8U=
34,3,ktNXsKwuGHxLxVbK7LzD8Dm14OM=,eKReFUkbiKobPhTsmKxqi+Z3r8U=
32,13,6I7Fo6xYdLkWodVrg7XND5QNyY8=,tX48U5J6h1/PIdheGKGxkCYMs9M=
38,10,6I7Fo6xYdLkWodVrg7XND5QNyY8=,tX48U5J6h1/PIdheGKGxkCYMs9M=
39,10,6I7Fo6xYdLkWodVrg7XND5QNyY8=,tX48U5J6h1/PIdheGKGxkCYMs9M=
35,3,ktNXsKwuGHxLxVbK7LzD8Dm14OM=,eKReFUkbiKobPhTsmKxqi+Z3r8U=
32,11,6I7Fo6xYdLkWodVrg7XND5QNyY8=,tX48U5J6h1/PIdheGKGxkCYMs9M=
33,11,6I7Fo6xYdLkWodVrg7XND5QNyY8=,tX48U5J6h1/PIdheGKGxkCYMs9M=
39,12,6I7Fo6xYdLkWodVrg7XND5QNyY8=,tX48U5J6h1/PIdheGKGxkCYMs9M=
37,12,6I7Fo6xYdLkWodVrg7XND5QNyY8=,tX48U5J6h1/PIdheGKGxkCYMs9M=
39,8,6I7Fo6xYdLkWodVrg7XND5QNyY8=,tX48U5J6h1/PIdheGKGxkCYMs9M=
38,12,6I7Fo6xYdLkWodVrg7XND5QNyY8=,tX48U5J6h1/PIdheGKGxkCYMs9M=
37,0,ktNXsKwuGHxLxVbK7LzD8Dm14OM=,eKReFUkbiKobPhTsmKxqi+Z3r8U=
34,11,6I7Fo6xYdLkWodVrg7XND5QNyY8=,tX48U5J6h1/PIdheGKGxkCYMs9M=
35,11,6I7Fo6xYdLkWodVrg7XND5QNyY8=,tX48U5J6h1/PIdheGKGxkCYMs9M=
40,10,6I7Fo6xYdLkWodVrg7XND5QNyY8=,6f/nWYEnjEp8n7GkMAUARxZ+JJ4=
33,13,6I7Fo6xYdLkWodVrg7XND5QNyY8=,tX48U5J6h1/PIdheGKGxkCYMs9M=
36,11,6I7Fo6xYdLkWodVrg7XND5QNyY8=,tX48U5J6h1/PIdheGKGxkCYMs9M=
37,11,6I7Fo6xYdLkWodVrg7XND5QNyY8=,tX48U5J6h1/PIdheGKGxkCYMs9M=
36,4,ktNXsKwuGHxLxVbK7LzD8Dm14OM=,eKReFUkbiKobPhTsmKxqi+Z3r8U=
35,5,ktNXsKwuGHxLxVbK7LzD8Dm14OM=,eKReFUkbiKobPhTsmKxqi+Z3r8U=
38,0,ktNXsKwuGHxLxVbK7LzD8Dm14OM=,eKReFUkbiKobPhTsmKxqi+Z3r8U=
39,3,ktNXsKwuGHxLxVbK7LzD8Dm14OM=,eKReFUkbiKobPhTsmKxqi+Z3r8U=
38,11,6I7Fo6xYdLkWodVrg7XND5QNyY8=,tX48U5J6h1/PIdheGKGxkCYMs9M=
37,4,ktNXsKwuGHxLxVbK7LzD8Dm14OM=,eKReFUkbiKobPhTsmKxqi+Z3r8U=
39,1,ktNXsKwuGHxLxVbK7LzD8Dm14OM=,eKReFUkbiKobPhTsmKxqi+Z3r8U=
35,12,6I7Fo6xYdLkWodVrg7XND5QNyY8=,tX48U5J6h1/PIdheGKGxkCYMs9M=
34,1,ktNXsKwuGHxLxVbK7LzD8Dm14OM=,eKReFUkbiKobPhTsmKxqi+Z3r8U=
40,15,6I7Fo6xYdLkWodVrg7XND5QNyY8=,6f/nWYEnjEp8n7GkMAUARxZ+JJ4=
39,5,ktNXsKwuGHxLxVbK7LzD8Dm14OM=,eKReFUkbiKobPhTsmKxqi+Z3r8U=
34,2,ktNXsKwuGHxLxVbK7LzD8Dm14OM=,eKReFUkbiKobPhTsmKxqi+Z3r8U=
39,11,6I7Fo6xYdLkWodVrg7XND5QNyY8=,tX48U5J6h1/PIdheGKGxkCYMs9M=
32,12,6I7Fo6xYdLkWodVrg7XND5QNyY8=,tX48U5J6h1/PIdheGKGxkCYMs9M=
32,4,ktNXsKwuGHxLxVbK7LzD8Dm14OM=,eKReFUkbiKobPhTsmKxqi+Z3r8U=
39,6,ktNXsKwuGHxLxVbK7LzD8Dm14OM=,eKReFUkbiKobPhTsmKxqi+Z3r8U=
40,7,ktNXsKwuGHxLxVbK7LzD8Dm14OM=,cKl+b+73J6sc5FvMW+lFxwvHh4Q=
36,12,6I7Fo6xYdLkWodVrg7XND5QNyY8=,tX48U5J6h1/PIdheGKGxkCYMs9M=
40,11,6I7Fo6xYdLkWodVrg7XND5QNyY8=,6f/nWYEnjEp8n7GkMAUARxZ+JJ4=
33,12,6I7Fo6xYdLkWodVrg7XND5QNyY8=,tX48U5J6h1/PIdheGKGxkCYMs9M=
33,4,ktNXsKwuGHxLxVbK7LzD8Dm14OM=,eKReFUkbiKobPhTsmKxqi+Z3r8U=
40,4,ktNXsKwuGHxLxVbK7LzD8Dm14OM=,cKl+b+73J6sc5FvMW+lFxwvHh4Q=
33,0,ktNXsKwuGHxLxVbK7LzD8Dm14OM=,eKReFUkbiKobPhTsmKxqi+Z3r8U=
33,5,ktNXsKwuGHxLxVbK7LzD8Dm14OM=,eKReFUkbiKobPhTsmKxqi+Z3r8U=
40,2,ktNXsKwuGHxLxVbK7LzD8Dm14OM=,cKl+b+73J6sc5FvMW+lFxwvHh4Q=
36,6,ktNXsKwuGHxLxVbK7LzD8Dm14OM=,eKReFUkbiKobPhTsmKxqi+Z3r8U=
35,0,ktNXsKwuGHxLxVbK7LzD8Dm14OM=,eKReFUkbiKobPhTsmKxqi+Z3r8U=
36,5,ktNXsKwuGHxLxVbK7LzD8Dm14OM=,eKReFUkbiKobPhTsmKxqi+Z3r8U=
32,2,ktNXsKwuGHxLxVbK7LzD8Dm14OM=,eKReFUkbiKobPhTsmKxqi+Z3r8U=
34,12,6I7Fo6xYdLkWodVrg7XND5QNyY8=,tX48U5J6h1/PIdheGKGxkCYMs9M=
38,4,ktNXsKwuGHxLxVbK7LzD8Dm14OM=,eKReFUkbiKobPhTsmKxqi+Z3r8U=
40,5,ktNXsKwuGHxLxVbK7LzD8Dm14OM=,cKl+b+73J6sc5FvMW+lFxwvHh4Q=
35,6,ktNXsKwuGHxLxVbK7LzD8Dm14OM=,eKReFUkbiKobPhTsmKxqi+Z3r8U=
33,1,ktNXsKwuGHxLxVbK7LzD8Dm14OM=,eKReFUkbiKobPhTsmKxqi+Z3r8U=
33,2,ktNXsKwuGHxLxVbK7LzD8Dm14OM=,eKReFUkbiKobPhTsmKxqi+Z3r8U=
39,4,ktNXsKwuGHxLxVbK7LzD8Dm14OM=,eKReFUkbiKobPhTsmKxqi+Z3r8U=
40,1,ktNXsKwuGHxLxVbK7LzD8Dm14OM=,cKl+b+73J6sc5FvMW+lFxwvHh4Q=
38,6,ktNXsKwuGHxLxVbK7LzD8Dm14OM=,eKReFUkbiKobPhTsmKxqi+Z3r8U=
32,1,ktNXsKwuGHxLxVbK7LzD8Dm14OM=,eKReFUkbiKobPhTsmKxqi+Z3r8U=
39,0,ktNXsKwuGHxLxVbK7LzD8Dm14OM=,eKReFUkbiKobPhTsmKxqi+Z3r8U=
34,6,ktNXsKwuGHxLxVbK7LzD8Dm14OM=,eKReFUkbiKobPhTsmKxqi+Z3r8U=
40,0,ktNXsKwuGHxLxVbK7LzD8Dm14OM=,cKl+b+73J6sc5FvMW+lFxwvHh4Q=
40,6,ktNXsKwuGHxLxVbK7LzD8Dm14OM=,cKl+b+73J6sc5FvMW+lFxwvHh4Q=
33,6,ktNXsKwuGHxLxVbK7LzD8Dm14OM=,eKReFUkbiKobPhTsmKxqi+Z3r8U=
32,6,ktNXsKwuGHxLxVbK7LzD8Dm14OM=,eKReFUkbiKobPhTsmKxqi+Z3r8U=
39,13,6I7Fo6xYdLkWodVrg7XND5QNyY8=,tX48U5J6h1/PIdheGKGxkCYMs9M=
38,5,ktNXsKwuGHxLxVbK7LzD8Dm14OM=,eKReFUkbiKobPhTsmKxqi+Z3r8U=
32,5,ktNXsKwuGHxLxVbK7LzD8Dm14OM=,eKReFUkbiKobPhTsmKxqi+Z3r8U=
37,5,ktNXsKwuGHxLxVbK7LzD8Dm14OM=,eKReFUkbiKobPhTsmKxqi+Z3r8U=
33,25,sF2pqyCAjIBXvbAbU2nW8GUWPkk=,vUzQSCYEbxBFccUZfM4D4Zp5RZY=
34,25,sF2pqyCAjIBXvbAbU2nW8GUWPkk=,vUzQSCYEbxBFccUZfM4D4Zp5RZY=
35,25,sF2pqyCAjIBXvbAbU2nW8GUWPkk=,vUzQSCYEbxBFccUZfM4D4Zp5RZY=
36,25,sF2pqyCAjIBXvbAbU2nW8GUWPkk=,vUzQSCYEbxBFccUZfM4D4Zp5RZY=
37,25,sF2pqyCAjIBXvbAbU2nW8GUWPkk=,vUzQSCYEbxBFccUZfM4D4Zp5RZY=
38,25,sF2pqyCAjIBXvbAbU2nW8GUWPkk=,vUzQSCYEbxBFccUZfM4D4Zp5RZY=
33,26,sF2pqyCAjIBXvbAbU2nW8GUWPkk=,vUzQSCYEbxBFccUZfM4D4Zp5RZY=
34,26,sF2pqyCAjIBXvbAbU2nW8GUWPkk=,vUzQSCYEbxBFccUZfM4D4Zp5RZY=
35,26,sF2pqyCAjIBXvbAbU2nW8GUWPkk=,vUzQSCYEbxBFccUZfM4D4Zp5RZY=
36,26,sF2pqyCAjIBXvbAbU2nW8GUWPkk=,vUzQSCYEbxBFccUZfM4D4Zp5RZY=
37,26,sF2pqyCAjIBXvbAbU2nW8GUWPkk=,vUzQSCYEbxBFccUZfM4D4Zp5RZY=
38,26,sF2pqyCAjIBXvbAbU2nW8GUWPkk=,vUzQSCYEbxBFccUZfM4D4Zp5RZY=
33,27,sF2pqyCAjIBXvbAbU2nW8GUWPkk=,vUzQSCYEbxBFccUZfM4D4Zp5RZY=
34,27,sF2pqyCAjIBXvbAbU2nW8GUWPkk=,vUzQSCYEbxBFccUZfM4D4Zp5RZY=
35,27,sF2pqyCAjIBXvbAbU2nW8GUWPkk=,vUzQSCYEbxBFccUZfM4D4Zp5RZY=
36,27,sF2pqyCAjIBXvbAbU2nW8GUWPkk=,vUzQSCYEbxBFccUZfM4D4Zp5RZY=
37,27,sF2pqyCAjIBXvbAbU2nW8GUWPkk=,vUzQSCYEbxBFccUZfM4D4Zp5RZY=
38,27,sF2pqyCAjIBXvbAbU2nW8GUWPkk=,vUzQSCYEbxBFccUZfM4D4Zp5RZY=
33,28,sF2pqyCAjIBXvbAbU2nW8GUWPkk=,vUzQSCYEbxBFccUZfM4D4Zp5RZY=
34,28,sF2pqyCAjIBXvbAbU2nW8GUWPkk=,vUzQSCYEbxBFccUZfM4D4Zp5RZY=
35,28,sF2pqyCAjIBXvbAbU2nW8GUWPkk=,vUzQSCYEbxBFccUZfM4D4Zp5RZY=
36,28,sF2pqyCAjIBXvbAbU2nW8GUWPkk=,vUzQSCYEbxBFccUZfM4D4Zp5RZY=
37,28,sF2pqyCAjIBXvbAbU2nW8GUWPkk=,vUzQSCYEbxBFccUZfM4D4Zp5RZY=
38,28,sF2pqyCAjIBXvbAbU2nW8GUWPkk=,vUzQSCYEbxBFccUZfM4D4Zp5RZY=
33,29,sF2pqyCAjIBXvbAbU2nW8GUWPkk=,vUzQSCYEbxBFccUZfM4D4Zp5RZY=
44,29,n9ahHuuuvtPLWHOOqHYAThVyljo=,i4lI4mRAyC6X0gFXs11J+RJLEKM=
45,29,n9ahHuuuvtPLWHOOqHYAThVyljo=,i4lI4mRAyC6X0gFXs11J+RJLEKM=
46,29,n9ahHuuuvtPLWHOOqHYAThVyljo=,i4lI4mRAyC6X0gFXs11J+RJLEKM=
40,25,n9ahHuuuvtPLWHOOqHYAThVyljo=,i4lI4mRAyC6X0gFXs11J+RJLEKM=
41,25,n9ahHuuuvtPLWHOOqHYAThVyljo=,i4lI4mRAyC6X0gFXs11J+RJLEKM=
43,29,n9ahHuuuvtPLWHOOqHYAThVyljo=,i4lI4mRAyC6X0gFXs11J+RJLEKM=
42,29,n9ahHuuuvtPLWHOOqHYAThVyljo=,i4lI4mRAyC6X0gFXs11J+RJLEKM=
38,30,sF2pqyCAjIBXvbAbU2nW8GUWPkk=,vUzQSCYEbxBFccUZfM4D4Zp5RZY=
37,30,sF2pqyCAjIBXvbAbU2nW8GUWPkk=,vUzQSCYEbxBFccUZfM4D4Zp5RZY=
36,30,sF2pqyCAjIBXvbAbU2nW8GUWPkk=,vUzQSCYEbxBFccUZfM4D4Zp5RZY=
35,30,sF2pqyCAjIBXvbAbU2nW8GUWPkk=,vUzQSCYEbxBFccUZfM4D4Zp5RZY=
34,30,sF2pqyCAjIBXvbAbU2nW8GUWPkk=,vUzQSCYEbxBFccUZfM4D4Zp5RZY=
33,30,sF2pqyCAjIBXvbAbU2nW8GUWPkk=,vUzQSCYEbxBFccUZfM4D4Zp5RZY=
38,29,sF2pqyCAjIBXvbAbU2nW8GUWPkk=,vUzQSCYEbxBFccUZfM4D4Zp5RZY=
36,29,sF2pqyCAjIBXvbAbU2nW8GUWPkk=,vUzQSCYEbxBFccUZfM4D4Zp5RZY=
37,29,sF2pqyCAjIBXvbAbU2nW8GUWPkk=,vUzQSCYEbxBFccUZfM4D4Zp5RZY=
35,29,sF2pqyCAjIBXvbAbU2nW8GUWPkk=,vUzQSCYEbxBFccUZfM4D4Zp5RZY=
34,29,sF2pqyCAjIBXvbAbU2nW8GUWPkk=,vUzQSCYEbxBFccUZfM4D4Zp5RZY=
41,29,n9ahHuuuvtPLWHOOqHYAThVyljo=,i4lI4mRAyC6X0gFXs11J+RJLEKM=
40,29,n9ahHuuuvtPLWHOOqHYAThVyljo=,i4lI4mRAyC6X0gFXs11J+RJLEKM=
46,28,n9ahHuuuvtPLWHOOqHYAThVyljo=,i4lI4mRAyC6X0gFXs11J+RJLEKM=
45,28,n9ahHuuuvtPLWHOOqHYAThVyljo=,i4lI4mRAyC6X0gFXs11J+RJLEKM=
44,28,n9ahHuuuvtPLWHOOqHYAThVyljo=,i4lI4mRAyC6X0gFXs11J+RJLEKM=
39,30,sF2pqyCAjIBXvbAbU2nW8GUWPkk=,vUzQSCYEbxBFccUZfM4D4Zp5RZY=
43,28,n9ahHuuuvtPLWHOOqHYAThVyljo=,i4lI4mRAyC6X0gFXs11J+RJLEKM=
42,28,n9ahHuuuvtPLWHOOqHYAThVyljo=,i4lI4mRAyC6X0gFXs11J+RJLEKM=
41,28,n9ahHuuuvtPLWHOOqHYAThVyljo=,i4lI4mRAyC6X0gFXs11J+RJLEKM=
40,28,n9ahHuuuvtPLWHOOqHYAThVyljo=,i4lI4mRAyC6X0gFXs11J+RJLEKM=
39,29,sF2pqyCAjIBXvbAbU2nW8GUWPkk=,vUzQSCYEbxBFccUZfM4D4Zp5RZY=
46,27,n9ahHuuuvtPLWHOOqHYAThVyljo=,i4lI4mRAyC6X0gFXs11J+RJLEKM=
45,27,n9ahHuuuvtPLWHOOqHYAThVyljo=,i4lI4mRAyC6X0gFXs11J+RJLEKM=
44,27,n9ahHuuuvtPLWHOOqHYAThVyljo=,i4lI4mRAyC6X0gFXs11J+RJLEKM=
43,27,n9ahHuuuvtPLWHOOqHYAThVyljo=,i4lI4mRAyC6X0gFXs11J+RJLEKM=
39,28,sF2pqyCAjIBXvbAbU2nW8GUWPkk=,vUzQSCYEbxBFccUZfM4D4Zp5RZY=
42,27,n9ahHuuuvtPLWHOOqHYAThVyljo=,i4lI4mRAyC6X0gFXs11J+RJLEKM=
41,27,n9ahHuuuvtPLWHOOqHYAThVyljo=,i4lI4mRAyC6X0gFXs11J+RJLEKM=
40,27,n9ahHuuuvtPLWHOOqHYAThVyljo=,i4lI4mRAyC6X0gFXs11J+RJLEKM=
42,25,n9ahHuuuvtPLWHOOqHYAThVyljo=,i4lI4mRAyC6X0gFXs11J+RJLEKM=
43,25,n9ahHuuuvtPLWHOOqHYAThVyljo=,i4lI4mRAyC6X0gFXs11J+RJLEKM=
44,25,n9ahHuuuvtPLWHOOqHYAThVyljo=,i4lI4mRAyC6X0gFXs11J+RJLEKM=
40,30,n9ahHuuuvtPLWHOOqHYAThVyljo=,i4lI4mRAyC6X0gFXs11J+RJLEKM=
41,30,n9ahHuuuvtPLWHOOqHYAThVyljo=,i4lI4mRAyC6X0gFXs11J+RJLEKM=
42,30,n9ahHuuuvtPLWHOOqHYAThVyljo=,i4lI4mRAyC6X0gFXs11J+RJLEKM=
43,30,n9ahHuuuvtPLWHOOqHYAThVyljo=,i4lI4mRAyC6X0gFXs11J+RJLEKM=
44,30,n9ahHuuuvtPLWHOOqHYAThVyljo=,i4lI4mRAyC6X0gFXs11J+RJLEKM=
45,25,n9ahHuuuvtPLWHOOqHYAThVyljo=,i4lI4mRAyC6X0gFXs11J+RJLEKM=
46,25,n9ahHuuuvtPLWHOOqHYAThVyljo=,i4lI4mRAyC6X0gFXs11J+RJLEKM=
39,25,sF2pqyCAjIBXvbAbU2nW8GUWPkk=,vUzQSCYEbxBFccUZfM4D4Zp5RZY=
40,26,n9ahHuuuvtPLWHOOqHYAThVyljo=,i4lI4mRAyC6X0gFXs11J+RJLEKM=
41,26,n9ahHuuuvtPLWHOOqHYAThVyljo=,i4lI4mRAyC6X0gFXs11J+RJLEKM=
45,30,n9ahHuuuvtPLWHOOqHYAThVyljo=,i4lI4mRAyC6X0gFXs11J+RJLEKM=
46,30,n9ahHuuuvtPLWHOOqHYAThVyljo=,i4lI4mRAyC6X0gFXs11J+RJLEKM=
39,26,sF2pqyCAjIBXvbAbU2nW8GUWPkk=,vUzQSCYEbxBFccUZfM4D4Zp5RZY=
42,26,n9ahHuuuvtPLWHOOqHYAThVyljo=,i4lI4mRAyC6X0gFXs11J+RJLEKM=
43,26,n9ahHuuuvtPLWHOOqHYAThVyljo=,i4lI4mRAyC6X0gFXs11J+RJLEKM=
44,26,n9ahHuuuvtPLWHOOqHYAThVyljo=,i4lI4mRAyC6X0gFXs11J+RJLEKM=
45,26,n9ahHuuuvtPLWHOOqHYAThVyljo=,i4lI4mRAyC6X0gFXs11J+RJLEKM=
39,27,sF2pqyCAjIBXvbAbU2nW8GUWPkk=,vUzQSCYEbxBFccUZfM4D4Zp5RZY=
46,26,n9ahHuuuvtPLWHOOqHYAThVyljo=,i4lI4mRAyC6X0gFXs11J+RJLEKM=
47,29,n9ahHuuuvtPLWHOOqHYAThVyljo=,i4lI4mRAyC6X0gFXs11J+RJLEKM=
47,25,n9ahHuuuvtPLWHOOqHYAThVyljo=,i4lI4mRAyC6X0gFXs11J+RJLEKM=
47,30,n9ahHuuuvtPLWHOOqHYAThVyljo=,i4lI4mRAyC6X0gFXs11J+RJLEKM=
47,26,n9ahHuuuvtPLWHOOqHYAThVyljo=,i4lI4mRAyC6X0gFXs11J+RJLEKM=
47,27,n9ahHuuuvtPLWHOOqHYAThVyljo=,i4lI4mRAyC6X0gFXs11J+RJLEKM=
47,28,n9ahHuuuvtPLWHOOqHYAThVyljo=,i4lI4mRAyC6X0gFXs11J+RJLEKM=
32,25,sF2pqyCAjIBXvbAbU2nW8GUWPkk=,vUzQSCYEbxBFccUZfM4D4Zp5RZY=
32,26,sF2pqyCAjIBXvbAbU2nW8GUWPkk=,vUzQSCYEbxBFccUZfM4D4Zp5RZY=
32,27,sF2pqyCAjIBXvbAbU2nW8GUWPkk=,vUzQSCYEbxBFccUZfM4D4Zp5RZY=
32,28,sF2pqyCAjIBXvbAbU2nW8GUWPkk=,vUzQSCYEbxBFccUZfM4D4Zp5RZY=
36,31,sF2pqyCAjIBXvbAbU2nW8GUWPkk=,vUzQSCYEbxBFccUZfM4D4Zp5RZY=
32,30,sF2pqyCAjIBXvbAbU2nW8GUWPkk=,vUzQSCYEbxBFccUZfM4D4Zp5RZY=
32,29,sF2pqyCAjIBXvbAbU2nW8GUWPkk=,vUzQSCYEbxBFccUZfM4D4Zp5RZY=
37,31,sF2pqyCAjIBXvbAbU2nW8GUWPkk=,vUzQSCYEbxBFccUZfM4D4Zp5RZY=
38,31,sF2pqyCAjIBXvbAbU2nW8GUWPkk=,vUzQSCYEbxBFccUZfM4D4Zp5RZY=
33,31,sF2pqyCAjIBXvbAbU2nW8GUWPkk=,vUzQSCYEbxBFccUZfM4D4Zp5RZY=
34,31,sF2pqyCAjIBXvbAbU2nW8GUWPkk=,vUzQSCYEbxBFccUZfM4D4Zp5RZY=
35,31,sF2pqyCAjIBXvbAbU2nW8GUWPkk=,vUzQSCYEbxBFccUZfM4D4Zp5RZY=
32,31,sF2pqyCAjIBXvbAbU2nW8GUWPkk=,vUzQSCYEbxBFccUZfM4D4Zp5RZY=
47,31,n9ahHuuuvtPLWHOOqHYAThVyljo=,i4lI4mRAyC6X0gFXs11J+RJLEKM=
39,31,sF2pqyCAjIBXvbAbU2nW8GUWPkk=,vUzQSCYEbxBFccUZfM4D4Zp5RZY=
40,31,n9ahHuuuvtPLWHOOqHYAThVyljo=,i4lI4mRAyC6X0gFXs11J+RJLEKM=
41,31,n9ahHuuuvtPLWHOOqHYAThVyljo=,i4lI4mRAyC6X0gFXs11J+RJLEKM=
42,31,n9ahHuuuvtPLWHOOqHYAThVyljo=,i4lI4mRAyC6X0gFXs11J+RJLEKM=
43,31,n9ahHuuuvtPLWHOOqHYAThVyljo=,i4lI4mRAyC6X0gFXs11J+RJLEKM=
44,31,n9ahHuuuvtPLWHOOqHYAThVyljo=,i4lI4mRAyC6X0gFXs11J+RJLEKM=
45,31,n9ahHuuuvtPLWHOOqHYAThVyljo=,i4lI4mRAyC6X0gFXs11J+RJLEKM=
46,31,n9ahHuuuvtPLWHOOqHYAThVyljo=,i4lI4mRAyC6X0gFXs11J+RJLEKM=
44,19,n9ahHuuuvtPLWHOOqHYAThVyljo=,+391gUdO1zz+LZrLxjwTYpzxhOA=
41,24,n9ahHuuuvtPLWHOOqHYAThVyljo=,i4lI4mRAyC6X0gFXs11J+RJLEKM=
45,19,n9ahHuuuvtPLWHOOqHYAThVyljo=,+391gUdO1zz+LZrLxjwTYpzxhOA=
42,24,n9ahHuuuvtPLWHOOqHYAThVyljo=,i4lI4mRAyC6X0gFXs11J+RJLEKM=
43,24,n9ahHuuuvtPLWHOOqHYAThVyljo=,i4lI4mRAyC6X0gFXs11J+RJLEKM=
44,24,n9ahHuuuvtPLWHOOqHYAThVyljo=,i4lI4mRAyC6X0gFXs11J+RJLEKM=
45,24,n9ahHuuuvtPLWHOOqHYAThVyljo=,i4lI4mRAyC6X0gFXs11J+RJLEKM=
46,24,n9ahHuuuvtPLWHOOqHYAThVyljo=,i4lI4mRAyC6X0gFXs11J+RJLEKM=
47,24,n9ahHuuuvtPLWHOOqHYAThVyljo=,i4lI4mRAyC6X0gFXs11J+RJLEKM=
46,19,n9ahHuuuvtPLWHOOqHYAThVyljo=,+391gUdO1zz+LZrLxjwTYpzxhOA=
47,19,n9ahHuuuvtPLWHOOqHYAThVyljo=,+391gUdO1zz+LZrLxjwTYpzxhOA=
41,20,n9ahHuuuvtPLWHOOqHYAThVyljo=,+391gUdO1zz+LZrLxjwTYpzxhOA=
42,20,n9ahHuuuvtPLWHOOqHYAThVyljo=,+391gUdO1zz+LZrLxjwTYpzxhOA=
43,20,n9ahHuuuvtPLWHOOqHYAThVyljo=,+391gUdO1zz+LZrLxjwTYpzxhOA=
44,20,n9ahHuuuvtPLWHOOqHYAThVyljo=,+391gUdO1zz+LZrLxjwTYpzxhOA=
41,16,n9ahHuuuvtPLWHOOqHYAThVyljo=,+391gUdO1zz+LZrLxjwTYpzxhOA=
43,16,n9ahHuuuvtPLWHOOqHYAThVyljo=,+391gUdO1zz+LZrLxjwTYpzxhOA=
44,16,n9ahHuuuvtPLWHOOqHYAThVyljo=,+391gUdO1zz+LZrLxjwTYpzxhOA=
45,20,n9ahHuuuvtPLWHOOqHYAThVyljo=,+391gUdO1zz+LZrLxjwTYpzxhOA=
45,16,n9ahHuuuvtPLWHOOqHYAThVyljo=,+391gUdO1zz+LZrLxjwTYpzxhOA=
42,16,n9ahHuuuvtPLWHOOqHYAThVyljo=,+391gUdO1zz+LZrLxjwTYpzxhOA=
46,16,n9ahHuuuvtPLWHOOqHYAThVyljo=,+391gUdO1zz+LZrLxjwTYpzxhOA=
46,20,n9ahHuuuvtPLWHOOqHYAThVyljo=,+391gUdO1zz+LZrLxjwTYpzxhOA=
47,20,n9ahHuuuvtPLWHOOqHYAThVyljo=,+391gUdO1zz+LZrLxjwTYpzxhOA=
42,21,n9ahHuuuvtPLWHOOqHYAThVyljo=,+391gUdO1zz+LZrLxjwTYpzxhOA=
43,21,n9ahHuuuvtPLWHOOqHYAThVyljo=,+391gUdO1zz+LZrLxjwTYpzxhOA=
41,21,n9ahHuuuvtPLWHOOqHYAThVyljo=,+391gUdO1zz+LZrLxjwTYpzxhOA=
44,21,n9ahHuuuvtPLWHOOqHYAThVyljo=,+391gUdO1zz+LZrLxjwTYpzxhOA=
45,21,n9ahHuuuvtPLWHOOqHYAThVyljo=,+391gUdO1zz+LZrLxjwTYpzxhOA=
46,21,n9ahHuuuvtPLWHOOqHYAThVyljo=,+391gUdO1zz+LZrLxjwTYpzxhOA=
47,16,n9ahHuuuvtPLWHOOqHYAThVyljo=,+391gUdO1zz+LZrLxjwTYpzxhOA=
47,21,n9ahHuuuvtPLWHOOqHYAThVyljo=,+391gUdO1zz+LZrLxjwTYpzxhOA=
41,17,n9ahHuuuvtPLWHOOqHYAThVyljo=,+391gUdO1zz+LZrLxjwTYpzxhOA=
42,17,n9ahHuuuvtPLWHOOqHYAThVyljo=,+391gUdO1zz+LZrLxjwTYpzxhOA=
41,22,n9ahHuuuvtPLWHOOqHYAThVyljo=,+391gUdO1zz+LZrLxjwTYpzxhOA=
42,22,n9ahHuuuvtPLWHOOqHYAThVyljo=,+391gUdO1zz+LZrLxjwTYpzxhOA=
43,17,n9ahHuuuvtPLWHOOqHYAThVyljo=,+391gUdO1zz+LZrLxjwTYpzxhOA=
44,17,n9ahHuuuvtPLWHOOqHYAThVyljo=,+391gUdO1zz+LZrLxjwTYpzxhOA=
45,17,n9ahHuuuvtPLWHOOqHYAThVyljo=,+391gUdO1zz+LZrLxjwTYpzxhOA=
44,22,n9ahHuuuvtPLWHOOqHYAThVyljo=,+391gUdO1zz+LZrLxjwTYpzxhOA=
43,22,n9ahHuuuvtPLWHOOqHYAThVyljo=,+391gUdO1zz+LZrLxjwTYpzxhOA=
45,22,n9ahHuuuvtPLWHOOqHYAThVyljo=,+391gUdO1zz+LZrLxjwTYpzxhOA=
46,22,n9ahHuuuvtPLWHOOqHYAThVyljo=,+391gUdO1zz+LZrLxjwTYpzxhOA=
47,22,n9ahHuuuvtPLWHOOqHYAThVyljo=,+391gUdO1zz+LZrLxjwTYpzxhOA=
46,17,n9ahHuuuvtPLWHOOqHYAThVyljo=,+391gUdO1zz+LZrLxjwTYpzxhOA=
47,17,n9ahHuuuvtPLWHOOqHYAThVyljo=,+391gUdO1zz+LZrLxjwTYpzxhOA=
42,18,n9ahHuuuvtPLWHOOqHYAThVyljo=,+391gUdO1zz+LZrLxjwTYpzxhOA=
47,23,n9ahHuuuvtPLWHOOqHYAThVyljo=,+391gUdO1zz+LZrLxjwTYpzxhOA=
41,18,n9ahHuuuvtPLWHOOqHYAThVyljo=,+391gUdO1zz+LZrLxjwTYpzxhOA=
46,23,n9ahHuuuvtPLWHOOqHYAThVyljo=,+391gUdO1zz+LZrLxjwTYpzxhOA=
41,23,n9ahHuuuvtPLWHOOqHYAThVyljo=,+391gUdO1zz+LZrLxjwTYpzxhOA=
43,19,n9ahHuuuvtPLWHOOqHYAThVyljo=,+391gUdO1zz+LZrLxjwTYpzxhOA=
42,23,n9ahHuuuvtPLWHOOqHYAThVyljo=,+391gUdO1zz+LZrLxjwTYpzxhOA=
42,19,n9ahHuuuvtPLWHOOqHYAThVyljo=,+391gUdO1zz+LZrLxjwTYpzxhOA=
44,23,n9ahHuuuvtPLWHOOqHYAThVyljo=,+391gUdO1zz+LZrLxjwTYpzxhOA=
43,23,n9ahHuuuvtPLWHOOqHYAThVyljo=,+391gUdO1zz+LZrLxjwTYpzxhOA=
43,18,n9ahHuuuvtPLWHOOqHYAThVyljo=,+391gUdO1zz+LZrLxjwTYpzxhOA=
44,18,n9ahHuuuvtPLWHOOqHYAThVyljo=,+391gUdO1zz+LZrLxjwTYpzxhOA=
45,18,n9ahHuuuvtPLWHOOqHYAThVyljo=,+391gUdO1zz+LZrLxjwTYpzxhOA=
46,18,n9ahHuuuvtPLWHOOqHYAThVyljo=,+391gUdO1zz+LZrLxjwTYpzxhOA=
47,18,n9ahHuuuvtPLWHOOqHYAThVyljo=,+391gUdO1zz+LZrLxjwTYpzxhOA=
45,23,n9ahHuuuvtPLWHOOqHYAThVyljo=,+391gUdO1zz+LZrLxjwTYpzxhOA=
41,19,n9ahHuuuvtPLWHOOqHYAThVyljo=,+391gUdO1zz+LZrLxjwTYpzxhOA=
36,23,n9ahHuuuvtPLWHOOqHYAThVyljo=,duPB36L5le7XWBDXPvpW9bvVUYI=
37,23,n9ahHuuuvtPLWHOOqHYAThVyljo=,duPB36L5le7XWBDXPvpW9bvVUYI=
32,21,n9ahHuuuvtPLWHOOqHYAThVyljo=,duPB36L5le7XWBDXPvpW9bvVUYI=
33,20,n9ahHuuuvtPLWHOOqHYAThVyljo=,duPB36L5le7XWBDXPvpW9bvVUYI=
35,23,n9ahHuuuvtPLWHOOqHYAThVyljo=,duPB36L5le7XWBDXPvpW9bvVUYI=
33,16,n9ahHuuuvtPLWHOOqHYAThVyljo=,duPB36L5le7XWBDXPvpW9bvVUYI=
37,22,n9ahHuuuvtPLWHOOqHYAThVyljo=,duPB36L5le7XWBDXPvpW9bvVUYI=
38,23,n9ahHuuuvtPLWHOOqHYAThVyljo=,duPB36L5le7XWBDXPvpW9bvVUYI=
39,23,n9ahHuuuvtPLWHOOqHYAThVyljo=,duPB36L5le7XWBDXPvpW9bvVUYI=
40,24,n9ahHuuuvtPLWHOOqHYAThVyljo=,i4lI4mRAyC6X0gFXs11J+RJLEKM=
34,19,n9ahHuuuvtPLWHOOqHYAThVyljo=,duPB36L5le7XWBDXPvpW9bvVUYI=
32,24,sF2pqyCAjIBXvbAbU2nW8GUWPkk=,vUzQSCYEbxBFccUZfM4D4Zp5RZY=
33,24,sF2pqyCAjIBXvbAbU2nW8GUWPkk=,vUzQSCYEbxBFccUZfM4D4Zp5RZY=
33,21,n9ahHuuuvtPLWHOOqHYAThVyljo=,duPB36L5le7XWBDXPvpW9bvVUYI=
40,19,n9ahHuuuvtPLWHOOqHYAThVyljo=,+391gUdO1zz+LZrLxjwTYpzxhOA=
36,22,n9ahHuuuvtPLWHOOqHYAThVyljo=,duPB36L5le7XWBDXPvpW9bvVUYI=
35,21,n9ahHuuuvtPLWHOOqHYAThVyljo=,duPB36L5le7XWBDXPvpW9bvVUYI=
36,21,n9ahHuuuvtPLWHOOqHYAThVyljo=,duPB36L5le7XWBDXPvpW9bvVUYI=
37,21,n9ahHuuuvtPLWHOOqHYAThVyljo=,duPB36L5le7XWBDXPvpW9bvVUYI=
34,23,n9ahHuuuvtPLWHOOqHYAThVyljo=,duPB36L5le7XWBDXPvpW9bvVUYI=
33,23,n9ahHuuuvtPLWHOOqHYAThVyljo=,duPB36L5le7XWBDXPvpW9bvVUYI=
33,19,n9ahHuuuvtPLWHOOqHYAThVyljo=,duPB36L5le7XWBDXPvpW9bvVUYI=
32,20,n9ahHuuuvtPLWHOOqHYAThVyljo=,duPB36L5le7XWBDXPvpW9bvVUYI=
40,23,n9ahHuuuvtPLWHOOqHYAThVyljo=,+391gUdO1zz+LZrLxjwTYpzxhOA=
39,20,n9ahHuuuvtPLWHOOqHYAThVyljo=,duPB36L5le7XWBDXPvpW9bvVUYI=
36,18,n9ahHuuuvtPLWHOOqHYAThVyljo=,duPB36L5le7XWBDXPvpW9bvVUYI=
40,18,n9ahHuuuvtPLWHOOqHYAThVyljo=,+391gUdO1zz+LZrLxjwTYpzxhOA=
35,22,n9ahHuuuvtPLWHOOqHYAThVyljo=,duPB36L5le7XWBDXPvpW9bvVUYI=
35,16,n9ahHuuuvtPLWHOOqHYAThVyljo=,duPB36L5le7XWBDXPvpW9bvVUYI=
39,19,n9ahHuuuvtPLWHOOqHYAThVyljo=,duPB36L5le7XWBDXPvpW9bvVUYI=
40,22,n9ahHuuuvtPLWHOOqHYAThVyljo=,+391gUdO1zz+LZrLxjwTYpzxhOA=
34,18,n9ahHuuuvtPLWHOOqHYAThVyljo=,duPB36L5le7XWBDXPvpW9bvVUYI=
37,18,n9ahHuuuvtPLWHOOqHYAThVyljo=,duPB36L5le7XWBDXPvpW9bvVUYI=
33,18,n9ahHuuuvtPLWHOOqHYAThVyljo=,duPB36L5le7XWBDXPvpW9bvVUYI=
34,24,sF2pqyCAjIBXvbAbU2nW8GUWPkk=,vUzQSCYEbxBFccUZfM4D4Zp5RZY=
34,21,n9ahHuuuvtPLWHOOqHYAThVyljo=,duPB36L5le7XWBDXPvpW9bvVUYI=
35,18,n9ahHuuuvtPLWHOOqHYAThVyljo=,duPB36L5le7XWBDXPvpW9bvVUYI=
38,20,n9ahHuuuvtPLWHOOqHYAThVyljo=,duPB36L5le7XWBDXPvpW9bvVUYI=
32,18,n9ahHuuuvtPLWHOOqHYAThVyljo=,duPB36L5le7XWBDXPvpW9bvVUYI=
32,16,n9ahHuuuvtPLWHOOqHYAThVyljo=,duPB36L5le7XWBDXPvpW9bvVUYI=
36,16,n9ahHuuuvtPLWHOOqHYAThVyljo=,duPB36L5le7XWBDXPvpW9bvVUYI=
35,24,sF2pqyCAjIBXvbAbU2nW8GUWPkk=,vUzQSCYEbxBFccUZfM4D4Zp5RZY=
36,24,sF2pqyCAjIBXvbAbU2nW8GUWPkk=,vUzQSCYEbxBFccUZfM4D4Zp5RZY=
38,21,n9ahHuuuvtPLWHOOqHYAThVyljo=,duPB36L5le7XWBDXPvpW9bvVUYI=
37,24,sF2pqyCAjIBXvbAbU2nW8GUWPkk=,vUzQSCYEbxBFccUZfM4D4Zp5RZY=
38,24,sF2pqyCAjIBXvbAbU2nW8GUWPkk=,vUzQSCYEbxBFccUZfM4D4Zp5RZY=
37,17,n9ahHuuuvtPLWHOOqHYAThVyljo=,duPB36L5le7XWBDXPvpW9bvVUYI=
34,20,n9ahHuuuvtPLWHOOqHYAThVyljo=,duPB36L5le7XWBDXPvpW9bvVUYI=
38,17,n9ahHuuuvtPLWHOOqHYAThVyljo=,duPB36L5le7XWBDXPvpW9bvVUYI=
39,24,sF2pqyCAjIBXvbAbU2nW8GUWPkk=,vUzQSCYEbxBFccUZfM4D4Zp5RZY=
40,17,n9ahHuuuvtPLWHOOqHYAThVyljo=,+391gUdO1zz+LZrLxjwTYpzxhOA=
39,17,n9ahHuuuvtPLWHOOqHYAThVyljo=,duPB36L5le7XWBDXPvpW9bvVUYI=
32,23,n9ahHuuuvtPLWHOOqHYAThVyljo=,duPB36L5le7XWBDXPvpW9bvVUYI=
36,17,n9ahHuuuvtPLWHOOqHYAThVyljo=,duPB36L5le7XWBDXPvpW9bvVUYI=
34,16,n9ahHuuuvtPLWHOOqHYAThVyljo=,duPB36L5le7XWBDXPvpW9bvVUYI=
40,21,n9ahHuuuvtPLWHOOqHYAThVyljo=,+391gUdO1zz+LZrLxjwTYpzxhOA=
33,17,n9ahHuuuvtPLWHOOqHYAThVyljo=,duPB36L5le7XWBDXPvpW9bvVUYI=
34,22,n9ahHuuuvtPLWHOOqHYAThVyljo=,duPB36L5le7XWBDXPvpW9bvVUYI=
32,17,n9ahHuuuvtPLWHOOqHYAThVyljo=,duPB36L5le7XWBDXPvpW9bvVUYI=
38,18,n9ahHuuuvtPLWHOOqHYAThVyljo=,duPB36L5le7XWBDXPvpW9bvVUYI=
35,19,n9ahHuuuvtPLWHOOqHYAThVyljo=,duPB36L5le7XWBDXPvpW9bvVUYI=
34,17,n9ahHuuuvtPLWHOOqHYAThVyljo=,duPB36L5le7XWBDXPvpW9bvVUYI=
37,16,n9ahHuuuvtPLWHOOqHYAThVyljo=,duPB36L5le7XWBDXPvpW9bvVUYI=
39,16,n9ahHuuuvtPLWHOOqHYAThVyljo=,duPB36L5le7XWBDXPvpW9bvVUYI=
38,16,n9ahHuuuvtPLWHOOqHYAThVyljo=,duPB36L5le7XWBDXPvpW9bvVUYI=
33,22,n9ahHuuuvtPLWHOOqHYAThVyljo=,duPB36L5le7XWBDXPvpW9bvVUYI=
38,19,n9ahHuuuvtPLWHOOqHYAThVyljo=,duPB36L5le7XWBDXPvpW9bvVUYI=
39,22,n9ahHuuuvtPLWHOOqHYAThVyljo=,duPB36L5le7XWBDXPvpW9bvVUYI=
39,18,n9ahHuuuvtPLWHOOqHYAThVyljo=,duPB36L5le7XWBDXPvpW9bvVUYI=
39,21,n9ahHuuuvtPLWHOOqHYAThVyljo=,duPB36L5le7XWBDXPvpW9bvVUYI=
35,17,n9ahHuuuvtPLWHOOqHYAThVyljo=,duPB36L5le7XWBDXPvpW9bvVUYI=
32,22,n9ahHuuuvtPLWHOOqHYAThVyljo=,duPB36L5le7XWBDXPvpW9bvVUYI=
36,20,n9ahHuuuvtPLWHOOqHYAThVyljo=,duPB36L5le7XWBDXPvpW9bvVUYI=
32,19,n9ahHuuuvtPLWHOOqHYAThVyljo=,duPB36L5le7XWBDXPvpW9bvVUYI=
40,20,n9ahHuuuvtPLWHOOqHYAThVyljo=,+391gUdO1zz+LZrLxjwTYpzxhOA=
36,19,n9ahHuuuvtPLWHOOqHYAThVyljo=,duPB36L5le7XWBDXPvpW9bvVUYI=
37,20,n9ahHuuuvtPLWHOOqHYAThVyljo=,duPB36L5le7XWBDXPvpW9bvVUYI=
38,22,n9ahHuuuvtPLWHOOqHYAThVyljo=,duPB36L5le7XWBDXPvpW9bvVUYI=
40,16,n9ahHuuuvtPLWHOOqHYAThVyljo=,+391gUdO1zz+LZrLxjwTYpzxhOA=
35,20,n9ahHuuuvtPLWHOOqHYAThVyljo=,duPB36L5le7XWBDXPvpW9bvVUYI=
37,19,n9ahHuuuvtPLWHOOqHYAThVyljo=,duPB36L5le7XWBDXPvpW9bvVUYI=
55,23,Jd+SGcc+D/3YMCV1xAtoYEVVwMk=,SraQODIzT56kxT6GxXDP6BSvUcI=
53,18,Jd+SGcc+D/3YMCV1xAtoYEVVwMk=,SraQODIzT56kxT6GxXDP6BSvUcI=
54,23,Jd+SGcc+D/3YMCV1xAtoYEVVwMk=,SraQODIzT56kxT6GxXDP6BSvUcI=
55,17,Jd+SGcc+D/3YMCV1xAtoYEVVwMk=,SraQODIzT56kxT6GxXDP6BSvUcI=
53,23,Jd+SGcc+D/3YMCV1xAtoYEVVwMk=,SraQODIzT56kxT6GxXDP6BSvUcI=
52,23,Jd+SGcc+D/3YMCV1xAtoYEVVwMk=,SraQODIzT56kxT6GxXDP6BSvUcI=
51,23,Jd+SGcc+D/3YMCV1xAtoYEVVwMk=,SraQODIzT56kxT6GxXDP6BSvUcI=
52,16,Jd+SGcc+D/3YMCV1xAtoYEVVwMk=,SraQODIzT56kxT6GxXDP6BSvUcI=
50,23,Jd+SGcc+D/3YMCV1xAtoYEVVwMk=,SraQODIzT56kxT6GxXDP6BSvUcI=
49,17,Jd+SGcc+D/3YMCV1xAtoYEVVwMk=,SraQODIzT56kxT6GxXDP6BSvUcI=
49,23,Jd+SGcc+D/3YMCV1xAtoYEVVwMk=,SraQODIzT56kxT6GxXDP6BSvUcI=
48,23,Jd+SGcc+D/3YMCV1xAtoYEVVwMk=,SraQODIzT56kxT6GxXDP6BSvUcI=
55,22,Jd+SGcc+D/3YMCV1xAtoYEVVwMk=,SraQODIzT56kxT6GxXDP6BSvUcI=
53,16,Jd+SGcc+D/3YMCV1xAtoYEVVwMk=,SraQODIzT56kxT6GxXDP6BSvUcI=
54,22,Jd+SGcc+D/3YMCV1xAtoYEVVwMk=,SraQODIzT56kxT6GxXDP6BSvUcI=
54,18,Jd+SGcc+D/3YMCV1xAtoYEVVwMk=,SraQODIzT56kxT6GxXDP6BSvUcI=
54,17,Jd+SGcc+D/3YMCV1xAtoYEVVwMk=,SraQODIzT56kxT6GxXDP6BSvUcI=
48,18,Jd+SGcc+D/3YMCV1xAtoYEVVwMk=,SraQODIzT56kxT6GxXDP6BSvUcI=
53,22,Jd+SGcc+D/3YMCV1xAtoYEVVwMk=,SraQODIzT56kxT6GxXDP6BSvUcI=
52,22,Jd+SGcc+D/3YMCV1xAtoYEVVwMk=,SraQODIzT56kxT6GxXDP6BSvUcI=
53,17,Jd+SGcc+D/3YMCV1xAtoYEVVwMk=,SraQODIzT56kxT6GxXDP6BSvUcI=
48,17,Jd+SGcc+D/3YMCV1xAtoYEVVwMk=,SraQODIzT56kxT6GxXDP6BSvUcI=
50,22,Jd+SGcc+D/3YMCV1xAtoYEVVwMk=,SraQODIzT56kxT6GxXDP6BSvUcI=
51,22,Jd+SGcc+D/3YMCV1xAtoYEVVwMk=,SraQODIzT56kxT6GxXDP6BSvUcI=
49,22,Jd+SGcc+D/3YMCV1xAtoYEVVwMk=,SraQODIzT56kxT6GxXDP6BSvUcI=
48,22,Jd+SGcc+D/3YMCV1xAtoYEVVwMk=,SraQODIzT56kxT6GxXDP6BSvUcI=
55,21,Jd+SGcc+D/3YMCV1xAtoYEVVwMk=,SraQODIzT56kxT6GxXDP6BSvUcI=
52,18,Jd+SGcc+D/3YMCV1xAtoYEVVwMk=,SraQODIzT56kxT6GxXDP6BSvUcI=
55,16,Jd+SGcc+D/3YMCV1xAtoYEVVwMk=,SraQODIzT56kxT6GxXDP6BSvUcI=
54,16,Jd+SGcc+D/3YMCV1xAtoYEVVwMk=,SraQODIzT56kxT6GxXDP6BSvUcI=
54,21,Jd+SGcc+D/3YMCV1xAtoYEVVwMk=,SraQODIzT56kxT6GxXDP6BSvUcI=
52,17,Jd+SGcc+D/3YMCV1xAtoYEVVwMk=,SraQODIzT56kxT6GxXDP6BSvUcI=
48,16,Jd+SGcc+D/3YMCV1xAtoYEVVwMk=,SraQODIzT56kxT6GxXDP6BSvUcI=
55,18,Jd+SGcc+D/3YMCV1xAtoYEVVwMk=,SraQODIzT56kxT6GxXDP6BSvUcI=
48,19,Jd+SGcc+D/3YMCV1xAtoYEVVwMk=,SraQODIzT56kxT6GxXDP6BSvUcI=
49,19,Jd+SGcc+D/3YMCV1xAtoYEVVwMk=,SraQODIzT56kxT6GxXDP6BSvUcI=
51,16,Jd+SGcc+D/3YMCV1xAtoYEVVwMk=,SraQODIzT56kxT6GxXDP6BSvUcI=
50,16,Jd+SGcc+D/3YMCV1xAtoYEVVwMk=,SraQODIzT56kxT6GxXDP6BSvUcI=
51,18,Jd+SGcc+D/3YMCV1xAtoYEVVwMk=,SraQODIzT56kxT6GxXDP6BSvUcI=
53,21,Jd+SGcc+D/3YMCV1xAtoYEVVwMk=,SraQODIzT56kxT6GxXDP6BSvUcI=
52,21,Jd+SGcc+D/3YMCV1xAtoYEVVwMk=,SraQODIzT56kxT6GxXDP6BSvUcI=
50,19,Jd+SGcc+D/3YMCV1xAtoYEVVwMk=,SraQODIzT56kxT6GxXDP6BSvUcI=
51,17,Jd+SGcc+D/3YMCV1xAtoYEVVwMk=,SraQODIzT56kxT6GxXDP6BSvUcI=
51,21,Jd+SGcc+D/3YMCV1xAtoYEVVwMk=,SraQODIzT56kxT6GxXDP6BSvUcI=
48,21,Jd+SGcc+D/3YMCV1xAtoYEVVwMk=,SraQODIzT56kxT6GxXDP6BSvUcI=
55,20,Jd+SGcc+D/3YMCV1xAtoYEVVwMk=,SraQODIzT56kxT6GxXDP6BSvUcI=
50,21,Jd+SGcc+D/3YMCV1xAtoYEVVwMk=,SraQODIzT56kxT6GxXDP6BSvUcI=
49,21,Jd+SGcc+D/3YMCV1xAtoYEVVwMk=,SraQODIzT56kxT6GxXDP6BSvUcI=
53,20,Jd+SGcc+D/3YMCV1xAtoYEVVwMk=,SraQODIzT56kxT6GxXDP6BSvUcI=
54,20,Jd+SGcc+D/3YMCV1xAtoYEVVwMk=,SraQODIzT56kxT6GxXDP6BSvUcI=
50,18,Jd+SGcc+D/3YMCV1xAtoYEVVwMk=,SraQODIzT56kxT6GxXDP6BSvUcI=
49,16,Jd+SGcc+D/3YMCV1xAtoYEVVwMk=,SraQODIzT56kxT6GxXDP6BSvUcI=
51,19,Jd+SGcc+D/3YMCV1xAtoYEVVwMk=,SraQODIzT56kxT6GxXDP6BSvUcI=
52,20,Jd+SGcc+D/3YMCV1xAtoYEVVwMk=,SraQODIzT56kxT6GxXDP6BSvUcI=
49,20,Jd+SGcc+D/3YMCV1xAtoYEVVwMk=,SraQODIzT56kxT6GxXDP6BSvUcI=
48,20,Jd+SGcc+D/3YMCV1xAtoYEVVwMk=,SraQODIzT56kxT6GxXDP6BSvUcI=
55,19,Jd+SGcc+D/3YMCV1xAtoYEVVwMk=,SraQODIzT56kxT6GxXDP6BSvUcI=
51,20,Jd+SGcc+D/3YMCV1xAtoYEVVwMk=,SraQODIzT56kxT6GxXDP6BSvUcI=
54,19,Jd+SGcc+D/3YMCV1xAtoYEVVwMk=,SraQODIzT56kxT6GxXDP6BSvUcI=
49,18,Jd+SGcc+D/3YMCV1xAtoYEVVwMk=,SraQODIzT56kxT6GxXDP6BSvUcI=
53,19,Jd+SGcc+D/3YMCV1xAtoYEVVwMk=,SraQODIzT56kxT6GxXDP6BSvUcI=
50,17,Jd+SGcc+D/3YMCV1xAtoYEVVwMk=,SraQODIzT56kxT6GxXDP6BSvUcI=
52,19,Jd+SGcc+D/3YMCV1xAtoYEVVwMk=,SraQODIzT56kxT6GxXDP6BSvUcI=
50,20,Jd+SGcc+D/3YMCV1xAtoYEVVwMk=,SraQODIzT56kxT6GxXDP6BSvUcI=
60,7,HmurLpBFuPBPp4aUh0Q67QvBe/4=,ZlrSSBJ0rZknfyxVeJTgMOmFC1s=
59,7,HmurLpBFuPBPp4aUh0Q67QvBe/4=,ZlrSSBJ0rZknfyxVeJTgMOmFC1s=
58,7,HmurLpBFuPBPp4aUh0Q67QvBe/4=,ZlrSSBJ0rZknfyxVeJTgMOmFC1s=
57,7,HmurLpBFuPBPp4aUh0Q67QvBe/4=,ZlrSSBJ0rZknfyxVeJTgMOmFC1s=
63,6,HmurLpBFuPBPp4aUh0Q67QvBe/4=,ZlrSSBJ0rZknfyxVeJTgMOmFC1s=
61,6,HmurLpBFuPBPp4aUh0Q67QvBe/4=,ZlrSSBJ0rZknfyxVeJTgMOmFC1s=
62,6,HmurLpBFuPBPp4aUh0Q67QvBe/4=,ZlrSSBJ0rZknfyxVeJTgMOmFC1s=
60,6,HmurLpBFuPBPp4aUh0Q67QvBe/4=,ZlrSSBJ0rZknfyxVeJTgMOmFC1s=
59,6,HmurLpBFuPBPp4aUh0Q67QvBe/4=,ZlrSSBJ0rZknfyxVeJTgMOmFC1s=
58,6,HmurLpBFuPBPp4aUh0Q67QvBe/4=,ZlrSSBJ0rZknfyxVeJTgMOmFC1s=
63,5,HmurLpBFuPBPp4aUh0Q67QvBe/4=,ZlrSSBJ0rZknfyxVeJTgMOmFC1s=
57,6,HmurLpBFuPBPp4aUh0Q67QvBe/4=,ZlrSSBJ0rZknfyxVeJTgMOmFC1s=
62,5,HmurLpBFuPBPp4aUh0Q67QvBe/4=,ZlrSSBJ0rZknfyxVeJTgMOmFC1s=
61,5,HmurLpBFuPBPp4aUh0Q67QvBe/4=,ZlrSSBJ0rZknfyxVeJTgMOmFC1s=
60,5,HmurLpBFuPBPp4aUh0Q67QvBe/4=,ZlrSSBJ0rZknfyxVeJTgMOmFC1s=
59,5,HmurLpBFuPBPp4aUh0Q67QvBe/4=,ZlrSSBJ0rZknfyxVeJTgMOmFC1s=
57,5,HmurLpBFuPBPp4aUh0Q67QvBe/4=,ZlrSSBJ0rZknfyxVeJTgMOmFC1s=
58,5,HmurLpBFuPBPp4aUh0Q67QvBe/4=,ZlrSSBJ0rZknfyxVeJTgMOmFC1s=
63,4,HmurLpBFuPBPp4aUh0Q67QvBe/4=,ZlrSSBJ0rZknfyxVeJTgMOmFC1s=
62,4,HmurLpBFuPBPp4aUh0Q67QvBe/4=,ZlrSSBJ0rZknfyxVeJTgMOmFC1s=
60,4,HmurLpBFuPBPp4aUh0Q67QvBe/4=,ZlrSSBJ0rZknfyxVeJTgMOmFC1s=
59,4,HmurLpBFuPBPp4aUh0Q67QvBe/4=,ZlrSSBJ0rZknfyxVeJTgMOmFC1s=
61,4,HmurLpBFuPBPp4aUh0Q67QvBe/4=,ZlrSSBJ0rZknfyxVeJTgMOmFC1s=
58,4,HmurLpBFuPBPp4aUh0Q67QvBe/4=,ZlrSSBJ0rZknfyxVeJTgMOmFC1s=
57,4,HmurLpBFuPBPp4aUh0Q67QvBe/4=,ZlrSSBJ0rZknfyxVeJTgMOmFC1s=
63,3,HmurLpBFuPBPp4aUh0Q67QvBe/4=,ZlrSSBJ0rZknfyxVeJTgMOmFC1s=
62,3,HmurLpBFuPBPp4aUh0Q67QvBe/4=,ZlrSSBJ0rZknfyxVeJTgMOmFC1s=
61,3,HmurLpBFuPBPp4aUh0Q67QvBe/4=,ZlrSSBJ0rZknfyxVeJTgMOmFC1s=
60,3,HmurLpBFuPBPp4aUh0Q67QvBe/4=,ZlrSSBJ0rZknfyxVeJTgMOmFC1s=
58,3,HmurLpBFuPBPp4aUh0Q67QvBe/4=,ZlrSSBJ0rZknfyxVeJTgMOmFC1s=
57,3,HmurLpBFuPBPp4aUh0Q67QvBe/4=,ZlrSSBJ0rZknfyxVeJTgMOmFC1s=
59,3,HmurLpBFuPBPp4aUh0Q67QvBe/4=,ZlrSSBJ0rZknfyxVeJTgMOmFC1s=
52,7,HmurLpBFuPBPp4aUh0Q67QvBe/4=,8qPLDDBMTX2FF3t+q5p5OLi8nWk=
54,5,HmurLpBFuPBPp4aUh0Q67QvBe/4=,8qPLDDBMTX2FF3t+q5p5OLi8nWk=
55,5,HmurLpBFuPBPp4aUh0Q67QvBe/4=,8qPLDDBMTX2FF3t+q5p5OLi8nWk=
53,7,HmurLpBFuPBPp4aUh0Q67QvBe/4=,8qPLDDBMTX2FF3t+q5p5OLi8nWk=
48,6,HmurLpBFuPBPp4aUh0Q67QvBe/4=,8qPLDDBMTX2FF3t+q5p5OLi8nWk=
54,7,HmurLpBFuPBPp4aUh0Q67QvBe/4=,8qPLDDBMTX2FF3t+q5p5OLi8nWk=
55,7,HmurLpBFuPBPp4aUh0Q67QvBe/4=,8qPLDDBMTX2FF3t+q5p5OLi8nWk=
56,0,HmurLpBFuPBPp4aUh0Q67QvBe/4=,ZlrSSBJ0rZknfyxVeJTgMOmFC1s=
48,5,HmurLpBFuPBPp4aUh0Q67QvBe/4=,8qPLDDBMTX2FF3t+q5p5OLi8nWk=
52,0,HmurLpBFuPBPp4aUh0Q67QvBe/4=,8qPLDDBMTX2FF3t+q5p5OLi8nWk=
53,0,HmurLpBFuPBPp4aUh0Q67QvBe/4=,8qPLDDBMTX2FF3t+q5p5OLi8nWk=
49,6,HmurLpBFuPBPp4aUh0Q67QvBe/4=,8qPLDDBMTX2FF3t+q5p5OLi8nWk=
49,0,HmurLpBFuPBPp4aUh0Q67QvBe/4=,8qPLDDBMTX2FF3t+q5p5OLi8nWk=
62,2,HmurLpBFuPBPp4aUh0Q67QvBe/4=,ZlrSSBJ0rZknfyxVeJTgMOmFC1s=
60,2,HmurLpBFuPBPp4aUh0Q67QvBe/4=,ZlrSSBJ0rZknfyxVeJTgMOmFC1s=
61,2,HmurLpBFuPBPp4aUh0Q67QvBe/4=,ZlrSSBJ0rZknfyxVeJTgMOmFC1s=
59,2,HmurLpBFuPBPp4aUh0Q67QvBe/4=,ZlrSSBJ0rZknfyxVeJTgMOmFC1s=
63,2,HmurLpBFuPBPp4aUh0Q67QvBe/4=,ZlrSSBJ0rZknfyxVeJTgMOmFC1s=
58,2,HmurLpBFuPBPp4aUh0Q67QvBe/4=,ZlrSSBJ0rZknfyxVeJTgMOmFC1s=
56,1,HmurLpBFuPBPp4aUh0Q67QvBe/4=,ZlrSSBJ0rZknfyxVeJTgMOmFC1s=
50,3,HmurLpBFuPBPp4aUh0Q67QvBe/4=,8qPLDDBMTX2FF3t+q5p5OLi8nWk=
50,4,HmurLpBFuPBPp4aUh0Q67QvBe/4=,8qPLDDBMTX2FF3t+q5p5OLi8nWk=
54,0,HmurLpBFuPBPp4aUh0Q67QvBe/4=,8qPLDDBMTX2FF3t+q5p5OLi8nWk=
57,2,HmurLpBFuPBPp4aUh0Q67QvBe/4=,ZlrSSBJ0rZknfyxVeJTgMOmFC1s=
62,1,HmurLpBFuPBPp4aUh0Q67QvBe/4=,ZlrSSBJ0rZknfyxVeJTgMOmFC1s=
63,1,HmurLpBFuPBPp4aUh0Q67QvBe/4=,ZlrSSBJ0rZknfyxVeJTgMOmFC1s=
51,7,HmurLpBFuPBPp4aUh0Q67QvBe/4=,8qPLDDBMTX2FF3t+q5p5OLi8nWk=
52,1,HmurLpBFuPBPp4aUh0Q67QvBe/4=,8qPLDDBMTX2FF3t+q5p5OLi8nWk=
49,5,HmurLpBFuPBPp4aUh0Q67QvBe/4=,8qPLDDBMTX2FF3t+q5p5OLi8nWk=
61,1,HmurLpBFuPBPp4aUh0Q67QvBe/4=,ZlrSSBJ0rZknfyxVeJTgMOmFC1s=
59,1,HmurLpBFuPBPp4aUh0Q67QvBe/4=,ZlrSSBJ0rZknfyxVeJTgMOmFC1s=
53,6,HmurLpBFuPBPp4aUh0Q67QvBe/4=,8qPLDDBMTX2FF3t+q5p5OLi8nWk=
63,0,HmurLpBFuPBPp4aUh0Q67QvBe/4=,ZlrSSBJ0rZknfyxVeJTgMOmFC1s=
53,5,HmurLpBFuPBPp4aUh0Q67QvBe/4=,8qPLDDBMTX2FF3t+q5p5OLi8nWk=
62,0,HmurLpBFuPBPp4aUh0Q67QvBe/4=,ZlrSSBJ0rZknfyxVeJTgMOmFC1s=
50,7,HmurLpBFuPBPp4aUh0Q67QvBe/4=,8qPLDDBMTX2FF3t+q5p5OLi8nWk=
56,7,HmurLpBFuPBPp4aUh0Q67QvBe/4=,ZlrSSBJ0rZknfyxVeJTgMOmFC1s=
61,0,HmurLpBFuPBPp4aUh0Q67QvBe/4=,ZlrSSBJ0rZknfyxVeJTgMOmFC1s=
60,0,HmurLpBFuPBPp4aUh0Q67QvBe/4=,ZlrSSBJ0rZknfyxVeJTgMOmFC1s=
59,0,HmurLpBFuPBPp4aUh0Q67QvBe/4=,ZlrSSBJ0rZknfyxVeJTgMOmFC1s=
55,4,HmurLpBFuPBPp4aUh0Q67QvBe/4=,8qPLDDBMTX2FF3t+q5p5OLi8nWk=
58,0,HmurLpBFuPBPp4aUh0Q67QvBe/4=,ZlrSSBJ0rZknfyxVeJTgMOmFC1s=
54,4,HmurLpBFuPBPp4aUh0Q67QvBe/4=,8qPLDDBMTX2FF3t+q5p5OLi8nWk=
55,0,HmurLpBFuPBPp4aUh0Q67QvBe/4=,8qPLDDBMTX2FF3t+q5p5OLi8nWk=
50,5,HmurLpBFuPBPp4aUh0Q67QvBe/4=,8qPLDDBMTX2FF3t+q5p5OLi8nWk=
60,1,HmurLpBFuPBPp4aUh0Q67QvBe/4=,ZlrSSBJ0rZknfyxVeJTgMOmFC1s=
51,0,HmurLpBFuPBPp4aUh0Q67QvBe/4=,8qPLDDBMTX2FF3t+q5p5OLi8nWk=
49,4,HmurLpBFuPBPp4aUh0Q67QvBe/4=,8qPLDDBMTX2FF3t+q5p5OLi8nWk=
57,0,HmurLpBFuPBPp4aUh0Q67QvBe/4=,ZlrSSBJ0rZknfyxVeJTgMOmFC1s=
63,7,HmurLpBFuPBPp4aUh0Q67QvBe/4=,ZlrSSBJ0rZknfyxVeJTgMOmFC1s=
62,7,HmurLpBFuPBPp4aUh0Q67QvBe/4=,ZlrSSBJ0rZknfyxVeJTgMOmFC1s=
61,7,HmurLpBFuPBPp4aUh0Q67QvBe/4=,ZlrSSBJ0rZknfyxVeJTgMOmFC1s=
49,7,HmurLpBFuPBPp4aUh0Q67QvBe/4=,8qPLDDBMTX2FF3t+q5p5OLi8nWk=
56,6,HmurLpBFuPBPp4aUh0Q67QvBe/4=,ZlrSSBJ0rZknfyxVeJTgMOmFC1s=
48,4,HmurLpBFuPBPp4aUh0Q67QvBe/4=,8qPLDDBMTX2FF3t+q5p5OLi8nWk=
52,6,HmurLpBFuPBPp4aUh0Q67QvBe/4=,8qPLDDBMTX2FF3t+q5p5OLi8nWk=
58,1,HmurLpBFuPBPp4aUh0Q67QvBe/4=,ZlrSSBJ0rZknfyxVeJTgMOmFC1s=
56,2,HmurLpBFuPBPp4aUh0Q67QvBe/4=,ZlrSSBJ0rZknfyxVeJTgMOmFC1s=
51,4,HmurLpBFuPBPp4aUh0Q67QvBe/4=,8qPLDDBMTX2FF3t+q5p5OLi8nWk=
52,4,HmurLpBFuPBPp4aUh0Q67QvBe/4=,8qPLDDBMTX2FF3t+q5p5OLi8nWk=
51,5,HmurLpBFuPBPp4aUh0Q67QvBe/4=,8qPLDDBMTX2FF3t+q5p5OLi8nWk=
57,1,HmurLpBFuPBPp4aUh0Q67QvBe/4=,ZlrSSBJ0rZknfyxVeJTgMOmFC1s=
49,3,HmurLpBFuPBPp4aUh0Q67QvBe/4=,8qPLDDBMTX2FF3t+q5p5OLi8nWk=
55,3,HmurLpBFuPBPp4aUh0Q67QvBe/4=,8qPLDDBMTX2FF3t+q5p5OLi8nWk=
48,3,HmurLpBFuPBPp4aUh0Q67QvBe/4=,8qPLDDBMTX2FF3t+q5p5OLi8nWk=
50,1,HmurLpBFuPBPp4aUh0Q67QvBe/4=,8qPLDDBMTX2FF3t+q5p5OLi8nWk=
54,3,HmurLpBFuPBPp4aUh0Q67QvBe/4=,8qPLDDBMTX2FF3t+q5p5OLi8nWk=
53,3,HmurLpBFuPBPp4aUh0Q67QvBe/4=,8qPLDDBMTX2FF3t+q5p5OLi8nWk=
49,1,HmurLpBFuPBPp4aUh0Q67QvBe/4=,8qPLDDBMTX2FF3t+q5p5OLi8nWk=
51,6,HmurLpBFuPBPp4aUh0Q67QvBe/4=,8qPLDDBMTX2FF3t+q5p5OLi8nWk=
50,2,HmurLpBFuPBPp4aUh0Q67QvBe/4=,8qPLDDBMTX2FF3t+q5p5OLi8nWk=
51,2,HmurLpBFuPBPp4aUh0Q67QvBe/4=,8qPLDDBMTX2FF3t+q5p5OLi8nWk=
51,1,HmurLpBFuPBPp4aUh0Q67QvBe/4=,8qPLDDBMTX2FF3t+q5p5OLi8nWk=
52,3,HmurLpBFuPBPp4aUh0Q67QvBe/4=,8qPLDDBMTX2FF3t+q5p5OLi8nWk=
48,7,HmurLpBFuPBPp4aUh0Q67QvBe/4=,8qPLDDBMTX2FF3t+q5p5OLi8nWk=
48,1,HmurLpBFuPBPp4aUh0Q67QvBe/4=,8qPLDDBMTX2FF3t+q5p5OLi8nWk=
54,6,HmurLpBFuPBPp4aUh0Q67QvBe/4=,8qPLDDBMTX2FF3t+q5p5OLi8nWk=
54,2,HmurLpBFuPBPp4aUh0Q67QvBe/4=,8qPLDDBMTX2FF3t+q5p5OLi8nWk=
55,2,HmurLpBFuPBPp4aUh0Q67QvBe/4=,8qPLDDBMTX2FF3t+q5p5OLi8nWk=
56,5,HmurLpBFuPBPp4aUh0Q67QvBe/4=,ZlrSSBJ0rZknfyxVeJTgMOmFC1s=
51,3,HmurLpBFuPBPp4aUh0Q67QvBe/4=,8qPLDDBMTX2FF3t+q5p5OLi8nWk=
53,4,HmurLpBFuPBPp4aUh0Q67QvBe/4=,8qPLDDBMTX2FF3t+q5p5OLi8nWk=
49,2,HmurLpBFuPBPp4aUh0Q67QvBe/4=,8qPLDDBMTX2FF3t+q5p5OLi8nWk=
48,2,HmurLpBFuPBPp4aUh0Q67QvBe/4=,8qPLDDBMTX2FF3t+q5p5OLi8nWk=
52,5,HmurLpBFuPBPp4aUh0Q67QvBe/4=,8qPLDDBMTX2FF3t+q5p5OLi8nWk=
53,1,HmurLpBFuPBPp4aUh0Q67QvBe/4=,8qPLDDBMTX2FF3t+q5p5OLi8nWk=
56,3,HmurLpBFuPBPp4aUh0Q67QvBe/4=,ZlrSSBJ0rZknfyxVeJTgMOmFC1s=
55,6,HmurLpBFuPBPp4aUh0Q67QvBe/4=,8qPLDDBMTX2FF3t+q5p5OLi8nWk=
56,4,HmurLpBFuPBPp4aUh0Q67QvBe/4=,ZlrSSBJ0rZknfyxVeJTgMOmFC1s=
50,6,HmurLpBFuPBPp4aUh0Q67QvBe/4=,8qPLDDBMTX2FF3t+q5p5OLi8nWk=
48,0,HmurLpBFuPBPp4aUh0Q67QvBe/4=,8qPLDDBMTX2FF3t+q5p5OLi8nWk=
50,0,HmurLpBFuPBPp4aUh0Q67QvBe/4=,8qPLDDBMTX2FF3t+q5p5OLi8nWk=
53,2,HmurLpBFuPBPp4aUh0Q67QvBe/4=,8qPLDDBMTX2FF3t+q5p5OLi8nWk=
55,1,HmurLpBFuPBPp4aUh0Q67QvBe/4=,8qPLDDBMTX2FF3t+q5p5OLi8nWk=
54,1,HmurLpBFuPBPp4aUh0Q67QvBe/4=,8qPLDDBMTX2FF3t+q5p5OLi8nWk=
52,2,HmurLpBFuPBPp4aUh0Q67QvBe/4=,8qPLDDBMTX2FF3t+q5p5OLi8nWk=
