5,5,G8FvKCzakKS7p0+I/GgsDmxpppY=,0IVtd82mHArWozgmjpLgi/d+5Vw=
6,5,G8FvKCzakKS7p0+I/GgsDmxpppY=,0IVtd82mHArWozgmjpLgi/d+5Vw=
5,6,G8FvKCzakKS7p0+I/GgsDmxpppY=,0IVtd82mHArWozgmjpLgi/d+5Vw=
6,6,G8FvKCzakKS7p0+I/GgsDmxpppY=,0IVtd82mHArWozgmjpLgi/d+5Vw=
10,6,G8FvKCzakKS7p0+I/GgsDmxpppY=,ibGHEFm4kl2sz51YVY+xl/1cgZ0=
9,6,G8FvKCzakKS7p0+I/GgsDmxpppY=,ibGHEFm4kl2sz51YVY+xl/1cgZ0=
8,6,G8FvKCzakKS7p0+I/GgsDmxpppY=,ibGHEFm4kl2sz51YVY+xl/1cgZ0=
10,5,G8FvKCzakKS7p0+I/GgsDmxpppY=,ibGHEFm4kl2sz51YVY+xl/1cgZ0=
9,5,G8FvKCzakKS7p0+I/GgsDmxpppY=,ibGHEFm4kl2sz51YVY+xl/1cgZ0=
8,5,G8FvKCzakKS7p0+I/GgsDmxpppY=,ibGHEFm4kl2sz51YVY+xl/1cgZ0=
7,5,G8FvKCzakKS7p0+I/GgsDmxpppY=,0IVtd82mHArWozgmjpLgi/d+5Vw=
7,6,G8FvKCzakKS7p0+I/GgsDmxpppY=,0IVtd82mHArWozgmjpLgi/d+5Vw=
4,5,G8FvKCzakKS7p0+I/GgsDmxpppY=,0IVtd82mHArWozgmjpLgi/d+5Vw=
4,6,G8FvKCzakKS7p0+I/GgsDmxpppY=,0IVtd82mHArWozgmjpLgi/d+5Vw=
1,6,G8FvKCzakKS7p0+I/GgsDmxpppY=,9eLzEghdmzM8HiN29Ez58Ty3rts=
2,6,G8FvKCzakKS7p0+I/GgsDmxpppY=,9eLzEghdmzM8HiN29Ez58Ty3rts=
1,5,G8FvKCzakKS7p0+I/GgsDmxpppY=,9eLzEghdmzM8HiN29Ez58Ty3rts=
2,5,G8FvKCzakKS7p0+I/GgsDmxpppY=,9eLzEghdmzM8HiN29Ez58Ty3rts=
3,5,G8FvKCzakKS7p0+I/GgsDmxpppY=,9eLzEghdmzM8HiN29Ez58Ty3rts=
3,6,G8FvKCzakKS7p0+I/GgsDmxpppY=,9eLzEghdmzM8HiN29Ez58Ty3rts=
1,7,G8FvKCzakKS7p0+I/GgsDmxpppY=,9eLzEghdmzM8HiN29Ez58Ty3rts=
1,9,G8FvKCzakKS7p0+I/GgsDmxpppY=,1N3depIpsXrTT0MMYjPVESkNXU0=
2,10,G8FvKCzakKS7p0+I/GgsDmxpppY=,1N3depIpsXrTT0MMYjPVESkNXU0=
2,9,G8FvKCzakKS7p0+I/GgsDmxpppY=,1N3depIpsXrTT0MMYjPVESkNXU0=
1,8,G8FvKCzakKS7p0+I/GgsDmxpppY=,1N3depIpsXrTT0MMYjPVESkNXU0=
2,7,G8FvKCzakKS7p0+I/GgsDmxpppY=,9eLzEghdmzM8HiN29Ez58Ty3rts=
2,8,G8FvKCzakKS7p0+I/GgsDmxpppY=,1N3depIpsXrTT0MMYjPVESkNXU0=
1,10,G8FvKCzakKS7p0+I/GgsDmxpppY=,1N3depIpsXrTT0MMYjPVESkNXU0=
3,9,G8FvKCzakKS7p0+I/GgsDmxpppY=,1N3depIpsXrTT0MMYjPVESkNXU0=
3,8,G8FvKCzakKS7p0+I/GgsDmxpppY=,1N3depIpsXrTT0MMYjPVESkNXU0=
4,9,G8FvKCzakKS7p0+I/GgsDmxpppY=,sFKEVWYvW/Bp0I0E6WZ3lt0nEGM=
4,10,G8FvKCzakKS7p0+I/GgsDmxpppY=,sFKEVWYvW/Bp0I0E6WZ3lt0nEGM=
3,7,G8FvKCzakKS7p0+I/GgsDmxpppY=,9eLzEghdmzM8HiN29Ez58Ty3rts=
4,8,G8FvKCzakKS7p0+I/GgsDmxpppY=,sFKEVWYvW/Bp0I0E6WZ3lt0nEGM=
5,9,G8FvKCzakKS7p0+I/GgsDmxpppY=,sFKEVWYvW/Bp0I0E6WZ3lt0nEGM=
5,8,G8FvKCzakKS7p0+I/GgsDmxpppY=,sFKEVWYvW/Bp0I0E6WZ3lt0nEGM=
4,7,G8FvKCzakKS7p0+I/GgsDmxpppY=,0IVtd82mHArWozgmjpLgi/d+5Vw=
6,8,G8FvKCzakKS7p0+I/GgsDmxpppY=,sFKEVWYvW/Bp0I0E6WZ3lt0nEGM=
6,9,G8FvKCzakKS7p0+I/GgsDmxpppY=,sFKEVWYvW/Bp0I0E6WZ3lt0nEGM=
5,10,G8FvKCzakKS7p0+I/GgsDmxpppY=,sFKEVWYvW/Bp0I0E6WZ3lt0nEGM=
1,1,G8FvKCzakKS7p0+I/GgsDmxpppY=,NBmeWg15X26AClxSm/56YYs5pMc=
2,2,G8FvKCzakKS7p0+I/GgsDmxpppY=,NBmeWg15X26AClxSm/56YYs5pMc=
4,3,G8FvKCzakKS7p0+I/GgsDmxpppY=,9tJ30RQ7RJXy2fFdkx5TczD83FM=
4,1,G8FvKCzakKS7p0+I/GgsDmxpppY=,9tJ30RQ7RJXy2fFdkx5TczD83FM=
2,3,G8FvKCzakKS7p0+I/GgsDmxpppY=,NBmeWg15X26AClxSm/56YYs5pMc=
1,3,G8FvKCzakKS7p0+I/GgsDmxpppY=,NBmeWg15X26AClxSm/56YYs5pMc=
2,1,G8FvKCzakKS7p0+I/GgsDmxpppY=,NBmeWg15X26AClxSm/56YYs5pMc=
5,1,G8FvKCzakKS7p0+I/GgsDmxpppY=,9tJ30RQ7RJXy2fFdkx5TczD83FM=
2,4,G8FvKCzakKS7p0+I/GgsDmxpppY=,9eLzEghdmzM8HiN29Ez58Ty3rts=
6,2,G8FvKCzakKS7p0+I/GgsDmxpppY=,9tJ30RQ7RJXy2fFdkx5TczD83FM=
6,1,G8FvKCzakKS7p0+I/GgsDmxpppY=,9tJ30RQ7RJXy2fFdkx5TczD83FM=
3,2,G8FvKCzakKS7p0+I/GgsDmxpppY=,NBmeWg15X26AClxSm/56YYs5pMc=
4,2,G8FvKCzakKS7p0+I/GgsDmxpppY=,9tJ30RQ7RJXy2fFdkx5TczD83FM=
1,4,G8FvKCzakKS7p0+I/GgsDmxpppY=,9eLzEghdmzM8HiN29Ez58Ty3rts=
1,2,G8FvKCzakKS7p0+I/GgsDmxpppY=,NBmeWg15X26AClxSm/56YYs5pMc=
6,4,G8FvKCzakKS7p0+I/GgsDmxpppY=,0IVtd82mHArWozgmjpLgi/d+5Vw=
5,3,G8FvKCzakKS7p0+I/GgsDmxpppY=,9tJ30RQ7RJXy2fFdkx5TczD83FM=
4,4,G8FvKCzakKS7p0+I/GgsDmxpppY=,0IVtd82mHArWozgmjpLgi/d+5Vw=
6,3,G8FvKCzakKS7p0+I/GgsDmxpppY=,9tJ30RQ7RJXy2fFdkx5TczD83FM=
3,4,G8FvKCzakKS7p0+I/GgsDmxpppY=,9eLzEghdmzM8HiN29Ez58Ty3rts=
5,2,G8FvKCzakKS7p0+I/GgsDmxpppY=,9tJ30RQ7RJXy2fFdkx5TczD83FM=
6,7,G8FvKCzakKS7p0+I/GgsDmxpppY=,0IVtd82mHArWozgmjpLgi/d+5Vw=
3,1,G8FvKCzakKS7p0+I/GgsDmxpppY=,NBmeWg15X26AClxSm/56YYs5pMc=
5,4,G8FvKCzakKS7p0+I/GgsDmxpppY=,0IVtd82mHArWozgmjpLgi/d+5Vw=
5,7,G8FvKCzakKS7p0+I/GgsDmxpppY=,0IVtd82mHArWozgmjpLgi/d+5Vw=
6,10,G8FvKCzakKS7p0+I/GgsDmxpppY=,sFKEVWYvW/Bp0I0E6WZ3lt0nEGM=
3,3,G8FvKCzakKS7p0+I/GgsDmxpppY=,NBmeWg15X26AClxSm/56YYs5pMc=
3,10,G8FvKCzakKS7p0+I/GgsDmxpppY=,1N3depIpsXrTT0MMYjPVESkNXU0=
9,4,G8FvKCzakKS7p0+I/GgsDmxpppY=,ibGHEFm4kl2sz51YVY+xl/1cgZ0=
8,4,G8FvKCzakKS7p0+I/GgsDmxpppY=,ibGHEFm4kl2sz51YVY+xl/1cgZ0=
10,4,G8FvKCzakKS7p0+I/GgsDmxpppY=,ibGHEFm4kl2sz51YVY+xl/1cgZ0=
10,14,G8FvKCzakKS7p0+I/GgsDmxpppY=,buAWxAsI4YwNAJWkEtyZTT1h168=
9,14,G8FvKCzakKS7p0+I/GgsDmxpppY=,buAWxAsI4YwNAJWkEtyZTT1h168=
10,13,G8FvKCzakKS7p0+I/GgsDmxpppY=,buAWxAsI4YwNAJWkEtyZTT1h168=
9,13,G8FvKCzakKS7p0+I/GgsDmxpppY=,buAWxAsI4YwNAJWkEtyZTT1h168=
10,3,G8FvKCzakKS7p0+I/GgsDmxpppY=,BCbKKW6tx+kxQdXDuOUrFlT9AaY=
9,3,G8FvKCzakKS7p0+I/GgsDmxpppY=,BCbKKW6tx+kxQdXDuOUrFlT9AaY=
14,10,G8FvKCzakKS7p0+I/GgsDmxpppY=,DCE9VvM7TGeu1avOG8RM7XVaZ+U=
7,2,G8FvKCzakKS7p0+I/GgsDmxpppY=,9tJ30RQ7RJXy2fFdkx5TczD83FM=
13,10,G8FvKCzakKS7p0+I/GgsDmxpppY=,DCE9VvM7TGeu1avOG8RM7XVaZ+U=
14,9,G8FvKCzakKS7p0+I/GgsDmxpppY=,DCE9VvM7TGeu1avOG8RM7XVaZ+U=
13,9,G8FvKCzakKS7p0+I/GgsDmxpppY=,DCE9VvM7TGeu1avOG8RM7XVaZ+U=
7,1,G8FvKCzakKS7p0+I/GgsDmxpppY=,9tJ30RQ7RJXy2fFdkx5TczD83FM=
14,8,G8FvKCzakKS7p0+I/GgsDmxpppY=,DCE9VvM7TGeu1avOG8RM7XVaZ+U=
13,8,G8FvKCzakKS7p0+I/GgsDmxpppY=,DCE9VvM7TGeu1avOG8RM7XVaZ+U=
11,6,G8FvKCzakKS7p0+I/GgsDmxpppY=,ibGHEFm4kl2sz51YVY+xl/1cgZ0=
8,3,G8FvKCzakKS7p0+I/GgsDmxpppY=,BCbKKW6tx+kxQdXDuOUrFlT9AaY=
8,14,G8FvKCzakKS7p0+I/GgsDmxpppY=,buAWxAsI4YwNAJWkEtyZTT1h168=
11,5,G8FvKCzakKS7p0+I/GgsDmxpppY=,ibGHEFm4kl2sz51YVY+xl/1cgZ0=
8,13,G8FvKCzakKS7p0+I/GgsDmxpppY=,buAWxAsI4YwNAJWkEtyZTT1h168=
5,11,G8FvKCzakKS7p0+I/GgsDmxpppY=,sFKEVWYvW/Bp0I0E6WZ3lt0nEGM=
6,11,G8FvKCzakKS7p0+I/GgsDmxpppY=,sFKEVWYvW/Bp0I0E6WZ3lt0nEGM=
10,2,G8FvKCzakKS7p0+I/GgsDmxpppY=,BCbKKW6tx+kxQdXDuOUrFlT9AaY=
9,15,G8FvKCzakKS7p0+I/GgsDmxpppY=,buAWxAsI4YwNAJWkEtyZTT1h168=
15,10,G8FvKCzakKS7p0+I/GgsDmxpppY=,DCE9VvM7TGeu1avOG8RM7XVaZ+U=
15,9,G8FvKCzakKS7p0+I/GgsDmxpppY=,DCE9VvM7TGeu1avOG8RM7XVaZ+U=
10,15,G8FvKCzakKS7p0+I/GgsDmxpppY=,buAWxAsI4YwNAJWkEtyZTT1h168=
7,4,G8FvKCzakKS7p0+I/GgsDmxpppY=,0IVtd82mHArWozgmjpLgi/d+5Vw=
9,2,G8FvKCzakKS7p0+I/GgsDmxpppY=,BCbKKW6tx+kxQdXDuOUrFlT9AaY=
5,0,G8FvKCzakKS7p0+I/GgsDmxpppY=,9tJ30RQ7RJXy2fFdkx5TczD83FM=
12,10,G8FvKCzakKS7p0+I/GgsDmxpppY=,DCE9VvM7TGeu1avOG8RM7XVaZ+U=
12,9,G8FvKCzakKS7p0+I/GgsDmxpppY=,DCE9VvM7TGeu1avOG8RM7XVaZ+U=
12,8,G8FvKCzakKS7p0+I/GgsDmxpppY=,DCE9VvM7TGeu1avOG8RM7XVaZ+U=
11,7,G8FvKCzakKS7p0+I/GgsDmxpppY=,ibGHEFm4kl2sz51YVY+xl/1cgZ0=
8,2,G8FvKCzakKS7p0+I/GgsDmxpppY=,BCbKKW6tx+kxQdXDuOUrFlT9AaY=
10,7,G8FvKCzakKS7p0+I/GgsDmxpppY=,ibGHEFm4kl2sz51YVY+xl/1cgZ0=
9,7,G8FvKCzakKS7p0+I/GgsDmxpppY=,ibGHEFm4kl2sz51YVY+xl/1cgZ0=
8,7,G8FvKCzakKS7p0+I/GgsDmxpppY=,ibGHEFm4kl2sz51YVY+xl/1cgZ0=
10,12,G8FvKCzakKS7p0+I/GgsDmxpppY=,buAWxAsI4YwNAJWkEtyZTT1h168=
9,12,G8FvKCzakKS7p0+I/GgsDmxpppY=,buAWxAsI4YwNAJWkEtyZTT1h168=
8,12,G8FvKCzakKS7p0+I/GgsDmxpppY=,buAWxAsI4YwNAJWkEtyZTT1h168=
10,11,G8FvKCzakKS7p0+I/GgsDmxpppY=,whoPgrlJCpASVFxEJqAA8ydbYIw=
9,11,G8FvKCzakKS7p0+I/GgsDmxpppY=,whoPgrlJCpASVFxEJqAA8ydbYIw=
8,11,G8FvKCzakKS7p0+I/GgsDmxpppY=,whoPgrlJCpASVFxEJqAA8ydbYIw=
10,1,G8FvKCzakKS7p0+I/GgsDmxpppY=,BCbKKW6tx+kxQdXDuOUrFlT9AaY=
11,10,G8FvKCzakKS7p0+I/GgsDmxpppY=,whoPgrlJCpASVFxEJqAA8ydbYIw=
7,3,G8FvKCzakKS7p0+I/GgsDmxpppY=,9tJ30RQ7RJXy2fFdkx5TczD83FM=
10,10,G8FvKCzakKS7p0+I/GgsDmxpppY=,whoPgrlJCpASVFxEJqAA8ydbYIw=
10,0,G8FvKCzakKS7p0+I/GgsDmxpppY=,BCbKKW6tx+kxQdXDuOUrFlT9AaY=
8,10,G8FvKCzakKS7p0+I/GgsDmxpppY=,whoPgrlJCpASVFxEJqAA8ydbYIw=
9,10,G8FvKCzakKS7p0+I/GgsDmxpppY=,whoPgrlJCpASVFxEJqAA8ydbYIw=
6,0,G8FvKCzakKS7p0+I/GgsDmxpppY=,9tJ30RQ7RJXy2fFdkx5TczD83FM=
8,8,G8FvKCzakKS7p0+I/GgsDmxpppY=,whoPgrlJCpASVFxEJqAA8ydbYIw=
9,8,G8FvKCzakKS7p0+I/GgsDmxpppY=,whoPgrlJCpASVFxEJqAA8ydbYIw=
8,9,G8FvKCzakKS7p0+I/GgsDmxpppY=,whoPgrlJCpASVFxEJqAA8ydbYIw=
9,0,G8FvKCzakKS7p0+I/GgsDmxpppY=,BCbKKW6tx+kxQdXDuOUrFlT9AaY=
10,8,G8FvKCzakKS7p0+I/GgsDmxpppY=,whoPgrlJCpASVFxEJqAA8ydbYIw=
9,9,G8FvKCzakKS7p0+I/GgsDmxpppY=,whoPgrlJCpASVFxEJqAA8ydbYIw=
0,9,G8FvKCzakKS7p0+I/GgsDmxpppY=,1N3depIpsXrTT0MMYjPVESkNXU0=
9,1,G8FvKCzakKS7p0+I/GgsDmxpppY=,BCbKKW6tx+kxQdXDuOUrFlT9AaY=
0,10,G8FvKCzakKS7p0+I/GgsDmxpppY=,1N3depIpsXrTT0MMYjPVESkNXU0=
8,0,G8FvKCzakKS7p0+I/GgsDmxpppY=,BCbKKW6tx+kxQdXDuOUrFlT9AaY=
8,1,G8FvKCzakKS7p0+I/GgsDmxpppY=,BCbKKW6tx+kxQdXDuOUrFlT9AaY=
7,7,G8FvKCzakKS7p0+I/GgsDmxpppY=,0IVtd82mHArWozgmjpLgi/d+5Vw=
11,8,G8FvKCzakKS7p0+I/GgsDmxpppY=,whoPgrlJCpASVFxEJqAA8ydbYIw=
7,9,G8FvKCzakKS7p0+I/GgsDmxpppY=,sFKEVWYvW/Bp0I0E6WZ3lt0nEGM=
11,9,G8FvKCzakKS7p0+I/GgsDmxpppY=,whoPgrlJCpASVFxEJqAA8ydbYIw=
7,10,G8FvKCzakKS7p0+I/GgsDmxpppY=,sFKEVWYvW/Bp0I0E6WZ3lt0nEGM=
7,11,G8FvKCzakKS7p0+I/GgsDmxpppY=,sFKEVWYvW/Bp0I0E6WZ3lt0nEGM=
7,8,G8FvKCzakKS7p0+I/GgsDmxpppY=,sFKEVWYvW/Bp0I0E6WZ3lt0nEGM=
10,9,G8FvKCzakKS7p0+I/GgsDmxpppY=,whoPgrlJCpASVFxEJqAA8ydbYIw=
7,0,G8FvKCzakKS7p0+I/GgsDmxpppY=,9tJ30RQ7RJXy2fFdkx5TczD83FM=
0,6,G8FvKCzakKS7p0+I/GgsDmxpppY=,9eLzEghdmzM8HiN29Ez58Ty3rts=
0,8,G8FvKCzakKS7p0+I/GgsDmxpppY=,1N3depIpsXrTT0MMYjPVESkNXU0=
2,0,G8FvKCzakKS7p0+I/GgsDmxpppY=,NBmeWg15X26AClxSm/56YYs5pMc=
0,7,G8FvKCzakKS7p0+I/GgsDmxpppY=,9eLzEghdmzM8HiN29Ez58Ty3rts=
0,2,G8FvKCzakKS7p0+I/GgsDmxpppY=,NBmeWg15X26AClxSm/56YYs5pMc=
15,11,G8FvKCzakKS7p0+I/GgsDmxpppY=,DCE9VvM7TGeu1avOG8RM7XVaZ+U=
13,11,G8FvKCzakKS7p0+I/GgsDmxpppY=,DCE9VvM7TGeu1avOG8RM7XVaZ+U=
12,11,G8FvKCzakKS7p0+I/GgsDmxpppY=,DCE9VvM7TGeu1avOG8RM7XVaZ+U=
14,11,G8FvKCzakKS7p0+I/GgsDmxpppY=,DCE9VvM7TGeu1avOG8RM7XVaZ+U=
15,15,G8FvKCzakKS7p0+I/GgsDmxpppY=,I/hmvUvuSXxtaYHNQzywdl6wXvo=
4,0,G8FvKCzakKS7p0+I/GgsDmxpppY=,9tJ30RQ7RJXy2fFdkx5TczD83FM=
14,15,G8FvKCzakKS7p0+I/GgsDmxpppY=,I/hmvUvuSXxtaYHNQzywdl6wXvo=
12,15,G8FvKCzakKS7p0+I/GgsDmxpppY=,I/hmvUvuSXxtaYHNQzywdl6wXvo=
0,5,G8FvKCzakKS7p0+I/GgsDmxpppY=,9eLzEghdmzM8HiN29Ez58Ty3rts=
13,15,G8FvKCzakKS7p0+I/GgsDmxpppY=,I/hmvUvuSXxtaYHNQzywdl6wXvo=
4,11,G8FvKCzakKS7p0+I/GgsDmxpppY=,sFKEVWYvW/Bp0I0E6WZ3lt0nEGM=
1,11,G8FvKCzakKS7p0+I/GgsDmxpppY=,1N3depIpsXrTT0MMYjPVESkNXU0=
2,11,G8FvKCzakKS7p0+I/GgsDmxpppY=,1N3depIpsXrTT0MMYjPVESkNXU0=
3,11,G8FvKCzakKS7p0+I/GgsDmxpppY=,1N3depIpsXrTT0MMYjPVESkNXU0=
8,15,G8FvKCzakKS7p0+I/GgsDmxpppY=,buAWxAsI4YwNAJWkEtyZTT1h168=
15,14,G8FvKCzakKS7p0+I/GgsDmxpppY=,I/hmvUvuSXxtaYHNQzywdl6wXvo=
0,11,G8FvKCzakKS7p0+I/GgsDmxpppY=,1N3depIpsXrTT0MMYjPVESkNXU0=
0,1,G8FvKCzakKS7p0+I/GgsDmxpppY=,NBmeWg15X26AClxSm/56YYs5pMc=
0,0,G8FvKCzakKS7p0+I/GgsDmxpppY=,NBmeWg15X26AClxSm/56YYs5pMc=
14,14,G8FvKCzakKS7p0+I/GgsDmxpppY=,I/hmvUvuSXxtaYHNQzywdl6wXvo=
13,14,G8FvKCzakKS7p0+I/GgsDmxpppY=,I/hmvUvuSXxtaYHNQzywdl6wXvo=
12,14,G8FvKCzakKS7p0+I/GgsDmxpppY=,I/hmvUvuSXxtaYHNQzywdl6wXvo=
15,13,G8FvKCzakKS7p0+I/GgsDmxpppY=,I/hmvUvuSXxtaYHNQzywdl6wXvo=
1,0,G8FvKCzakKS7p0+I/GgsDmxpppY=,NBmeWg15X26AClxSm/56YYs5pMc=
14,13,G8FvKCzakKS7p0+I/GgsDmxpppY=,I/hmvUvuSXxtaYHNQzywdl6wXvo=
0,3,G8FvKCzakKS7p0+I/GgsDmxpppY=,NBmeWg15X26AClxSm/56YYs5pMc=
13,13,G8FvKCzakKS7p0+I/GgsDmxpppY=,I/hmvUvuSXxtaYHNQzywdl6wXvo=
12,13,G8FvKCzakKS7p0+I/GgsDmxpppY=,I/hmvUvuSXxtaYHNQzywdl6wXvo=
15,12,G8FvKCzakKS7p0+I/GgsDmxpppY=,I/hmvUvuSXxtaYHNQzywdl6wXvo=
14,12,G8FvKCzakKS7p0+I/GgsDmxpppY=,I/hmvUvuSXxtaYHNQzywdl6wXvo=
3,0,G8FvKCzakKS7p0+I/GgsDmxpppY=,NBmeWg15X26AClxSm/56YYs5pMc=
15,8,G8FvKCzakKS7p0+I/GgsDmxpppY=,DCE9VvM7TGeu1avOG8RM7XVaZ+U=
13,12,G8FvKCzakKS7p0+I/GgsDmxpppY=,I/hmvUvuSXxtaYHNQzywdl6wXvo=
12,12,G8FvKCzakKS7p0+I/GgsDmxpppY=,I/hmvUvuSXxtaYHNQzywdl6wXvo=
11,15,G8FvKCzakKS7p0+I/GgsDmxpppY=,buAWxAsI4YwNAJWkEtyZTT1h168=
11,14,G8FvKCzakKS7p0+I/GgsDmxpppY=,buAWxAsI4YwNAJWkEtyZTT1h168=
11,13,G8FvKCzakKS7p0+I/GgsDmxpppY=,buAWxAsI4YwNAJWkEtyZTT1h168=
11,12,G8FvKCzakKS7p0+I/GgsDmxpppY=,buAWxAsI4YwNAJWkEtyZTT1h168=
11,11,G8FvKCzakKS7p0+I/GgsDmxpppY=,whoPgrlJCpASVFxEJqAA8ydbYIw=
0,4,G8FvKCzakKS7p0+I/GgsDmxpppY=,9eLzEghdmzM8HiN29Ez58Ty3rts=
14,3,G8FvKCzakKS7p0+I/GgsDmxpppY=,Tm914LG6MSBsaSqBEgQakdXayMw=
13,3,G8FvKCzakKS7p0+I/GgsDmxpppY=,Tm914LG6MSBsaSqBEgQakdXayMw=
15,3,G8FvKCzakKS7p0+I/GgsDmxpppY=,Tm914LG6MSBsaSqBEgQakdXayMw=
12,3,G8FvKCzakKS7p0+I/GgsDmxpppY=,Tm914LG6MSBsaSqBEgQakdXayMw=
15,2,G8FvKCzakKS7p0+I/GgsDmxpppY=,Tm914LG6MSBsaSqBEgQakdXayMw=
14,2,G8FvKCzakKS7p0+I/GgsDmxpppY=,Tm914LG6MSBsaSqBEgQakdXayMw=
13,2,G8FvKCzakKS7p0+I/GgsDmxpppY=,Tm914LG6MSBsaSqBEgQakdXayMw=
12,2,G8FvKCzakKS7p0+I/GgsDmxpppY=,Tm914LG6MSBsaSqBEgQakdXayMw=
11,3,G8FvKCzakKS7p0+I/GgsDmxpppY=,BCbKKW6tx+kxQdXDuOUrFlT9AaY=
11,2,G8FvKCzakKS7p0+I/GgsDmxpppY=,BCbKKW6tx+kxQdXDuOUrFlT9AaY=
11,4,G8FvKCzakKS7p0+I/GgsDmxpppY=,ibGHEFm4kl2sz51YVY+xl/1cgZ0=
15,1,G8FvKCzakKS7p0+I/GgsDmxpppY=,Tm914LG6MSBsaSqBEgQakdXayMw=
11,0,G8FvKCzakKS7p0+I/GgsDmxpppY=,BCbKKW6tx+kxQdXDuOUrFlT9AaY=
11,1,G8FvKCzakKS7p0+I/GgsDmxpppY=,BCbKKW6tx+kxQdXDuOUrFlT9AaY=
14,1,G8FvKCzakKS7p0+I/GgsDmxpppY=,Tm914LG6MSBsaSqBEgQakdXayMw=
13,0,G8FvKCzakKS7p0+I/GgsDmxpppY=,Tm914LG6MSBsaSqBEgQakdXayMw=
12,0,G8FvKCzakKS7p0+I/GgsDmxpppY=,Tm914LG6MSBsaSqBEgQakdXayMw=
14,0,G8FvKCzakKS7p0+I/GgsDmxpppY=,Tm914LG6MSBsaSqBEgQakdXayMw=
13,1,G8FvKCzakKS7p0+I/GgsDmxpppY=,Tm914LG6MSBsaSqBEgQakdXayMw=
12,1,G8FvKCzakKS7p0+I/GgsDmxpppY=,Tm914LG6MSBsaSqBEgQakdXayMw=
15,0,G8FvKCzakKS7p0+I/GgsDmxpppY=,Tm914LG6MSBsaSqBEgQakdXayMw=
29,1,G8FvKCzakKS7p0+I/GgsDmxpppY=,ZlrSSBJ0rZknfyxVeJTgMOmFC1s=
30,1,G8FvKCzakKS7p0+I/GgsDmxpppY=,ZlrSSBJ0rZknfyxVeJTgMOmFC1s=
29,2,G8FvKCzakKS7p0+I/GgsDmxpppY=,ZlrSSBJ0rZknfyxVeJTgMOmFC1s=
30,2,G8FvKCzakKS7p0+I/GgsDmxpppY=,ZlrSSBJ0rZknfyxVeJTgMOmFC1s=
25,0,G8FvKCzakKS7p0+I/GgsDmxpppY=,8qPLDDBMTX2FF3t+q5p5OLi8nWk=
24,2,G8FvKCzakKS7p0+I/GgsDmxpppY=,8qPLDDBMTX2FF3t+q5p5OLi8nWk=
24,1,G8FvKCzakKS7p0+I/GgsDmxpppY=,8qPLDDBMTX2FF3t+q5p5OLi8nWk=
24,3,G8FvKCzakKS7p0+I/GgsDmxpppY=,8qPLDDBMTX2FF3t+q5p5OLi8nWk=
31,1,G8FvKCzakKS7p0+I/GgsDmxpppY=,ZlrSSBJ0rZknfyxVeJTgMOmFC1s=
31,2,G8FvKCzakKS7p0+I/GgsDmxpppY=,ZlrSSBJ0rZknfyxVeJTgMOmFC1s=
27,3,G8FvKCzakKS7p0+I/GgsDmxpppY=,8qPLDDBMTX2FF3t+q5p5OLi8nWk=
29,3,G8FvKCzakKS7p0+I/GgsDmxpppY=,ZlrSSBJ0rZknfyxVeJTgMOmFC1s=
28,3,G8FvKCzakKS7p0+I/GgsDmxpppY=,ZlrSSBJ0rZknfyxVeJTgMOmFC1s=
30,3,G8FvKCzakKS7p0+I/GgsDmxpppY=,ZlrSSBJ0rZknfyxVeJTgMOmFC1s=
23,2,G8FvKCzakKS7p0+I/GgsDmxpppY=,cKl+b+73J6sc5FvMW+lFxwvHh4Q=
22,2,G8FvKCzakKS7p0+I/GgsDmxpppY=,cKl+b+73J6sc5FvMW+lFxwvHh4Q=
21,2,G8FvKCzakKS7p0+I/GgsDmxpppY=,cKl+b+73J6sc5FvMW+lFxwvHh4Q=
22,0,G8FvKCzakKS7p0+I/GgsDmxpppY=,cKl+b+73J6sc5FvMW+lFxwvHh4Q=
28,2,G8FvKCzakKS7p0+I/GgsDmxpppY=,ZlrSSBJ0rZknfyxVeJTgMOmFC1s=
23,3,G8FvKCzakKS7p0+I/GgsDmxpppY=,cKl+b+73J6sc5FvMW+lFxwvHh4Q=
21,0,G8FvKCzakKS7p0+I/GgsDmxpppY=,cKl+b+73J6sc5FvMW+lFxwvHh4Q=
24,0,G8FvKCzakKS7p0+I/GgsDmxpppY=,8qPLDDBMTX2FF3t+q5p5OLi8nWk=
21,3,G8FvKCzakKS7p0+I/GgsDmxpppY=,cKl+b+73J6sc5FvMW+lFxwvHh4Q=
22,3,G8FvKCzakKS7p0+I/GgsDmxpppY=,cKl+b+73J6sc5FvMW+lFxwvHh4Q=
21,1,G8FvKCzakKS7p0+I/GgsDmxpppY=,cKl+b+73J6sc5FvMW+lFxwvHh4Q=
23,0,G8FvKCzakKS7p0+I/GgsDmxpppY=,cKl+b+73J6sc5FvMW+lFxwvHh4Q=
22,1,G8FvKCzakKS7p0+I/GgsDmxpppY=,cKl+b+73J6sc5FvMW+lFxwvHh4Q=
23,1,G8FvKCzakKS7p0+I/GgsDmxpppY=,cKl+b+73J6sc5FvMW+lFxwvHh4Q=
18,12,G8FvKCzakKS7p0+I/GgsDmxpppY=,vUzQSCYEbxBFccUZfM4D4Zp5RZY=
16,13,G8FvKCzakKS7p0+I/GgsDmxpppY=,vUzQSCYEbxBFccUZfM4D4Zp5RZY=
17,12,G8FvKCzakKS7p0+I/GgsDmxpppY=,vUzQSCYEbxBFccUZfM4D4Zp5RZY=
18,13,G8FvKCzakKS7p0+I/GgsDmxpppY=,vUzQSCYEbxBFccUZfM4D4Zp5RZY=
17,13,G8FvKCzakKS7p0+I/GgsDmxpppY=,vUzQSCYEbxBFccUZfM4D4Zp5RZY=
16,14,G8FvKCzakKS7p0+I/GgsDmxpppY=,vUzQSCYEbxBFccUZfM4D4Zp5RZY=
17,14,G8FvKCzakKS7p0+I/GgsDmxpppY=,vUzQSCYEbxBFccUZfM4D4Zp5RZY=
18,14,G8FvKCzakKS7p0+I/GgsDmxpppY=,vUzQSCYEbxBFccUZfM4D4Zp5RZY=
16,12,G8FvKCzakKS7p0+I/GgsDmxpppY=,vUzQSCYEbxBFccUZfM4D4Zp5RZY=
19,13,G8FvKCzakKS7p0+I/GgsDmxpppY=,vUzQSCYEbxBFccUZfM4D4Zp5RZY=
19,14,G8FvKCzakKS7p0+I/GgsDmxpppY=,vUzQSCYEbxBFccUZfM4D4Zp5RZY=
31,3,G8FvKCzakKS7p0+I/GgsDmxpppY=,ZlrSSBJ0rZknfyxVeJTgMOmFC1s=
16,15,G8FvKCzakKS7p0+I/GgsDmxpppY=,vUzQSCYEbxBFccUZfM4D4Zp5RZY=
17,15,G8FvKCzakKS7p0+I/GgsDmxpppY=,vUzQSCYEbxBFccUZfM4D4Zp5RZY=
18,15,G8FvKCzakKS7p0+I/GgsDmxpppY=,vUzQSCYEbxBFccUZfM4D4Zp5RZY=
19,15,G8FvKCzakKS7p0+I/GgsDmxpppY=,vUzQSCYEbxBFccUZfM4D4Zp5RZY=
28,0,G8FvKCzakKS7p0+I/GgsDmxpppY=,ZlrSSBJ0rZknfyxVeJTgMOmFC1s=
27,0,G8FvKCzakKS7p0+I/GgsDmxpppY=,8qPLDDBMTX2FF3t+q5p5OLi8nWk=
28,1,G8FvKCzakKS7p0+I/GgsDmxpppY=,ZlrSSBJ0rZknfyxVeJTgMOmFC1s=
26,0,G8FvKCzakKS7p0+I/GgsDmxpppY=,8qPLDDBMTX2FF3t+q5p5OLi8nWk=
29,0,G8FvKCzakKS7p0+I/GgsDmxpppY=,ZlrSSBJ0rZknfyxVeJTgMOmFC1s=
30,0,G8FvKCzakKS7p0+I/GgsDmxpppY=,ZlrSSBJ0rZknfyxVeJTgMOmFC1s=
26,3,G8FvKCzakKS7p0+I/GgsDmxpppY=,8qPLDDBMTX2FF3t+q5p5OLi8nWk=
19,12,G8FvKCzakKS7p0+I/GgsDmxpppY=,vUzQSCYEbxBFccUZfM4D4Zp5RZY=
25,3,G8FvKCzakKS7p0+I/GgsDmxpppY=,8qPLDDBMTX2FF3t+q5p5OLi8nWk=
31,0,G8FvKCzakKS7p0+I/GgsDmxpppY=,ZlrSSBJ0rZknfyxVeJTgMOmFC1s=
27,2,G8FvKCzakKS7p0+I/GgsDmxpppY=,8qPLDDBMTX2FF3t+q5p5OLi8nWk=
26,2,G8FvKCzakKS7p0+I/GgsDmxpppY=,8qPLDDBMTX2FF3t+q5p5OLi8nWk=
25,2,G8FvKCzakKS7p0+I/GgsDmxpppY=,8qPLDDBMTX2FF3t+q5p5OLi8nWk=
27,1,G8FvKCzakKS7p0+I/GgsDmxpppY=,8qPLDDBMTX2FF3t+q5p5OLi8nWk=
26,1,G8FvKCzakKS7p0+I/GgsDmxpppY=,8qPLDDBMTX2FF3t+q5p5OLi8nWk=
25,1,G8FvKCzakKS7p0+I/GgsDmxpppY=,8qPLDDBMTX2FF3t+q5p5OLi8nWk=
20,3,G8FvKCzakKS7p0+I/GgsDmxpppY=,cKl+b+73J6sc5FvMW+lFxwvHh4Q=
18,3,G8FvKCzakKS7p0+I/GgsDmxpppY=,eKReFUkbiKobPhTsmKxqi+Z3r8U=
19,3,G8FvKCzakKS7p0+I/GgsDmxpppY=,eKReFUkbiKobPhTsmKxqi+Z3r8U=
18,2,G8FvKCzakKS7p0+I/GgsDmxpppY=,eKReFUkbiKobPhTsmKxqi+Z3r8U=
20,1,G8FvKCzakKS7p0+I/GgsDmxpppY=,cKl+b+73J6sc5FvMW+lFxwvHh4Q=
20,0,G8FvKCzakKS7p0+I/GgsDmxpppY=,cKl+b+73J6sc5FvMW+lFxwvHh4Q=
17,2,G8FvKCzakKS7p0+I/GgsDmxpppY=,eKReFUkbiKobPhTsmKxqi+Z3r8U=
20,2,G8FvKCzakKS7p0+I/GgsDmxpppY=,cKl+b+73J6sc5FvMW+lFxwvHh4Q=
19,2,G8FvKCzakKS7p0+I/GgsDmxpppY=,eKReFUkbiKobPhTsmKxqi+Z3r8U=
16,3,G8FvKCzakKS7p0+I/GgsDmxpppY=,eKReFUkbiKobPhTsmKxqi+Z3r8U=
16,2,G8FvKCzakKS7p0+I/GgsDmxpppY=,eKReFUkbiKobPhTsmKxqi+Z3r8U=
17,3,G8FvKCzakKS7p0+I/GgsDmxpppY=,eKReFUkbiKobPhTsmKxqi+Z3r8U=
19,1,G8FvKCzakKS7p0+I/GgsDmxpppY=,eKReFUkbiKobPhTsmKxqi+Z3r8U=
19,0,G8FvKCzakKS7p0+I/GgsDmxpppY=,eKReFUkbiKobPhTsmKxqi+Z3r8U=
16,0,G8FvKCzakKS7p0+I/GgsDmxpppY=,eKReFUkbiKobPhTsmKxqi+Z3r8U=
17,0,G8FvKCzakKS7p0+I/GgsDmxpppY=,eKReFUkbiKobPhTsmKxqi+Z3r8U=
16,1,G8FvKCzakKS7p0+I/GgsDmxpppY=,eKReFUkbiKobPhTsmKxqi+Z3r8U=
18,1,G8FvKCzakKS7p0+I/GgsDmxpppY=,eKReFUkbiKobPhTsmKxqi+Z3r8U=
17,1,G8FvKCzakKS7p0+I/GgsDmxpppY=,eKReFUkbiKobPhTsmKxqi+Z3r8U=
18,0,G8FvKCzakKS7p0+I/GgsDmxpppY=,eKReFUkbiKobPhTsmKxqi+Z3r8U=
8,19,aFITAhTYwHCNiY/GEJ15trw4ork=,M57BjREe5eV71Fnwkq+1EpTlVYI=
11,16,aFITAhTYwHCNiY/GEJ15trw4ork=,M57BjREe5eV71Fnwkq+1EpTlVYI=
10,17,aFITAhTYwHCNiY/GEJ15trw4ork=,M57BjREe5eV71Fnwkq+1EpTlVYI=
8,18,aFITAhTYwHCNiY/GEJ15trw4ork=,M57BjREe5eV71Fnwkq+1EpTlVYI=
8,16,aFITAhTYwHCNiY/GEJ15trw4ork=,M57BjREe5eV71Fnwkq+1EpTlVYI=
9,19,aFITAhTYwHCNiY/GEJ15trw4ork=,M57BjREe5eV71Fnwkq+1EpTlVYI=
9,16,aFITAhTYwHCNiY/GEJ15trw4ork=,M57BjREe5eV71Fnwkq+1EpTlVYI=
9,18,aFITAhTYwHCNiY/GEJ15trw4ork=,M57BjREe5eV71Fnwkq+1EpTlVYI=
8,17,aFITAhTYwHCNiY/GEJ15trw4ork=,M57BjREe5eV71Fnwkq+1EpTlVYI=
10,18,aFITAhTYwHCNiY/GEJ15trw4ork=,M57BjREe5eV71Fnwkq+1EpTlVYI=
11,18,aFITAhTYwHCNiY/GEJ15trw4ork=,M57BjREe5eV71Fnwkq+1EpTlVYI=
11,17,aFITAhTYwHCNiY/GEJ15trw4ork=,M57BjREe5eV71Fnwkq+1EpTlVYI=
10,19,aFITAhTYwHCNiY/GEJ15trw4ork=,M57BjREe5eV71Fnwkq+1EpTlVYI=
10,16,aFITAhTYwHCNiY/GEJ15trw4ork=,M57BjREe5eV71Fnwkq+1EpTlVYI=
11,19,aFITAhTYwHCNiY/GEJ15trw4ork=,M57BjREe5eV71Fnwkq+1EpTlVYI=
9,17,aFITAhTYwHCNiY/GEJ15trw4ork=,M57BjREe5eV71Fnwkq+1EpTlVYI=
17,21,aFITAhTYwHCNiY/GEJ15trw4ork=,fqhL2dgnWYMxCt1TbgSpsRjJOCc=
18,22,aFITAhTYwHCNiY/GEJ15trw4ork=,fqhL2dgnWYMxCt1TbgSpsRjJOCc=
18,21,aFITAhTYwHCNiY/GEJ15trw4ork=,fqhL2dgnWYMxCt1TbgSpsRjJOCc=
17,22,aFITAhTYwHCNiY/GEJ15trw4ork=,fqhL2dgnWYMxCt1TbgSpsRjJOCc=
16,21,aFITAhTYwHCNiY/GEJ15trw4ork=,fqhL2dgnWYMxCt1TbgSpsRjJOCc=
16,22,aFITAhTYwHCNiY/GEJ15trw4ork=,fqhL2dgnWYMxCt1TbgSpsRjJOCc=
17,23,aFITAhTYwHCNiY/GEJ15trw4ork=,fqhL2dgnWYMxCt1TbgSpsRjJOCc=
18,23,aFITAhTYwHCNiY/GEJ15trw4ork=,fqhL2dgnWYMxCt1TbgSpsRjJOCc=
16,23,aFITAhTYwHCNiY/GEJ15trw4ork=,fqhL2dgnWYMxCt1TbgSpsRjJOCc=
21,17,aFITAhTYwHCNiY/GEJ15trw4ork=,kDQfUGODyOPB2xiDnwfvIElmeT4=
22,17,aFITAhTYwHCNiY/GEJ15trw4ork=,kDQfUGODyOPB2xiDnwfvIElmeT4=
23,17,aFITAhTYwHCNiY/GEJ15trw4ork=,kDQfUGODyOPB2xiDnwfvIElmeT4=
21,18,aFITAhTYwHCNiY/GEJ15trw4ork=,kDQfUGODyOPB2xiDnwfvIElmeT4=
21,16,aFITAhTYwHCNiY/GEJ15trw4ork=,kDQfUGODyOPB2xiDnwfvIElmeT4=
22,16,aFITAhTYwHCNiY/GEJ15trw4ork=,kDQfUGODyOPB2xiDnwfvIElmeT4=
22,18,aFITAhTYwHCNiY/GEJ15trw4ork=,kDQfUGODyOPB2xiDnwfvIElmeT4=
23,18,aFITAhTYwHCNiY/GEJ15trw4ork=,kDQfUGODyOPB2xiDnwfvIElmeT4=
23,16,aFITAhTYwHCNiY/GEJ15trw4ork=,kDQfUGODyOPB2xiDnwfvIElmeT4=
23,23,aFITAhTYwHCNiY/GEJ15trw4ork=,qaUA2GMC5yZl5w77W5x3UbhL4MA=
16,18,aFITAhTYwHCNiY/GEJ15trw4ork=,Ivl+/PZPP9IgijiRPwa+nt4GOA8=
23,20,aFITAhTYwHCNiY/GEJ15trw4ork=,qaUA2GMC5yZl5w77W5x3UbhL4MA=
23,22,aFITAhTYwHCNiY/GEJ15trw4ork=,qaUA2GMC5yZl5w77W5x3UbhL4MA=
17,18,aFITAhTYwHCNiY/GEJ15trw4ork=,Ivl+/PZPP9IgijiRPwa+nt4GOA8=
20,22,aFITAhTYwHCNiY/GEJ15trw4ork=,qaUA2GMC5yZl5w77W5x3UbhL4MA=
19,22,aFITAhTYwHCNiY/GEJ15trw4ork=,fqhL2dgnWYMxCt1TbgSpsRjJOCc=
19,23,aFITAhTYwHCNiY/GEJ15trw4ork=,fqhL2dgnWYMxCt1TbgSpsRjJOCc=
22,23,aFITAhTYwHCNiY/GEJ15trw4ork=,qaUA2GMC5yZl5w77W5x3UbhL4MA=
23,19,aFITAhTYwHCNiY/GEJ15trw4ork=,kDQfUGODyOPB2xiDnwfvIElmeT4=
22,22,aFITAhTYwHCNiY/GEJ15trw4ork=,qaUA2GMC5yZl5w77W5x3UbhL4MA=
20,21,aFITAhTYwHCNiY/GEJ15trw4ork=,qaUA2GMC5yZl5w77W5x3UbhL4MA=
22,19,aFITAhTYwHCNiY/GEJ15trw4ork=,kDQfUGODyOPB2xiDnwfvIElmeT4=
21,19,aFITAhTYwHCNiY/GEJ15trw4ork=,kDQfUGODyOPB2xiDnwfvIElmeT4=
23,21,aFITAhTYwHCNiY/GEJ15trw4ork=,qaUA2GMC5yZl5w77W5x3UbhL4MA=
21,22,aFITAhTYwHCNiY/GEJ15trw4ork=,qaUA2GMC5yZl5w77W5x3UbhL4MA=
21,23,aFITAhTYwHCNiY/GEJ15trw4ork=,qaUA2GMC5yZl5w77W5x3UbhL4MA=
18,16,aFITAhTYwHCNiY/GEJ15trw4ork=,Ivl+/PZPP9IgijiRPwa+nt4GOA8=
16,19,aFITAhTYwHCNiY/GEJ15trw4ork=,Ivl+/PZPP9IgijiRPwa+nt4GOA8=
20,17,aFITAhTYwHCNiY/GEJ15trw4ork=,kDQfUGODyOPB2xiDnwfvIElmeT4=
18,18,aFITAhTYwHCNiY/GEJ15trw4ork=,Ivl+/PZPP9IgijiRPwa+nt4GOA8=
19,20,aFITAhTYwHCNiY/GEJ15trw4ork=,fqhL2dgnWYMxCt1TbgSpsRjJOCc=
20,23,aFITAhTYwHCNiY/GEJ15trw4ork=,qaUA2GMC5yZl5w77W5x3UbhL4MA=
19,21,aFITAhTYwHCNiY/GEJ15trw4ork=,fqhL2dgnWYMxCt1TbgSpsRjJOCc=
22,20,aFITAhTYwHCNiY/GEJ15trw4ork=,qaUA2GMC5yZl5w77W5x3UbhL4MA=
17,20,aFITAhTYwHCNiY/GEJ15trw4ork=,fqhL2dgnWYMxCt1TbgSpsRjJOCc=
19,17,aFITAhTYwHCNiY/GEJ15trw4ork=,Ivl+/PZPP9IgijiRPwa+nt4GOA8=
18,17,aFITAhTYwHCNiY/GEJ15trw4ork=,Ivl+/PZPP9IgijiRPwa+nt4GOA8=
16,20,aFITAhTYwHCNiY/GEJ15trw4ork=,fqhL2dgnWYMxCt1TbgSpsRjJOCc=
17,17,aFITAhTYwHCNiY/GEJ15trw4ork=,Ivl+/PZPP9IgijiRPwa+nt4GOA8=
20,18,aFITAhTYwHCNiY/GEJ15trw4ork=,kDQfUGODyOPB2xiDnwfvIElmeT4=
20,16,aFITAhTYwHCNiY/GEJ15trw4ork=,kDQfUGODyOPB2xiDnwfvIElmeT4=
19,16,aFITAhTYwHCNiY/GEJ15trw4ork=,Ivl+/PZPP9IgijiRPwa+nt4GOA8=
21,20,aFITAhTYwHCNiY/GEJ15trw4ork=,qaUA2GMC5yZl5w77W5x3UbhL4MA=
20,19,aFITAhTYwHCNiY/GEJ15trw4ork=,kDQfUGODyOPB2xiDnwfvIElmeT4=
19,19,aFITAhTYwHCNiY/GEJ15trw4ork=,Ivl+/PZPP9IgijiRPwa+nt4GOA8=
17,19,aFITAhTYwHCNiY/GEJ15trw4ork=,Ivl+/PZPP9IgijiRPwa+nt4GOA8=
21,21,aFITAhTYwHCNiY/GEJ15trw4ork=,qaUA2GMC5yZl5w77W5x3UbhL4MA=
18,20,aFITAhTYwHCNiY/GEJ15trw4ork=,fqhL2dgnWYMxCt1TbgSpsRjJOCc=
18,19,aFITAhTYwHCNiY/GEJ15trw4ork=,Ivl+/PZPP9IgijiRPwa+nt4GOA8=
17,16,aFITAhTYwHCNiY/GEJ15trw4ork=,Ivl+/PZPP9IgijiRPwa+nt4GOA8=
22,21,aFITAhTYwHCNiY/GEJ15trw4ork=,qaUA2GMC5yZl5w77W5x3UbhL4MA=
20,20,aFITAhTYwHCNiY/GEJ15trw4ork=,qaUA2GMC5yZl5w77W5x3UbhL4MA=
16,16,aFITAhTYwHCNiY/GEJ15trw4ork=,Ivl+/PZPP9IgijiRPwa+nt4GOA8=
19,18,aFITAhTYwHCNiY/GEJ15trw4ork=,Ivl+/PZPP9IgijiRPwa+nt4GOA8=
16,17,aFITAhTYwHCNiY/GEJ15trw4ork=,Ivl+/PZPP9IgijiRPwa+nt4GOA8=
