143,0,Y01rQpSzLmgGuSp46ONPAbZy8uA=,rgREcc0sF5xByi1W1g3m3cyF/8k=
141,0,Y01rQpSzLmgGuSp46ONPAbZy8uA=,mGWm209MF5U7XM/ZN0b7JbVcY8k=
142,0,Y01rQpSzLmgGuSp46ONPAbZy8uA=,rgREcc0sF5xByi1W1g3m3cyF/8k=
138,2,Y01rQpSzLmgGuSp46ONPAbZy8uA=,2irLqV0Gm5VX92tko2Kte7QHfak=
138,3,Y01rQpSzLmgGuSp46ONPAbZy8uA=,2irLqV0Gm5VX92tko2Kte7QHfak=
138,4,Y01rQpSzLmgGuSp46ONPAbZy8uA=,RPi/Wtp2W99iFY+cg1Z6OaToXpc=
143,5,Y01rQpSzLmgGuSp46ONPAbZy8uA=,7FqjKlzJsX98N2/Bfqdst2z4TBY=
140,5,Y01rQpSzLmgGuSp46ONPAbZy8uA=,otIiIMwxm2CxhfD3k3DhAFrykbI=
138,5,Y01rQpSzLmgGuSp46ONPAbZy8uA=,RPi/Wtp2W99iFY+cg1Z6OaToXpc=
142,5,Y01rQpSzLmgGuSp46ONPAbZy8uA=,7FqjKlzJsX98N2/Bfqdst2z4TBY=
141,5,Y01rQpSzLmgGuSp46ONPAbZy8uA=,otIiIMwxm2CxhfD3k3DhAFrykbI=
139,5,Y01rQpSzLmgGuSp46ONPAbZy8uA=,RPi/Wtp2W99iFY+cg1Z6OaToXpc=
140,0,Y01rQpSzLmgGuSp46ONPAbZy8uA=,mGWm209MF5U7XM/ZN0b7JbVcY8k=
143,1,Y01rQpSzLmgGuSp46ONPAbZy8uA=,rgREcc0sF5xByi1W1g3m3cyF/8k=
141,1,Y01rQpSzLmgGuSp46ONPAbZy8uA=,mGWm209MF5U7XM/ZN0b7JbVcY8k=
139,4,Y01rQpSzLmgGuSp46ONPAbZy8uA=,RPi/Wtp2W99iFY+cg1Z6OaToXpc=
143,2,Y01rQpSzLmgGuSp46ONPAbZy8uA=,g3IppBIiyqo0ZNu1JxAhU54lXAw=
139,3,Y01rQpSzLmgGuSp46ONPAbZy8uA=,2irLqV0Gm5VX92tko2Kte7QHfak=
143,4,Y01rQpSzLmgGuSp46ONPAbZy8uA=,7FqjKlzJsX98N2/Bfqdst2z4TBY=
140,2,Y01rQpSzLmgGuSp46ONPAbZy8uA=,CBYqtLZW669Cvq3LbAEyJBTaEaI=
140,1,Y01rQpSzLmgGuSp46ONPAbZy8uA=,mGWm209MF5U7XM/ZN0b7JbVcY8k=
142,2,Y01rQpSzLmgGuSp46ONPAbZy8uA=,g3IppBIiyqo0ZNu1JxAhU54lXAw=
141,2,Y01rQpSzLmgGuSp46ONPAbZy8uA=,CBYqtLZW669Cvq3LbAEyJBTaEaI=
142,1,Y01rQpSzLmgGuSp46ONPAbZy8uA=,rgREcc0sF5xByi1W1g3m3cyF/8k=
140,3,Y01rQpSzLmgGuSp46ONPAbZy8uA=,CBYqtLZW669Cvq3LbAEyJBTaEaI=
139,2,Y01rQpSzLmgGuSp46ONPAbZy8uA=,2irLqV0Gm5VX92tko2Kte7QHfak=
141,4,Y01rQpSzLmgGuSp46ONPAbZy8uA=,otIiIMwxm2CxhfD3k3DhAFrykbI=
142,4,Y01rQpSzLmgGuSp46ONPAbZy8uA=,7FqjKlzJsX98N2/Bfqdst2z4TBY=
143,3,Y01rQpSzLmgGuSp46ONPAbZy8uA=,g3IppBIiyqo0ZNu1JxAhU54lXAw=
140,4,Y01rQpSzLmgGuSp46ONPAbZy8uA=,otIiIMwxm2CxhfD3k3DhAFrykbI=
141,3,Y01rQpSzLmgGuSp46ONPAbZy8uA=,CBYqtLZW669Cvq3LbAEyJBTaEaI=
142,3,Y01rQpSzLmgGuSp46ONPAbZy8uA=,g3IppBIiyqo0ZNu1JxAhU54lXAw=
148,10,MuvyyHrvWz6jITYUa9vCwBIV/XA=,xlcTo5PaGjiNpx7GXml11mKSlVE=
146,9,MuvyyHrvWz6jITYUa9vCwBIV/XA=,7VwdY2mBNEU7xXIwTvB3hXmNSoQ=
146,7,MuvyyHrvWz6jITYUa9vCwBIV/XA=,huN9vNIUXsI/R7cJZzK7TUnTL2A=
146,10,MuvyyHrvWz6jITYUa9vCwBIV/XA=,EI0EJMZnqcLxH4nVpBhKfb7sY6E=
145,10,MuvyyHrvWz6jITYUa9vCwBIV/XA=,RMTeQe430iyjdDAVJWXCL7CZ/RQ=
148,9,MuvyyHrvWz6jITYUa9vCwBIV/XA=,Jqo7RoFJigeF8aZWnxfkItVE2eY=
145,9,MuvyyHrvWz6jITYUa9vCwBIV/XA=,i8c1t3MWqiYLzqM+4Al+zk4bu4c=
145,8,MuvyyHrvWz6jITYUa9vCwBIV/XA=,i8c1t3MWqiYLzqM+4Al+zk4bu4c=
145,7,MuvyyHrvWz6jITYUa9vCwBIV/XA=,wickUVSyJH2+WF1Ua6/pYTGlpJk=
146,8,MuvyyHrvWz6jITYUa9vCwBIV/XA=,7VwdY2mBNEU7xXIwTvB3hXmNSoQ=
147,9,MuvyyHrvWz6jITYUa9vCwBIV/XA=,7VwdY2mBNEU7xXIwTvB3hXmNSoQ=
147,10,MuvyyHrvWz6jITYUa9vCwBIV/XA=,EI0EJMZnqcLxH4nVpBhKfb7sY6E=
145,6,MuvyyHrvWz6jITYUa9vCwBIV/XA=,wickUVSyJH2+WF1Ua6/pYTGlpJk=
146,12,MuvyyHrvWz6jITYUa9vCwBIV/XA=,/kjSitGbOcPy7GTHAo9FasAyXpk=
146,6,MuvyyHrvWz6jITYUa9vCwBIV/XA=,huN9vNIUXsI/R7cJZzK7TUnTL2A=
145,5,MuvyyHrvWz6jITYUa9vCwBIV/XA=,4N0R70inJMhx8H0iumpenVRDs8w=
148,8,MuvyyHrvWz6jITYUa9vCwBIV/XA=,Jqo7RoFJigeF8aZWnxfkItVE2eY=
147,6,MuvyyHrvWz6jITYUa9vCwBIV/XA=,huN9vNIUXsI/R7cJZzK7TUnTL2A=
147,7,MuvyyHrvWz6jITYUa9vCwBIV/XA=,huN9vNIUXsI/R7cJZzK7TUnTL2A=
146,5,MuvyyHrvWz6jITYUa9vCwBIV/XA=,pBZnXOD+kUpvdDpyDc2PY6bTyVQ=
147,5,MuvyyHrvWz6jITYUa9vCwBIV/XA=,pBZnXOD+kUpvdDpyDc2PY6bTyVQ=
147,8,MuvyyHrvWz6jITYUa9vCwBIV/XA=,7VwdY2mBNEU7xXIwTvB3hXmNSoQ=
144,6,MuvyyHrvWz6jITYUa9vCwBIV/XA=,wickUVSyJH2+WF1Ua6/pYTGlpJk=
144,5,MuvyyHrvWz6jITYUa9vCwBIV/XA=,4N0R70inJMhx8H0iumpenVRDs8w=
144,7,MuvyyHrvWz6jITYUa9vCwBIV/XA=,wickUVSyJH2+WF1Ua6/pYTGlpJk=
144,8,MuvyyHrvWz6jITYUa9vCwBIV/XA=,i8c1t3MWqiYLzqM+4Al+zk4bu4c=
149,2,MuvyyHrvWz6jITYUa9vCwBIV/XA=,OR8VW86pNsO+hpCZ9N1GCFMNyN4=
149,10,MuvyyHrvWz6jITYUa9vCwBIV/XA=,xlcTo5PaGjiNpx7GXml11mKSlVE=
149,3,MuvyyHrvWz6jITYUa9vCwBIV/XA=,OR8VW86pNsO+hpCZ9N1GCFMNyN4=
149,1,MuvyyHrvWz6jITYUa9vCwBIV/XA=,U1A2sfd3DQemxEXHO6zUCStXhEM=
149,9,MuvyyHrvWz6jITYUa9vCwBIV/XA=,Jqo7RoFJigeF8aZWnxfkItVE2eY=
147,11,MuvyyHrvWz6jITYUa9vCwBIV/XA=,EI0EJMZnqcLxH4nVpBhKfb7sY6E=
146,13,MuvyyHrvWz6jITYUa9vCwBIV/XA=,/kjSitGbOcPy7GTHAo9FasAyXpk=
147,12,MuvyyHrvWz6jITYUa9vCwBIV/XA=,/kjSitGbOcPy7GTHAo9FasAyXpk=
147,13,MuvyyHrvWz6jITYUa9vCwBIV/XA=,/kjSitGbOcPy7GTHAo9FasAyXpk=
149,11,MuvyyHrvWz6jITYUa9vCwBIV/XA=,xlcTo5PaGjiNpx7GXml11mKSlVE=
144,10,MuvyyHrvWz6jITYUa9vCwBIV/XA=,RMTeQe430iyjdDAVJWXCL7CZ/RQ=
144,11,MuvyyHrvWz6jITYUa9vCwBIV/XA=,RMTeQe430iyjdDAVJWXCL7CZ/RQ=
144,13,MuvyyHrvWz6jITYUa9vCwBIV/XA=,tbi9V79LqdGT5UShaPJGwk9wELc=
145,13,MuvyyHrvWz6jITYUa9vCwBIV/XA=,tbi9V79LqdGT5UShaPJGwk9wELc=
146,0,MuvyyHrvWz6jITYUa9vCwBIV/XA=,7Dzq36bfAhla941hP7+LHsQTIRY=
144,9,MuvyyHrvWz6jITYUa9vCwBIV/XA=,i8c1t3MWqiYLzqM+4Al+zk4bu4c=
148,0,MuvyyHrvWz6jITYUa9vCwBIV/XA=,U1A2sfd3DQemxEXHO6zUCStXhEM=
147,0,MuvyyHrvWz6jITYUa9vCwBIV/XA=,7Dzq36bfAhla941hP7+LHsQTIRY=
149,0,MuvyyHrvWz6jITYUa9vCwBIV/XA=,U1A2sfd3DQemxEXHO6zUCStXhEM=
145,0,MuvyyHrvWz6jITYUa9vCwBIV/XA=,r5yH7eFkaFT/wFuEKo5ETIUH6Ok=
148,11,MuvyyHrvWz6jITYUa9vCwBIV/XA=,xlcTo5PaGjiNpx7GXml11mKSlVE=
144,12,MuvyyHrvWz6jITYUa9vCwBIV/XA=,tbi9V79LqdGT5UShaPJGwk9wELc=
149,8,MuvyyHrvWz6jITYUa9vCwBIV/XA=,Jqo7RoFJigeF8aZWnxfkItVE2eY=
144,0,MuvyyHrvWz6jITYUa9vCwBIV/XA=,r5yH7eFkaFT/wFuEKo5ETIUH6Ok=
146,11,MuvyyHrvWz6jITYUa9vCwBIV/XA=,EI0EJMZnqcLxH4nVpBhKfb7sY6E=
145,12,MuvyyHrvWz6jITYUa9vCwBIV/XA=,tbi9V79LqdGT5UShaPJGwk9wELc=
145,11,MuvyyHrvWz6jITYUa9vCwBIV/XA=,RMTeQe430iyjdDAVJWXCL7CZ/RQ=
147,4,MuvyyHrvWz6jITYUa9vCwBIV/XA=,pBZnXOD+kUpvdDpyDc2PY6bTyVQ=
148,2,MuvyyHrvWz6jITYUa9vCwBIV/XA=,OR8VW86pNsO+hpCZ9N1GCFMNyN4=
148,3,MuvyyHrvWz6jITYUa9vCwBIV/XA=,OR8VW86pNsO+hpCZ9N1GCFMNyN4=
148,1,MuvyyHrvWz6jITYUa9vCwBIV/XA=,U1A2sfd3DQemxEXHO6zUCStXhEM=
147,1,MuvyyHrvWz6jITYUa9vCwBIV/XA=,7Dzq36bfAhla941hP7+LHsQTIRY=
146,1,MuvyyHrvWz6jITYUa9vCwBIV/XA=,7Dzq36bfAhla941hP7+LHsQTIRY=
144,1,MuvyyHrvWz6jITYUa9vCwBIV/XA=,r5yH7eFkaFT/wFuEKo5ETIUH6Ok=
145,4,MuvyyHrvWz6jITYUa9vCwBIV/XA=,4N0R70inJMhx8H0iumpenVRDs8w=
146,4,MuvyyHrvWz6jITYUa9vCwBIV/XA=,pBZnXOD+kUpvdDpyDc2PY6bTyVQ=
144,4,MuvyyHrvWz6jITYUa9vCwBIV/XA=,4N0R70inJMhx8H0iumpenVRDs8w=
145,1,MuvyyHrvWz6jITYUa9vCwBIV/XA=,r5yH7eFkaFT/wFuEKo5ETIUH6Ok=
147,2,MuvyyHrvWz6jITYUa9vCwBIV/XA=,knX3s2b9Uiy4wSH34EnGL9tAtiA=
145,3,MuvyyHrvWz6jITYUa9vCwBIV/XA=,xySHQCe9ANrzZPatl2ngW1ld5QI=
144,3,MuvyyHrvWz6jITYUa9vCwBIV/XA=,xySHQCe9ANrzZPatl2ngW1ld5QI=
146,2,MuvyyHrvWz6jITYUa9vCwBIV/XA=,knX3s2b9Uiy4wSH34EnGL9tAtiA=
144,2,MuvyyHrvWz6jITYUa9vCwBIV/XA=,xySHQCe9ANrzZPatl2ngW1ld5QI=
146,3,MuvyyHrvWz6jITYUa9vCwBIV/XA=,knX3s2b9Uiy4wSH34EnGL9tAtiA=
147,3,MuvyyHrvWz6jITYUa9vCwBIV/XA=,knX3s2b9Uiy4wSH34EnGL9tAtiA=
145,2,MuvyyHrvWz6jITYUa9vCwBIV/XA=,xySHQCe9ANrzZPatl2ngW1ld5QI=
