36,43,Fallg6aHHaRHFBeY/SsZGk2L/8Y=,fqhL2dgnWYMxCt1TbgSpsRjJOCc=
35,43,Fallg6aHHaRHFBeY/SsZGk2L/8Y=,fqhL2dgnWYMxCt1TbgSpsRjJOCc=
34,43,Fallg6aHHaRHFBeY/SsZGk2L/8Y=,fqhL2dgnWYMxCt1TbgSpsRjJOCc=
33,43,Fallg6aHHaRHFBeY/SsZGk2L/8Y=,fqhL2dgnWYMxCt1TbgSpsRjJOCc=
38,42,Fallg6aHHaRHFBeY/SsZGk2L/8Y=,fqhL2dgnWYMxCt1TbgSpsRjJOCc=
37,42,Fallg6aHHaRHFBeY/SsZGk2L/8Y=,fqhL2dgnWYMxCt1TbgSpsRjJOCc=
35,42,Fallg6aHHaRHFBeY/SsZGk2L/8Y=,fqhL2dgnWYMxCt1TbgSpsRjJOCc=
36,42,Fallg6aHHaRHFBeY/SsZGk2L/8Y=,fqhL2dgnWYMxCt1TbgSpsRjJOCc=
34,42,Fallg6aHHaRHFBeY/SsZGk2L/8Y=,fqhL2dgnWYMxCt1TbgSpsRjJOCc=
38,46,Fallg6aHHaRHFBeY/SsZGk2L/8Y=,fqhL2dgnWYMxCt1TbgSpsRjJOCc=
37,46,Fallg6aHHaRHFBeY/SsZGk2L/8Y=,fqhL2dgnWYMxCt1TbgSpsRjJOCc=
36,46,Fallg6aHHaRHFBeY/SsZGk2L/8Y=,fqhL2dgnWYMxCt1TbgSpsRjJOCc=
33,42,Fallg6aHHaRHFBeY/SsZGk2L/8Y=,fqhL2dgnWYMxCt1TbgSpsRjJOCc=
35,46,Fallg6aHHaRHFBeY/SsZGk2L/8Y=,fqhL2dgnWYMxCt1TbgSpsRjJOCc=
38,41,Fallg6aHHaRHFBeY/SsZGk2L/8Y=,fqhL2dgnWYMxCt1TbgSpsRjJOCc=
37,41,Fallg6aHHaRHFBeY/SsZGk2L/8Y=,fqhL2dgnWYMxCt1TbgSpsRjJOCc=
36,41,Fallg6aHHaRHFBeY/SsZGk2L/8Y=,fqhL2dgnWYMxCt1TbgSpsRjJOCc=
35,41,Fallg6aHHaRHFBeY/SsZGk2L/8Y=,fqhL2dgnWYMxCt1TbgSpsRjJOCc=
34,41,Fallg6aHHaRHFBeY/SsZGk2L/8Y=,fqhL2dgnWYMxCt1TbgSpsRjJOCc=
33,41,Fallg6aHHaRHFBeY/SsZGk2L/8Y=,fqhL2dgnWYMxCt1TbgSpsRjJOCc=
34,46,Fallg6aHHaRHFBeY/SsZGk2L/8Y=,fqhL2dgnWYMxCt1TbgSpsRjJOCc=
33,46,Fallg6aHHaRHFBeY/SsZGk2L/8Y=,fqhL2dgnWYMxCt1TbgSpsRjJOCc=
38,45,Fallg6aHHaRHFBeY/SsZGk2L/8Y=,fqhL2dgnWYMxCt1TbgSpsRjJOCc=
37,45,Fallg6aHHaRHFBeY/SsZGk2L/8Y=,fqhL2dgnWYMxCt1TbgSpsRjJOCc=
36,45,Fallg6aHHaRHFBeY/SsZGk2L/8Y=,fqhL2dgnWYMxCt1TbgSpsRjJOCc=
34,45,Fallg6aHHaRHFBeY/SsZGk2L/8Y=,fqhL2dgnWYMxCt1TbgSpsRjJOCc=
35,45,Fallg6aHHaRHFBeY/SsZGk2L/8Y=,fqhL2dgnWYMxCt1TbgSpsRjJOCc=
33,45,Fallg6aHHaRHFBeY/SsZGk2L/8Y=,fqhL2dgnWYMxCt1TbgSpsRjJOCc=
38,44,Fallg6aHHaRHFBeY/SsZGk2L/8Y=,fqhL2dgnWYMxCt1TbgSpsRjJOCc=
37,44,Fallg6aHHaRHFBeY/SsZGk2L/8Y=,fqhL2dgnWYMxCt1TbgSpsRjJOCc=
36,44,Fallg6aHHaRHFBeY/SsZGk2L/8Y=,fqhL2dgnWYMxCt1TbgSpsRjJOCc=
35,44,Fallg6aHHaRHFBeY/SsZGk2L/8Y=,fqhL2dgnWYMxCt1TbgSpsRjJOCc=
34,44,Fallg6aHHaRHFBeY/SsZGk2L/8Y=,fqhL2dgnWYMxCt1TbgSpsRjJOCc=
33,44,Fallg6aHHaRHFBeY/SsZGk2L/8Y=,fqhL2dgnWYMxCt1TbgSpsRjJOCc=
38,43,Fallg6aHHaRHFBeY/SsZGk2L/8Y=,fqhL2dgnWYMxCt1TbgSpsRjJOCc=
37,43,Fallg6aHHaRHFBeY/SsZGk2L/8Y=,fqhL2dgnWYMxCt1TbgSpsRjJOCc=
37,47,Fallg6aHHaRHFBeY/SsZGk2L/8Y=,fqhL2dgnWYMxCt1TbgSpsRjJOCc=
38,47,Fallg6aHHaRHFBeY/SsZGk2L/8Y=,fqhL2dgnWYMxCt1TbgSpsRjJOCc=
33,47,Fallg6aHHaRHFBeY/SsZGk2L/8Y=,fqhL2dgnWYMxCt1TbgSpsRjJOCc=
36,47,Fallg6aHHaRHFBeY/SsZGk2L/8Y=,fqhL2dgnWYMxCt1TbgSpsRjJOCc=
35,47,Fallg6aHHaRHFBeY/SsZGk2L/8Y=,fqhL2dgnWYMxCt1TbgSpsRjJOCc=
34,47,Fallg6aHHaRHFBeY/SsZGk2L/8Y=,fqhL2dgnWYMxCt1TbgSpsRjJOCc=
32,44,Fallg6aHHaRHFBeY/SsZGk2L/8Y=,fqhL2dgnWYMxCt1TbgSpsRjJOCc=
32,45,Fallg6aHHaRHFBeY/SsZGk2L/8Y=,fqhL2dgnWYMxCt1TbgSpsRjJOCc=
32,46,Fallg6aHHaRHFBeY/SsZGk2L/8Y=,fqhL2dgnWYMxCt1TbgSpsRjJOCc=
32,41,Fallg6aHHaRHFBeY/SsZGk2L/8Y=,fqhL2dgnWYMxCt1TbgSpsRjJOCc=
32,43,Fallg6aHHaRHFBeY/SsZGk2L/8Y=,fqhL2dgnWYMxCt1TbgSpsRjJOCc=
32,42,Fallg6aHHaRHFBeY/SsZGk2L/8Y=,fqhL2dgnWYMxCt1TbgSpsRjJOCc=
32,47,Fallg6aHHaRHFBeY/SsZGk2L/8Y=,fqhL2dgnWYMxCt1TbgSpsRjJOCc=
44,35,Fallg6aHHaRHFBeY/SsZGk2L/8Y=,kDQfUGODyOPB2xiDnwfvIElmeT4=
45,35,Fallg6aHHaRHFBeY/SsZGk2L/8Y=,kDQfUGODyOPB2xiDnwfvIElmeT4=
46,35,Fallg6aHHaRHFBeY/SsZGk2L/8Y=,kDQfUGODyOPB2xiDnwfvIElmeT4=
47,35,Fallg6aHHaRHFBeY/SsZGk2L/8Y=,kDQfUGODyOPB2xiDnwfvIElmeT4=
41,36,Fallg6aHHaRHFBeY/SsZGk2L/8Y=,kDQfUGODyOPB2xiDnwfvIElmeT4=
42,36,Fallg6aHHaRHFBeY/SsZGk2L/8Y=,kDQfUGODyOPB2xiDnwfvIElmeT4=
43,36,Fallg6aHHaRHFBeY/SsZGk2L/8Y=,kDQfUGODyOPB2xiDnwfvIElmeT4=
41,32,Fallg6aHHaRHFBeY/SsZGk2L/8Y=,kDQfUGODyOPB2xiDnwfvIElmeT4=
42,32,Fallg6aHHaRHFBeY/SsZGk2L/8Y=,kDQfUGODyOPB2xiDnwfvIElmeT4=
43,32,Fallg6aHHaRHFBeY/SsZGk2L/8Y=,kDQfUGODyOPB2xiDnwfvIElmeT4=
44,36,Fallg6aHHaRHFBeY/SsZGk2L/8Y=,kDQfUGODyOPB2xiDnwfvIElmeT4=
44,32,Fallg6aHHaRHFBeY/SsZGk2L/8Y=,kDQfUGODyOPB2xiDnwfvIElmeT4=
45,32,Fallg6aHHaRHFBeY/SsZGk2L/8Y=,kDQfUGODyOPB2xiDnwfvIElmeT4=
46,32,Fallg6aHHaRHFBeY/SsZGk2L/8Y=,kDQfUGODyOPB2xiDnwfvIElmeT4=
47,32,Fallg6aHHaRHFBeY/SsZGk2L/8Y=,kDQfUGODyOPB2xiDnwfvIElmeT4=
45,36,Fallg6aHHaRHFBeY/SsZGk2L/8Y=,kDQfUGODyOPB2xiDnwfvIElmeT4=
46,36,Fallg6aHHaRHFBeY/SsZGk2L/8Y=,kDQfUGODyOPB2xiDnwfvIElmeT4=
41,33,Fallg6aHHaRHFBeY/SsZGk2L/8Y=,kDQfUGODyOPB2xiDnwfvIElmeT4=
42,33,Fallg6aHHaRHFBeY/SsZGk2L/8Y=,kDQfUGODyOPB2xiDnwfvIElmeT4=
43,33,Fallg6aHHaRHFBeY/SsZGk2L/8Y=,kDQfUGODyOPB2xiDnwfvIElmeT4=
44,33,Fallg6aHHaRHFBeY/SsZGk2L/8Y=,kDQfUGODyOPB2xiDnwfvIElmeT4=
47,36,Fallg6aHHaRHFBeY/SsZGk2L/8Y=,kDQfUGODyOPB2xiDnwfvIElmeT4=
45,33,Fallg6aHHaRHFBeY/SsZGk2L/8Y=,kDQfUGODyOPB2xiDnwfvIElmeT4=
42,37,Fallg6aHHaRHFBeY/SsZGk2L/8Y=,kDQfUGODyOPB2xiDnwfvIElmeT4=
41,37,Fallg6aHHaRHFBeY/SsZGk2L/8Y=,kDQfUGODyOPB2xiDnwfvIElmeT4=
43,37,Fallg6aHHaRHFBeY/SsZGk2L/8Y=,kDQfUGODyOPB2xiDnwfvIElmeT4=
44,37,Fallg6aHHaRHFBeY/SsZGk2L/8Y=,kDQfUGODyOPB2xiDnwfvIElmeT4=
45,37,Fallg6aHHaRHFBeY/SsZGk2L/8Y=,kDQfUGODyOPB2xiDnwfvIElmeT4=
46,33,Fallg6aHHaRHFBeY/SsZGk2L/8Y=,kDQfUGODyOPB2xiDnwfvIElmeT4=
46,37,Fallg6aHHaRHFBeY/SsZGk2L/8Y=,kDQfUGODyOPB2xiDnwfvIElmeT4=
47,37,Fallg6aHHaRHFBeY/SsZGk2L/8Y=,kDQfUGODyOPB2xiDnwfvIElmeT4=
41,38,Fallg6aHHaRHFBeY/SsZGk2L/8Y=,kDQfUGODyOPB2xiDnwfvIElmeT4=
47,33,Fallg6aHHaRHFBeY/SsZGk2L/8Y=,kDQfUGODyOPB2xiDnwfvIElmeT4=
42,38,Fallg6aHHaRHFBeY/SsZGk2L/8Y=,kDQfUGODyOPB2xiDnwfvIElmeT4=
43,38,Fallg6aHHaRHFBeY/SsZGk2L/8Y=,kDQfUGODyOPB2xiDnwfvIElmeT4=
44,38,Fallg6aHHaRHFBeY/SsZGk2L/8Y=,kDQfUGODyOPB2xiDnwfvIElmeT4=
42,34,Fallg6aHHaRHFBeY/SsZGk2L/8Y=,kDQfUGODyOPB2xiDnwfvIElmeT4=
41,34,Fallg6aHHaRHFBeY/SsZGk2L/8Y=,kDQfUGODyOPB2xiDnwfvIElmeT4=
43,34,Fallg6aHHaRHFBeY/SsZGk2L/8Y=,kDQfUGODyOPB2xiDnwfvIElmeT4=
45,38,Fallg6aHHaRHFBeY/SsZGk2L/8Y=,kDQfUGODyOPB2xiDnwfvIElmeT4=
46,38,Fallg6aHHaRHFBeY/SsZGk2L/8Y=,kDQfUGODyOPB2xiDnwfvIElmeT4=
44,34,Fallg6aHHaRHFBeY/SsZGk2L/8Y=,kDQfUGODyOPB2xiDnwfvIElmeT4=
45,34,Fallg6aHHaRHFBeY/SsZGk2L/8Y=,kDQfUGODyOPB2xiDnwfvIElmeT4=
47,38,Fallg6aHHaRHFBeY/SsZGk2L/8Y=,kDQfUGODyOPB2xiDnwfvIElmeT4=
46,34,Fallg6aHHaRHFBeY/SsZGk2L/8Y=,kDQfUGODyOPB2xiDnwfvIElmeT4=
47,34,Fallg6aHHaRHFBeY/SsZGk2L/8Y=,kDQfUGODyOPB2xiDnwfvIElmeT4=
41,35,Fallg6aHHaRHFBeY/SsZGk2L/8Y=,kDQfUGODyOPB2xiDnwfvIElmeT4=
42,35,Fallg6aHHaRHFBeY/SsZGk2L/8Y=,kDQfUGODyOPB2xiDnwfvIElmeT4=
43,35,Fallg6aHHaRHFBeY/SsZGk2L/8Y=,kDQfUGODyOPB2xiDnwfvIElmeT4=
36,37,Fallg6aHHaRHFBeY/SsZGk2L/8Y=,Ivl+/PZPP9IgijiRPwa+nt4GOA8=
38,36,Fallg6aHHaRHFBeY/SsZGk2L/8Y=,Ivl+/PZPP9IgijiRPwa+nt4GOA8=
37,36,Fallg6aHHaRHFBeY/SsZGk2L/8Y=,Ivl+/PZPP9IgijiRPwa+nt4GOA8=
37,37,Fallg6aHHaRHFBeY/SsZGk2L/8Y=,Ivl+/PZPP9IgijiRPwa+nt4GOA8=
32,35,Fallg6aHHaRHFBeY/SsZGk2L/8Y=,Ivl+/PZPP9IgijiRPwa+nt4GOA8=
36,36,Fallg6aHHaRHFBeY/SsZGk2L/8Y=,Ivl+/PZPP9IgijiRPwa+nt4GOA8=
38,37,Fallg6aHHaRHFBeY/SsZGk2L/8Y=,Ivl+/PZPP9IgijiRPwa+nt4GOA8=
39,37,Fallg6aHHaRHFBeY/SsZGk2L/8Y=,Ivl+/PZPP9IgijiRPwa+nt4GOA8=
32,38,Fallg6aHHaRHFBeY/SsZGk2L/8Y=,Ivl+/PZPP9IgijiRPwa+nt4GOA8=
32,34,Fallg6aHHaRHFBeY/SsZGk2L/8Y=,Ivl+/PZPP9IgijiRPwa+nt4GOA8=
33,38,Fallg6aHHaRHFBeY/SsZGk2L/8Y=,Ivl+/PZPP9IgijiRPwa+nt4GOA8=
34,38,Fallg6aHHaRHFBeY/SsZGk2L/8Y=,Ivl+/PZPP9IgijiRPwa+nt4GOA8=
40,36,Fallg6aHHaRHFBeY/SsZGk2L/8Y=,kDQfUGODyOPB2xiDnwfvIElmeT4=
38,35,Fallg6aHHaRHFBeY/SsZGk2L/8Y=,Ivl+/PZPP9IgijiRPwa+nt4GOA8=
33,34,Fallg6aHHaRHFBeY/SsZGk2L/8Y=,Ivl+/PZPP9IgijiRPwa+nt4GOA8=
35,38,Fallg6aHHaRHFBeY/SsZGk2L/8Y=,Ivl+/PZPP9IgijiRPwa+nt4GOA8=
36,38,Fallg6aHHaRHFBeY/SsZGk2L/8Y=,Ivl+/PZPP9IgijiRPwa+nt4GOA8=
37,38,Fallg6aHHaRHFBeY/SsZGk2L/8Y=,Ivl+/PZPP9IgijiRPwa+nt4GOA8=
39,36,Fallg6aHHaRHFBeY/SsZGk2L/8Y=,Ivl+/PZPP9IgijiRPwa+nt4GOA8=
33,35,Fallg6aHHaRHFBeY/SsZGk2L/8Y=,Ivl+/PZPP9IgijiRPwa+nt4GOA8=
38,38,Fallg6aHHaRHFBeY/SsZGk2L/8Y=,Ivl+/PZPP9IgijiRPwa+nt4GOA8=
39,38,Fallg6aHHaRHFBeY/SsZGk2L/8Y=,Ivl+/PZPP9IgijiRPwa+nt4GOA8=
32,39,Fallg6aHHaRHFBeY/SsZGk2L/8Y=,Ivl+/PZPP9IgijiRPwa+nt4GOA8=
33,39,Fallg6aHHaRHFBeY/SsZGk2L/8Y=,Ivl+/PZPP9IgijiRPwa+nt4GOA8=
34,39,Fallg6aHHaRHFBeY/SsZGk2L/8Y=,Ivl+/PZPP9IgijiRPwa+nt4GOA8=
32,37,Fallg6aHHaRHFBeY/SsZGk2L/8Y=,Ivl+/PZPP9IgijiRPwa+nt4GOA8=
35,39,Fallg6aHHaRHFBeY/SsZGk2L/8Y=,Ivl+/PZPP9IgijiRPwa+nt4GOA8=
36,39,Fallg6aHHaRHFBeY/SsZGk2L/8Y=,Ivl+/PZPP9IgijiRPwa+nt4GOA8=
39,35,Fallg6aHHaRHFBeY/SsZGk2L/8Y=,Ivl+/PZPP9IgijiRPwa+nt4GOA8=
37,39,Fallg6aHHaRHFBeY/SsZGk2L/8Y=,Ivl+/PZPP9IgijiRPwa+nt4GOA8=
32,36,Fallg6aHHaRHFBeY/SsZGk2L/8Y=,Ivl+/PZPP9IgijiRPwa+nt4GOA8=
37,35,Fallg6aHHaRHFBeY/SsZGk2L/8Y=,Ivl+/PZPP9IgijiRPwa+nt4GOA8=
35,37,Fallg6aHHaRHFBeY/SsZGk2L/8Y=,Ivl+/PZPP9IgijiRPwa+nt4GOA8=
40,35,Fallg6aHHaRHFBeY/SsZGk2L/8Y=,kDQfUGODyOPB2xiDnwfvIElmeT4=
36,35,Fallg6aHHaRHFBeY/SsZGk2L/8Y=,Ivl+/PZPP9IgijiRPwa+nt4GOA8=
34,34,Fallg6aHHaRHFBeY/SsZGk2L/8Y=,Ivl+/PZPP9IgijiRPwa+nt4GOA8=
33,36,Fallg6aHHaRHFBeY/SsZGk2L/8Y=,Ivl+/PZPP9IgijiRPwa+nt4GOA8=
39,34,Fallg6aHHaRHFBeY/SsZGk2L/8Y=,Ivl+/PZPP9IgijiRPwa+nt4GOA8=
32,32,Fallg6aHHaRHFBeY/SsZGk2L/8Y=,Ivl+/PZPP9IgijiRPwa+nt4GOA8=
38,39,Fallg6aHHaRHFBeY/SsZGk2L/8Y=,Ivl+/PZPP9IgijiRPwa+nt4GOA8=
36,32,Fallg6aHHaRHFBeY/SsZGk2L/8Y=,Ivl+/PZPP9IgijiRPwa+nt4GOA8=
34,35,Fallg6aHHaRHFBeY/SsZGk2L/8Y=,Ivl+/PZPP9IgijiRPwa+nt4GOA8=
35,36,Fallg6aHHaRHFBeY/SsZGk2L/8Y=,Ivl+/PZPP9IgijiRPwa+nt4GOA8=
35,34,Fallg6aHHaRHFBeY/SsZGk2L/8Y=,Ivl+/PZPP9IgijiRPwa+nt4GOA8=
40,32,Fallg6aHHaRHFBeY/SsZGk2L/8Y=,kDQfUGODyOPB2xiDnwfvIElmeT4=
37,32,Fallg6aHHaRHFBeY/SsZGk2L/8Y=,Ivl+/PZPP9IgijiRPwa+nt4GOA8=
38,32,Fallg6aHHaRHFBeY/SsZGk2L/8Y=,Ivl+/PZPP9IgijiRPwa+nt4GOA8=
32,40,Fallg6aHHaRHFBeY/SsZGk2L/8Y=,fqhL2dgnWYMxCt1TbgSpsRjJOCc=
33,40,Fallg6aHHaRHFBeY/SsZGk2L/8Y=,fqhL2dgnWYMxCt1TbgSpsRjJOCc=
34,40,Fallg6aHHaRHFBeY/SsZGk2L/8Y=,fqhL2dgnWYMxCt1TbgSpsRjJOCc=
39,32,Fallg6aHHaRHFBeY/SsZGk2L/8Y=,Ivl+/PZPP9IgijiRPwa+nt4GOA8=
32,33,Fallg6aHHaRHFBeY/SsZGk2L/8Y=,Ivl+/PZPP9IgijiRPwa+nt4GOA8=
35,40,Fallg6aHHaRHFBeY/SsZGk2L/8Y=,fqhL2dgnWYMxCt1TbgSpsRjJOCc=
36,40,Fallg6aHHaRHFBeY/SsZGk2L/8Y=,fqhL2dgnWYMxCt1TbgSpsRjJOCc=
33,33,Fallg6aHHaRHFBeY/SsZGk2L/8Y=,Ivl+/PZPP9IgijiRPwa+nt4GOA8=
34,37,Fallg6aHHaRHFBeY/SsZGk2L/8Y=,Ivl+/PZPP9IgijiRPwa+nt4GOA8=
40,34,Fallg6aHHaRHFBeY/SsZGk2L/8Y=,kDQfUGODyOPB2xiDnwfvIElmeT4=
40,38,Fallg6aHHaRHFBeY/SsZGk2L/8Y=,kDQfUGODyOPB2xiDnwfvIElmeT4=
34,36,Fallg6aHHaRHFBeY/SsZGk2L/8Y=,Ivl+/PZPP9IgijiRPwa+nt4GOA8=
40,37,Fallg6aHHaRHFBeY/SsZGk2L/8Y=,kDQfUGODyOPB2xiDnwfvIElmeT4=
37,34,Fallg6aHHaRHFBeY/SsZGk2L/8Y=,Ivl+/PZPP9IgijiRPwa+nt4GOA8=
38,40,Fallg6aHHaRHFBeY/SsZGk2L/8Y=,fqhL2dgnWYMxCt1TbgSpsRjJOCc=
36,34,Fallg6aHHaRHFBeY/SsZGk2L/8Y=,Ivl+/PZPP9IgijiRPwa+nt4GOA8=
33,32,Fallg6aHHaRHFBeY/SsZGk2L/8Y=,Ivl+/PZPP9IgijiRPwa+nt4GOA8=
35,35,Fallg6aHHaRHFBeY/SsZGk2L/8Y=,Ivl+/PZPP9IgijiRPwa+nt4GOA8=
34,32,Fallg6aHHaRHFBeY/SsZGk2L/8Y=,Ivl+/PZPP9IgijiRPwa+nt4GOA8=
38,34,Fallg6aHHaRHFBeY/SsZGk2L/8Y=,Ivl+/PZPP9IgijiRPwa+nt4GOA8=
34,33,Fallg6aHHaRHFBeY/SsZGk2L/8Y=,Ivl+/PZPP9IgijiRPwa+nt4GOA8=
35,33,Fallg6aHHaRHFBeY/SsZGk2L/8Y=,Ivl+/PZPP9IgijiRPwa+nt4GOA8=
37,40,Fallg6aHHaRHFBeY/SsZGk2L/8Y=,fqhL2dgnWYMxCt1TbgSpsRjJOCc=
33,37,Fallg6aHHaRHFBeY/SsZGk2L/8Y=,Ivl+/PZPP9IgijiRPwa+nt4GOA8=
36,33,Fallg6aHHaRHFBeY/SsZGk2L/8Y=,Ivl+/PZPP9IgijiRPwa+nt4GOA8=
40,33,Fallg6aHHaRHFBeY/SsZGk2L/8Y=,kDQfUGODyOPB2xiDnwfvIElmeT4=
37,33,Fallg6aHHaRHFBeY/SsZGk2L/8Y=,Ivl+/PZPP9IgijiRPwa+nt4GOA8=
38,33,Fallg6aHHaRHFBeY/SsZGk2L/8Y=,Ivl+/PZPP9IgijiRPwa+nt4GOA8=
39,33,Fallg6aHHaRHFBeY/SsZGk2L/8Y=,Ivl+/PZPP9IgijiRPwa+nt4GOA8=
35,32,Fallg6aHHaRHFBeY/SsZGk2L/8Y=,Ivl+/PZPP9IgijiRPwa+nt4GOA8=
47,47,Fallg6aHHaRHFBeY/SsZGk2L/8Y=,qaUA2GMC5yZl5w77W5x3UbhL4MA=
47,39,Fallg6aHHaRHFBeY/SsZGk2L/8Y=,kDQfUGODyOPB2xiDnwfvIElmeT4=
46,47,Fallg6aHHaRHFBeY/SsZGk2L/8Y=,qaUA2GMC5yZl5w77W5x3UbhL4MA=
45,47,Fallg6aHHaRHFBeY/SsZGk2L/8Y=,qaUA2GMC5yZl5w77W5x3UbhL4MA=
39,47,Fallg6aHHaRHFBeY/SsZGk2L/8Y=,fqhL2dgnWYMxCt1TbgSpsRjJOCc=
46,39,Fallg6aHHaRHFBeY/SsZGk2L/8Y=,kDQfUGODyOPB2xiDnwfvIElmeT4=
44,43,Fallg6aHHaRHFBeY/SsZGk2L/8Y=,qaUA2GMC5yZl5w77W5x3UbhL4MA=
43,43,Fallg6aHHaRHFBeY/SsZGk2L/8Y=,qaUA2GMC5yZl5w77W5x3UbhL4MA=
42,43,Fallg6aHHaRHFBeY/SsZGk2L/8Y=,qaUA2GMC5yZl5w77W5x3UbhL4MA=
45,43,Fallg6aHHaRHFBeY/SsZGk2L/8Y=,qaUA2GMC5yZl5w77W5x3UbhL4MA=
39,43,Fallg6aHHaRHFBeY/SsZGk2L/8Y=,fqhL2dgnWYMxCt1TbgSpsRjJOCc=
40,43,Fallg6aHHaRHFBeY/SsZGk2L/8Y=,qaUA2GMC5yZl5w77W5x3UbhL4MA=
45,39,Fallg6aHHaRHFBeY/SsZGk2L/8Y=,kDQfUGODyOPB2xiDnwfvIElmeT4=
47,42,Fallg6aHHaRHFBeY/SsZGk2L/8Y=,qaUA2GMC5yZl5w77W5x3UbhL4MA=
46,43,Fallg6aHHaRHFBeY/SsZGk2L/8Y=,qaUA2GMC5yZl5w77W5x3UbhL4MA=
44,47,Fallg6aHHaRHFBeY/SsZGk2L/8Y=,qaUA2GMC5yZl5w77W5x3UbhL4MA=
39,44,Fallg6aHHaRHFBeY/SsZGk2L/8Y=,fqhL2dgnWYMxCt1TbgSpsRjJOCc=
47,43,Fallg6aHHaRHFBeY/SsZGk2L/8Y=,qaUA2GMC5yZl5w77W5x3UbhL4MA=
40,44,Fallg6aHHaRHFBeY/SsZGk2L/8Y=,qaUA2GMC5yZl5w77W5x3UbhL4MA=
44,39,Fallg6aHHaRHFBeY/SsZGk2L/8Y=,kDQfUGODyOPB2xiDnwfvIElmeT4=
41,43,Fallg6aHHaRHFBeY/SsZGk2L/8Y=,qaUA2GMC5yZl5w77W5x3UbhL4MA=
41,44,Fallg6aHHaRHFBeY/SsZGk2L/8Y=,qaUA2GMC5yZl5w77W5x3UbhL4MA=
43,39,Fallg6aHHaRHFBeY/SsZGk2L/8Y=,kDQfUGODyOPB2xiDnwfvIElmeT4=
42,39,Fallg6aHHaRHFBeY/SsZGk2L/8Y=,kDQfUGODyOPB2xiDnwfvIElmeT4=
39,42,Fallg6aHHaRHFBeY/SsZGk2L/8Y=,fqhL2dgnWYMxCt1TbgSpsRjJOCc=
41,39,Fallg6aHHaRHFBeY/SsZGk2L/8Y=,kDQfUGODyOPB2xiDnwfvIElmeT4=
43,47,Fallg6aHHaRHFBeY/SsZGk2L/8Y=,qaUA2GMC5yZl5w77W5x3UbhL4MA=
42,47,Fallg6aHHaRHFBeY/SsZGk2L/8Y=,qaUA2GMC5yZl5w77W5x3UbhL4MA=
41,47,Fallg6aHHaRHFBeY/SsZGk2L/8Y=,qaUA2GMC5yZl5w77W5x3UbhL4MA=
39,46,Fallg6aHHaRHFBeY/SsZGk2L/8Y=,fqhL2dgnWYMxCt1TbgSpsRjJOCc=
46,42,Fallg6aHHaRHFBeY/SsZGk2L/8Y=,qaUA2GMC5yZl5w77W5x3UbhL4MA=
40,47,Fallg6aHHaRHFBeY/SsZGk2L/8Y=,qaUA2GMC5yZl5w77W5x3UbhL4MA=
47,46,Fallg6aHHaRHFBeY/SsZGk2L/8Y=,qaUA2GMC5yZl5w77W5x3UbhL4MA=
42,44,Fallg6aHHaRHFBeY/SsZGk2L/8Y=,qaUA2GMC5yZl5w77W5x3UbhL4MA=
40,39,Fallg6aHHaRHFBeY/SsZGk2L/8Y=,kDQfUGODyOPB2xiDnwfvIElmeT4=
45,42,Fallg6aHHaRHFBeY/SsZGk2L/8Y=,qaUA2GMC5yZl5w77W5x3UbhL4MA=
46,46,Fallg6aHHaRHFBeY/SsZGk2L/8Y=,qaUA2GMC5yZl5w77W5x3UbhL4MA=
44,42,Fallg6aHHaRHFBeY/SsZGk2L/8Y=,qaUA2GMC5yZl5w77W5x3UbhL4MA=
45,46,Fallg6aHHaRHFBeY/SsZGk2L/8Y=,qaUA2GMC5yZl5w77W5x3UbhL4MA=
44,46,Fallg6aHHaRHFBeY/SsZGk2L/8Y=,qaUA2GMC5yZl5w77W5x3UbhL4MA=
43,46,Fallg6aHHaRHFBeY/SsZGk2L/8Y=,qaUA2GMC5yZl5w77W5x3UbhL4MA=
39,39,Fallg6aHHaRHFBeY/SsZGk2L/8Y=,Ivl+/PZPP9IgijiRPwa+nt4GOA8=
43,42,Fallg6aHHaRHFBeY/SsZGk2L/8Y=,qaUA2GMC5yZl5w77W5x3UbhL4MA=
42,42,Fallg6aHHaRHFBeY/SsZGk2L/8Y=,qaUA2GMC5yZl5w77W5x3UbhL4MA=
42,46,Fallg6aHHaRHFBeY/SsZGk2L/8Y=,qaUA2GMC5yZl5w77W5x3UbhL4MA=
41,46,Fallg6aHHaRHFBeY/SsZGk2L/8Y=,qaUA2GMC5yZl5w77W5x3UbhL4MA=
39,41,Fallg6aHHaRHFBeY/SsZGk2L/8Y=,fqhL2dgnWYMxCt1TbgSpsRjJOCc=
47,41,Fallg6aHHaRHFBeY/SsZGk2L/8Y=,qaUA2GMC5yZl5w77W5x3UbhL4MA=
40,46,Fallg6aHHaRHFBeY/SsZGk2L/8Y=,qaUA2GMC5yZl5w77W5x3UbhL4MA=
41,42,Fallg6aHHaRHFBeY/SsZGk2L/8Y=,qaUA2GMC5yZl5w77W5x3UbhL4MA=
43,44,Fallg6aHHaRHFBeY/SsZGk2L/8Y=,qaUA2GMC5yZl5w77W5x3UbhL4MA=
46,41,Fallg6aHHaRHFBeY/SsZGk2L/8Y=,qaUA2GMC5yZl5w77W5x3UbhL4MA=
46,45,Fallg6aHHaRHFBeY/SsZGk2L/8Y=,qaUA2GMC5yZl5w77W5x3UbhL4MA=
40,42,Fallg6aHHaRHFBeY/SsZGk2L/8Y=,qaUA2GMC5yZl5w77W5x3UbhL4MA=
45,45,Fallg6aHHaRHFBeY/SsZGk2L/8Y=,qaUA2GMC5yZl5w77W5x3UbhL4MA=
44,45,Fallg6aHHaRHFBeY/SsZGk2L/8Y=,qaUA2GMC5yZl5w77W5x3UbhL4MA=
45,41,Fallg6aHHaRHFBeY/SsZGk2L/8Y=,qaUA2GMC5yZl5w77W5x3UbhL4MA=
43,45,Fallg6aHHaRHFBeY/SsZGk2L/8Y=,qaUA2GMC5yZl5w77W5x3UbhL4MA=
39,40,Fallg6aHHaRHFBeY/SsZGk2L/8Y=,fqhL2dgnWYMxCt1TbgSpsRjJOCc=
44,44,Fallg6aHHaRHFBeY/SsZGk2L/8Y=,qaUA2GMC5yZl5w77W5x3UbhL4MA=
39,45,Fallg6aHHaRHFBeY/SsZGk2L/8Y=,fqhL2dgnWYMxCt1TbgSpsRjJOCc=
44,41,Fallg6aHHaRHFBeY/SsZGk2L/8Y=,qaUA2GMC5yZl5w77W5x3UbhL4MA=
42,41,Fallg6aHHaRHFBeY/SsZGk2L/8Y=,qaUA2GMC5yZl5w77W5x3UbhL4MA=
43,41,Fallg6aHHaRHFBeY/SsZGk2L/8Y=,qaUA2GMC5yZl5w77W5x3UbhL4MA=
40,40,Fallg6aHHaRHFBeY/SsZGk2L/8Y=,qaUA2GMC5yZl5w77W5x3UbhL4MA=
41,41,Fallg6aHHaRHFBeY/SsZGk2L/8Y=,qaUA2GMC5yZl5w77W5x3UbhL4MA=
47,40,Fallg6aHHaRHFBeY/SsZGk2L/8Y=,qaUA2GMC5yZl5w77W5x3UbhL4MA=
42,45,Fallg6aHHaRHFBeY/SsZGk2L/8Y=,qaUA2GMC5yZl5w77W5x3UbhL4MA=
40,45,Fallg6aHHaRHFBeY/SsZGk2L/8Y=,qaUA2GMC5yZl5w77W5x3UbhL4MA=
45,40,Fallg6aHHaRHFBeY/SsZGk2L/8Y=,qaUA2GMC5yZl5w77W5x3UbhL4MA=
47,44,Fallg6aHHaRHFBeY/SsZGk2L/8Y=,qaUA2GMC5yZl5w77W5x3UbhL4MA=
41,40,Fallg6aHHaRHFBeY/SsZGk2L/8Y=,qaUA2GMC5yZl5w77W5x3UbhL4MA=
41,45,Fallg6aHHaRHFBeY/SsZGk2L/8Y=,qaUA2GMC5yZl5w77W5x3UbhL4MA=
46,44,Fallg6aHHaRHFBeY/SsZGk2L/8Y=,qaUA2GMC5yZl5w77W5x3UbhL4MA=
46,40,Fallg6aHHaRHFBeY/SsZGk2L/8Y=,qaUA2GMC5yZl5w77W5x3UbhL4MA=
44,40,Fallg6aHHaRHFBeY/SsZGk2L/8Y=,qaUA2GMC5yZl5w77W5x3UbhL4MA=
47,45,Fallg6aHHaRHFBeY/SsZGk2L/8Y=,qaUA2GMC5yZl5w77W5x3UbhL4MA=
45,44,Fallg6aHHaRHFBeY/SsZGk2L/8Y=,qaUA2GMC5yZl5w77W5x3UbhL4MA=
40,41,Fallg6aHHaRHFBeY/SsZGk2L/8Y=,qaUA2GMC5yZl5w77W5x3UbhL4MA=
43,40,Fallg6aHHaRHFBeY/SsZGk2L/8Y=,qaUA2GMC5yZl5w77W5x3UbhL4MA=
42,40,Fallg6aHHaRHFBeY/SsZGk2L/8Y=,qaUA2GMC5yZl5w77W5x3UbhL4MA=
