148,-5,Ayu9iOIUDCuzzJRO/t6dl29lUEc=,7zDKLXbxoflF6SyKqRl0XJu3egk=
147,-5,Ayu9iOIUDCuzzJRO/t6dl29lUEc=,7zDKLXbxoflF6SyKqRl0XJu3egk=
146,-5,Ayu9iOIUDCuzzJRO/t6dl29lUEc=,7zDKLXbxoflF6SyKqRl0XJu3egk=
145,-5,Ayu9iOIUDCuzzJRO/t6dl29lUEc=,7zDKLXbxoflF6SyKqRl0XJu3egk=
149,-5,Ayu9iOIUDCuzzJRO/t6dl29lUEc=,7zDKLXbxoflF6SyKqRl0XJu3egk=
156,-3,Ayu9iOIUDCuzzJRO/t6dl29lUEc=,3pzxC5kq+ekEog2fL7rDgrz1//o=
158,-4,Ayu9iOIUDCuzzJRO/t6dl29lUEc=,3pzxC5kq+ekEog2fL7rDgrz1//o=
152,-5,Ayu9iOIUDCuzzJRO/t6dl29lUEc=,3pzxC5kq+ekEog2fL7rDgrz1//o=
158,-5,Ayu9iOIUDCuzzJRO/t6dl29lUEc=,3pzxC5kq+ekEog2fL7rDgrz1//o=
153,-5,swn542rsu4cWe4nxcDIdwvLtHlA=,3pzxC5kq+ekEog2fL7rDgrz1//o=
152,-3,Ayu9iOIUDCuzzJRO/t6dl29lUEc=,3pzxC5kq+ekEog2fL7rDgrz1//o=
152,-4,Ayu9iOIUDCuzzJRO/t6dl29lUEc=,3pzxC5kq+ekEog2fL7rDgrz1//o=
152,-6,Ayu9iOIUDCuzzJRO/t6dl29lUEc=,3pzxC5kq+ekEog2fL7rDgrz1//o=
153,-6,Ayu9iOIUDCuzzJRO/t6dl29lUEc=,3pzxC5kq+ekEog2fL7rDgrz1//o=
153,-4,Ayu9iOIUDCuzzJRO/t6dl29lUEc=,3pzxC5kq+ekEog2fL7rDgrz1//o=
154,-6,swn542rsu4cWe4nxcDIdwvLtHlA=,3pzxC5kq+ekEog2fL7rDgrz1//o=
155,-6,swn542rsu4cWe4nxcDIdwvLtHlA=,3pzxC5kq+ekEog2fL7rDgrz1//o=
156,-6,swn542rsu4cWe4nxcDIdwvLtHlA=,3pzxC5kq+ekEog2fL7rDgrz1//o=
158,-6,swn542rsu4cWe4nxcDIdwvLtHlA=,3pzxC5kq+ekEog2fL7rDgrz1//o=
157,-6,swn542rsu4cWe4nxcDIdwvLtHlA=,3pzxC5kq+ekEog2fL7rDgrz1//o=
154,-7,swn542rsu4cWe4nxcDIdwvLtHlA=,3pzxC5kq+ekEog2fL7rDgrz1//o=
157,-3,Ayu9iOIUDCuzzJRO/t6dl29lUEc=,3pzxC5kq+ekEog2fL7rDgrz1//o=
154,-5,swn542rsu4cWe4nxcDIdwvLtHlA=,3pzxC5kq+ekEog2fL7rDgrz1//o=
158,-3,swn542rsu4cWe4nxcDIdwvLtHlA=,3pzxC5kq+ekEog2fL7rDgrz1//o=
152,-2,swn542rsu4cWe4nxcDIdwvLtHlA=,3pzxC5kq+ekEog2fL7rDgrz1//o=
151,-5,Ayu9iOIUDCuzzJRO/t6dl29lUEc=,7zDKLXbxoflF6SyKqRl0XJu3egk=
153,-2,swn542rsu4cWe4nxcDIdwvLtHlA=,3pzxC5kq+ekEog2fL7rDgrz1//o=
155,-5,swn542rsu4cWe4nxcDIdwvLtHlA=,3pzxC5kq+ekEog2fL7rDgrz1//o=
155,-7,swn542rsu4cWe4nxcDIdwvLtHlA=,3pzxC5kq+ekEog2fL7rDgrz1//o=
156,-5,swn542rsu4cWe4nxcDIdwvLtHlA=,3pzxC5kq+ekEog2fL7rDgrz1//o=
154,-2,swn542rsu4cWe4nxcDIdwvLtHlA=,3pzxC5kq+ekEog2fL7rDgrz1//o=
154,-4,swn542rsu4cWe4nxcDIdwvLtHlA=,3pzxC5kq+ekEog2fL7rDgrz1//o=
155,-2,swn542rsu4cWe4nxcDIdwvLtHlA=,3pzxC5kq+ekEog2fL7rDgrz1//o=
151,-4,swn542rsu4cWe4nxcDIdwvLtHlA=,7zDKLXbxoflF6SyKqRl0XJu3egk=
156,-2,swn542rsu4cWe4nxcDIdwvLtHlA=,3pzxC5kq+ekEog2fL7rDgrz1//o=
157,-2,swn542rsu4cWe4nxcDIdwvLtHlA=,3pzxC5kq+ekEog2fL7rDgrz1//o=
158,-2,swn542rsu4cWe4nxcDIdwvLtHlA=,3pzxC5kq+ekEog2fL7rDgrz1//o=
156,-7,swn542rsu4cWe4nxcDIdwvLtHlA=,3pzxC5kq+ekEog2fL7rDgrz1//o=
151,-2,swn542rsu4cWe4nxcDIdwvLtHlA=,7zDKLXbxoflF6SyKqRl0XJu3egk=
151,-3,swn542rsu4cWe4nxcDIdwvLtHlA=,7zDKLXbxoflF6SyKqRl0XJu3egk=
153,-3,swn542rsu4cWe4nxcDIdwvLtHlA=,3pzxC5kq+ekEog2fL7rDgrz1//o=
152,-7,swn542rsu4cWe4nxcDIdwvLtHlA=,3pzxC5kq+ekEog2fL7rDgrz1//o=
153,-7,swn542rsu4cWe4nxcDIdwvLtHlA=,3pzxC5kq+ekEog2fL7rDgrz1//o=
157,-5,swn542rsu4cWe4nxcDIdwvLtHlA=,3pzxC5kq+ekEog2fL7rDgrz1//o=
157,-7,swn542rsu4cWe4nxcDIdwvLtHlA=,3pzxC5kq+ekEog2fL7rDgrz1//o=
158,-7,swn542rsu4cWe4nxcDIdwvLtHlA=,3pzxC5kq+ekEog2fL7rDgrz1//o=
151,-7,swn542rsu4cWe4nxcDIdwvLtHlA=,7zDKLXbxoflF6SyKqRl0XJu3egk=
154,-3,swn542rsu4cWe4nxcDIdwvLtHlA=,3pzxC5kq+ekEog2fL7rDgrz1//o=
155,-4,swn542rsu4cWe4nxcDIdwvLtHlA=,3pzxC5kq+ekEog2fL7rDgrz1//o=
156,-4,swn542rsu4cWe4nxcDIdwvLtHlA=,3pzxC5kq+ekEog2fL7rDgrz1//o=
151,-6,swn542rsu4cWe4nxcDIdwvLtHlA=,7zDKLXbxoflF6SyKqRl0XJu3egk=
155,-3,swn542rsu4cWe4nxcDIdwvLtHlA=,3pzxC5kq+ekEog2fL7rDgrz1//o=
148,-11,swn542rsu4cWe4nxcDIdwvLtHlA=,gUvGRc06kBNW+m84HDMm2JXx1hY=
149,-11,swn542rsu4cWe4nxcDIdwvLtHlA=,gUvGRc06kBNW+m84HDMm2JXx1hY=
157,-4,swn542rsu4cWe4nxcDIdwvLtHlA=,3pzxC5kq+ekEog2fL7rDgrz1//o=
150,-11,swn542rsu4cWe4nxcDIdwvLtHlA=,gUvGRc06kBNW+m84HDMm2JXx1hY=
145,-10,swn542rsu4cWe4nxcDIdwvLtHlA=,gUvGRc06kBNW+m84HDMm2JXx1hY=
159,-5,swn542rsu4cWe4nxcDIdwvLtHlA=,3pzxC5kq+ekEog2fL7rDgrz1//o=
146,-10,swn542rsu4cWe4nxcDIdwvLtHlA=,gUvGRc06kBNW+m84HDMm2JXx1hY=
159,-4,swn542rsu4cWe4nxcDIdwvLtHlA=,3pzxC5kq+ekEog2fL7rDgrz1//o=
159,-6,swn542rsu4cWe4nxcDIdwvLtHlA=,3pzxC5kq+ekEog2fL7rDgrz1//o=
159,-3,swn542rsu4cWe4nxcDIdwvLtHlA=,3pzxC5kq+ekEog2fL7rDgrz1//o=
159,-2,swn542rsu4cWe4nxcDIdwvLtHlA=,3pzxC5kq+ekEog2fL7rDgrz1//o=
159,-7,swn542rsu4cWe4nxcDIdwvLtHlA=,3pzxC5kq+ekEog2fL7rDgrz1//o=
145,-16,swn542rsu4cWe4nxcDIdwvLtHlA=,gUvGRc06kBNW+m84HDMm2JXx1hY=
146,-16,swn542rsu4cWe4nxcDIdwvLtHlA=,gUvGRc06kBNW+m84HDMm2JXx1hY=
147,-16,swn542rsu4cWe4nxcDIdwvLtHlA=,gUvGRc06kBNW+m84HDMm2JXx1hY=
148,-16,swn542rsu4cWe4nxcDIdwvLtHlA=,gUvGRc06kBNW+m84HDMm2JXx1hY=
149,-16,swn542rsu4cWe4nxcDIdwvLtHlA=,gUvGRc06kBNW+m84HDMm2JXx1hY=
150,-16,swn542rsu4cWe4nxcDIdwvLtHlA=,gUvGRc06kBNW+m84HDMm2JXx1hY=
148,-10,swn542rsu4cWe4nxcDIdwvLtHlA=,gUvGRc06kBNW+m84HDMm2JXx1hY=
147,-10,swn542rsu4cWe4nxcDIdwvLtHlA=,gUvGRc06kBNW+m84HDMm2JXx1hY=
150,-10,swn542rsu4cWe4nxcDIdwvLtHlA=,gUvGRc06kBNW+m84HDMm2JXx1hY=
145,-9,swn542rsu4cWe4nxcDIdwvLtHlA=,gUvGRc06kBNW+m84HDMm2JXx1hY=
149,-10,swn542rsu4cWe4nxcDIdwvLtHlA=,gUvGRc06kBNW+m84HDMm2JXx1hY=
147,-9,swn542rsu4cWe4nxcDIdwvLtHlA=,gUvGRc06kBNW+m84HDMm2JXx1hY=
148,-9,swn542rsu4cWe4nxcDIdwvLtHlA=,gUvGRc06kBNW+m84HDMm2JXx1hY=
149,-9,swn542rsu4cWe4nxcDIdwvLtHlA=,gUvGRc06kBNW+m84HDMm2JXx1hY=
146,-9,swn542rsu4cWe4nxcDIdwvLtHlA=,gUvGRc06kBNW+m84HDMm2JXx1hY=
150,-9,swn542rsu4cWe4nxcDIdwvLtHlA=,gUvGRc06kBNW+m84HDMm2JXx1hY=
145,-8,swn542rsu4cWe4nxcDIdwvLtHlA=,7zDKLXbxoflF6SyKqRl0XJu3egk=
146,-8,swn542rsu4cWe4nxcDIdwvLtHlA=,7zDKLXbxoflF6SyKqRl0XJu3egk=
147,-8,swn542rsu4cWe4nxcDIdwvLtHlA=,7zDKLXbxoflF6SyKqRl0XJu3egk=
145,-15,swn542rsu4cWe4nxcDIdwvLtHlA=,gUvGRc06kBNW+m84HDMm2JXx1hY=
146,-15,swn542rsu4cWe4nxcDIdwvLtHlA=,gUvGRc06kBNW+m84HDMm2JXx1hY=
148,-8,swn542rsu4cWe4nxcDIdwvLtHlA=,7zDKLXbxoflF6SyKqRl0XJu3egk=
147,-15,swn542rsu4cWe4nxcDIdwvLtHlA=,gUvGRc06kBNW+m84HDMm2JXx1hY=
148,-15,swn542rsu4cWe4nxcDIdwvLtHlA=,gUvGRc06kBNW+m84HDMm2JXx1hY=
149,-8,swn542rsu4cWe4nxcDIdwvLtHlA=,7zDKLXbxoflF6SyKqRl0XJu3egk=
149,-15,swn542rsu4cWe4nxcDIdwvLtHlA=,gUvGRc06kBNW+m84HDMm2JXx1hY=
150,-15,swn542rsu4cWe4nxcDIdwvLtHlA=,gUvGRc06kBNW+m84HDMm2JXx1hY=
150,-8,swn542rsu4cWe4nxcDIdwvLtHlA=,7zDKLXbxoflF6SyKqRl0XJu3egk=
145,-14,swn542rsu4cWe4nxcDIdwvLtHlA=,gUvGRc06kBNW+m84HDMm2JXx1hY=
146,-14,swn542rsu4cWe4nxcDIdwvLtHlA=,gUvGRc06kBNW+m84HDMm2JXx1hY=
147,-14,swn542rsu4cWe4nxcDIdwvLtHlA=,gUvGRc06kBNW+m84HDMm2JXx1hY=
148,-14,swn542rsu4cWe4nxcDIdwvLtHlA=,gUvGRc06kBNW+m84HDMm2JXx1hY=
149,-14,swn542rsu4cWe4nxcDIdwvLtHlA=,gUvGRc06kBNW+m84HDMm2JXx1hY=
150,-14,swn542rsu4cWe4nxcDIdwvLtHlA=,gUvGRc06kBNW+m84HDMm2JXx1hY=
145,-13,swn542rsu4cWe4nxcDIdwvLtHlA=,gUvGRc06kBNW+m84HDMm2JXx1hY=
146,-13,swn542rsu4cWe4nxcDIdwvLtHlA=,gUvGRc06kBNW+m84HDMm2JXx1hY=
147,-13,swn542rsu4cWe4nxcDIdwvLtHlA=,gUvGRc06kBNW+m84HDMm2JXx1hY=
148,-13,swn542rsu4cWe4nxcDIdwvLtHlA=,gUvGRc06kBNW+m84HDMm2JXx1hY=
149,-13,swn542rsu4cWe4nxcDIdwvLtHlA=,gUvGRc06kBNW+m84HDMm2JXx1hY=
150,-13,swn542rsu4cWe4nxcDIdwvLtHlA=,gUvGRc06kBNW+m84HDMm2JXx1hY=
145,-12,swn542rsu4cWe4nxcDIdwvLtHlA=,gUvGRc06kBNW+m84HDMm2JXx1hY=
146,-12,swn542rsu4cWe4nxcDIdwvLtHlA=,gUvGRc06kBNW+m84HDMm2JXx1hY=
147,-12,swn542rsu4cWe4nxcDIdwvLtHlA=,gUvGRc06kBNW+m84HDMm2JXx1hY=
148,-12,swn542rsu4cWe4nxcDIdwvLtHlA=,gUvGRc06kBNW+m84HDMm2JXx1hY=
149,-12,swn542rsu4cWe4nxcDIdwvLtHlA=,gUvGRc06kBNW+m84HDMm2JXx1hY=
150,-12,swn542rsu4cWe4nxcDIdwvLtHlA=,gUvGRc06kBNW+m84HDMm2JXx1hY=
147,-11,swn542rsu4cWe4nxcDIdwvLtHlA=,gUvGRc06kBNW+m84HDMm2JXx1hY=
145,-11,swn542rsu4cWe4nxcDIdwvLtHlA=,gUvGRc06kBNW+m84HDMm2JXx1hY=
146,-11,swn542rsu4cWe4nxcDIdwvLtHlA=,gUvGRc06kBNW+m84HDMm2JXx1hY=
144,-10,swn542rsu4cWe4nxcDIdwvLtHlA=,gUvGRc06kBNW+m84HDMm2JXx1hY=
144,-15,swn542rsu4cWe4nxcDIdwvLtHlA=,gUvGRc06kBNW+m84HDMm2JXx1hY=
144,-14,swn542rsu4cWe4nxcDIdwvLtHlA=,gUvGRc06kBNW+m84HDMm2JXx1hY=
144,-13,swn542rsu4cWe4nxcDIdwvLtHlA=,gUvGRc06kBNW+m84HDMm2JXx1hY=
144,-12,swn542rsu4cWe4nxcDIdwvLtHlA=,gUvGRc06kBNW+m84HDMm2JXx1hY=
144,-11,swn542rsu4cWe4nxcDIdwvLtHlA=,gUvGRc06kBNW+m84HDMm2JXx1hY=
144,-9,swn542rsu4cWe4nxcDIdwvLtHlA=,gUvGRc06kBNW+m84HDMm2JXx1hY=
144,-4,swn542rsu4cWe4nxcDIdwvLtHlA=,7zDKLXbxoflF6SyKqRl0XJu3egk=
144,-8,swn542rsu4cWe4nxcDIdwvLtHlA=,7zDKLXbxoflF6SyKqRl0XJu3egk=
144,-3,swn542rsu4cWe4nxcDIdwvLtHlA=,7zDKLXbxoflF6SyKqRl0XJu3egk=
144,-2,swn542rsu4cWe4nxcDIdwvLtHlA=,7zDKLXbxoflF6SyKqRl0XJu3egk=
144,-7,swn542rsu4cWe4nxcDIdwvLtHlA=,7zDKLXbxoflF6SyKqRl0XJu3egk=
144,-6,swn542rsu4cWe4nxcDIdwvLtHlA=,7zDKLXbxoflF6SyKqRl0XJu3egk=
144,-5,swn542rsu4cWe4nxcDIdwvLtHlA=,7zDKLXbxoflF6SyKqRl0XJu3egk=
152,-1,swn542rsu4cWe4nxcDIdwvLtHlA=,3pzxC5kq+ekEog2fL7rDgrz1//o=
153,-1,swn542rsu4cWe4nxcDIdwvLtHlA=,3pzxC5kq+ekEog2fL7rDgrz1//o=
154,-1,swn542rsu4cWe4nxcDIdwvLtHlA=,3pzxC5kq+ekEog2fL7rDgrz1//o=
155,-1,swn542rsu4cWe4nxcDIdwvLtHlA=,3pzxC5kq+ekEog2fL7rDgrz1//o=
156,-1,swn542rsu4cWe4nxcDIdwvLtHlA=,3pzxC5kq+ekEog2fL7rDgrz1//o=
157,-1,swn542rsu4cWe4nxcDIdwvLtHlA=,3pzxC5kq+ekEog2fL7rDgrz1//o=
158,-1,swn542rsu4cWe4nxcDIdwvLtHlA=,3pzxC5kq+ekEog2fL7rDgrz1//o=
151,-1,swn542rsu4cWe4nxcDIdwvLtHlA=,7zDKLXbxoflF6SyKqRl0XJu3egk=
145,-1,swn542rsu4cWe4nxcDIdwvLtHlA=,7zDKLXbxoflF6SyKqRl0XJu3egk=
146,-1,swn542rsu4cWe4nxcDIdwvLtHlA=,7zDKLXbxoflF6SyKqRl0XJu3egk=
147,-1,swn542rsu4cWe4nxcDIdwvLtHlA=,7zDKLXbxoflF6SyKqRl0XJu3egk=
148,-1,swn542rsu4cWe4nxcDIdwvLtHlA=,7zDKLXbxoflF6SyKqRl0XJu3egk=
149,-1,swn542rsu4cWe4nxcDIdwvLtHlA=,7zDKLXbxoflF6SyKqRl0XJu3egk=
150,-1,swn542rsu4cWe4nxcDIdwvLtHlA=,7zDKLXbxoflF6SyKqRl0XJu3egk=
159,-1,swn542rsu4cWe4nxcDIdwvLtHlA=,3pzxC5kq+ekEog2fL7rDgrz1//o=
144,-1,swn542rsu4cWe4nxcDIdwvLtHlA=,7zDKLXbxoflF6SyKqRl0XJu3egk=
144,-16,swn542rsu4cWe4nxcDIdwvLtHlA=,gUvGRc06kBNW+m84HDMm2JXx1hY=
150,-6,Ayu9iOIUDCuzzJRO/t6dl29lUEc=,7zDKLXbxoflF6SyKqRl0XJu3egk=
149,-6,Ayu9iOIUDCuzzJRO/t6dl29lUEc=,7zDKLXbxoflF6SyKqRl0XJu3egk=
148,-6,Ayu9iOIUDCuzzJRO/t6dl29lUEc=,7zDKLXbxoflF6SyKqRl0XJu3egk=
147,-6,Ayu9iOIUDCuzzJRO/t6dl29lUEc=,7zDKLXbxoflF6SyKqRl0XJu3egk=
146,-6,Ayu9iOIUDCuzzJRO/t6dl29lUEc=,7zDKLXbxoflF6SyKqRl0XJu3egk=
145,-6,Ayu9iOIUDCuzzJRO/t6dl29lUEc=,7zDKLXbxoflF6SyKqRl0XJu3egk=
150,-7,Ayu9iOIUDCuzzJRO/t6dl29lUEc=,7zDKLXbxoflF6SyKqRl0XJu3egk=
149,-7,Ayu9iOIUDCuzzJRO/t6dl29lUEc=,7zDKLXbxoflF6SyKqRl0XJu3egk=
148,-7,Ayu9iOIUDCuzzJRO/t6dl29lUEc=,7zDKLXbxoflF6SyKqRl0XJu3egk=
147,-7,Ayu9iOIUDCuzzJRO/t6dl29lUEc=,7zDKLXbxoflF6SyKqRl0XJu3egk=
146,-7,Ayu9iOIUDCuzzJRO/t6dl29lUEc=,7zDKLXbxoflF6SyKqRl0XJu3egk=
145,-7,Ayu9iOIUDCuzzJRO/t6dl29lUEc=,7zDKLXbxoflF6SyKqRl0XJu3egk=
150,-2,Ayu9iOIUDCuzzJRO/t6dl29lUEc=,7zDKLXbxoflF6SyKqRl0XJu3egk=
149,-2,Ayu9iOIUDCuzzJRO/t6dl29lUEc=,7zDKLXbxoflF6SyKqRl0XJu3egk=
148,-2,Ayu9iOIUDCuzzJRO/t6dl29lUEc=,7zDKLXbxoflF6SyKqRl0XJu3egk=
147,-2,Ayu9iOIUDCuzzJRO/t6dl29lUEc=,7zDKLXbxoflF6SyKqRl0XJu3egk=
146,-2,Ayu9iOIUDCuzzJRO/t6dl29lUEc=,7zDKLXbxoflF6SyKqRl0XJu3egk=
145,-2,Ayu9iOIUDCuzzJRO/t6dl29lUEc=,7zDKLXbxoflF6SyKqRl0XJu3egk=
150,-3,Ayu9iOIUDCuzzJRO/t6dl29lUEc=,7zDKLXbxoflF6SyKqRl0XJu3egk=
149,-3,Ayu9iOIUDCuzzJRO/t6dl29lUEc=,7zDKLXbxoflF6SyKqRl0XJu3egk=
148,-3,Ayu9iOIUDCuzzJRO/t6dl29lUEc=,7zDKLXbxoflF6SyKqRl0XJu3egk=
147,-3,Ayu9iOIUDCuzzJRO/t6dl29lUEc=,7zDKLXbxoflF6SyKqRl0XJu3egk=
146,-3,Ayu9iOIUDCuzzJRO/t6dl29lUEc=,7zDKLXbxoflF6SyKqRl0XJu3egk=
145,-3,Ayu9iOIUDCuzzJRO/t6dl29lUEc=,7zDKLXbxoflF6SyKqRl0XJu3egk=
150,-4,Ayu9iOIUDCuzzJRO/t6dl29lUEc=,7zDKLXbxoflF6SyKqRl0XJu3egk=
149,-4,Ayu9iOIUDCuzzJRO/t6dl29lUEc=,7zDKLXbxoflF6SyKqRl0XJu3egk=
148,-4,Ayu9iOIUDCuzzJRO/t6dl29lUEc=,7zDKLXbxoflF6SyKqRl0XJu3egk=
147,-4,Ayu9iOIUDCuzzJRO/t6dl29lUEc=,7zDKLXbxoflF6SyKqRl0XJu3egk=
146,-4,Ayu9iOIUDCuzzJRO/t6dl29lUEc=,7zDKLXbxoflF6SyKqRl0XJu3egk=
145,-4,Ayu9iOIUDCuzzJRO/t6dl29lUEc=,7zDKLXbxoflF6SyKqRl0XJu3egk=
150,-5,Ayu9iOIUDCuzzJRO/t6dl29lUEc=,7zDKLXbxoflF6SyKqRl0XJu3egk=
159,-9,swn542rsu4cWe4nxcDIdwvLtHlA=,5CEmUH2QPNhkO27tK7UptX+kgdk=
156,-13,swn542rsu4cWe4nxcDIdwvLtHlA=,5CEmUH2QPNhkO27tK7UptX+kgdk=
157,-13,swn542rsu4cWe4nxcDIdwvLtHlA=,5CEmUH2QPNhkO27tK7UptX+kgdk=
152,-8,swn542rsu4cWe4nxcDIdwvLtHlA=,3pzxC5kq+ekEog2fL7rDgrz1//o=
158,-13,swn542rsu4cWe4nxcDIdwvLtHlA=,5CEmUH2QPNhkO27tK7UptX+kgdk=
151,-11,swn542rsu4cWe4nxcDIdwvLtHlA=,gUvGRc06kBNW+m84HDMm2JXx1hY=
153,-8,swn542rsu4cWe4nxcDIdwvLtHlA=,3pzxC5kq+ekEog2fL7rDgrz1//o=
159,-13,swn542rsu4cWe4nxcDIdwvLtHlA=,5CEmUH2QPNhkO27tK7UptX+kgdk=
152,-12,swn542rsu4cWe4nxcDIdwvLtHlA=,5CEmUH2QPNhkO27tK7UptX+kgdk=
153,-12,swn542rsu4cWe4nxcDIdwvLtHlA=,5CEmUH2QPNhkO27tK7UptX+kgdk=
154,-12,swn542rsu4cWe4nxcDIdwvLtHlA=,5CEmUH2QPNhkO27tK7UptX+kgdk=
155,-12,swn542rsu4cWe4nxcDIdwvLtHlA=,5CEmUH2QPNhkO27tK7UptX+kgdk=
151,-10,swn542rsu4cWe4nxcDIdwvLtHlA=,gUvGRc06kBNW+m84HDMm2JXx1hY=
155,-8,swn542rsu4cWe4nxcDIdwvLtHlA=,3pzxC5kq+ekEog2fL7rDgrz1//o=
156,-12,swn542rsu4cWe4nxcDIdwvLtHlA=,5CEmUH2QPNhkO27tK7UptX+kgdk=
151,-12,swn542rsu4cWe4nxcDIdwvLtHlA=,gUvGRc06kBNW+m84HDMm2JXx1hY=
157,-12,swn542rsu4cWe4nxcDIdwvLtHlA=,5CEmUH2QPNhkO27tK7UptX+kgdk=
158,-9,swn542rsu4cWe4nxcDIdwvLtHlA=,5CEmUH2QPNhkO27tK7UptX+kgdk=
156,-8,swn542rsu4cWe4nxcDIdwvLtHlA=,3pzxC5kq+ekEog2fL7rDgrz1//o=
158,-12,swn542rsu4cWe4nxcDIdwvLtHlA=,5CEmUH2QPNhkO27tK7UptX+kgdk=
159,-12,swn542rsu4cWe4nxcDIdwvLtHlA=,5CEmUH2QPNhkO27tK7UptX+kgdk=
154,-8,swn542rsu4cWe4nxcDIdwvLtHlA=,3pzxC5kq+ekEog2fL7rDgrz1//o=
151,-9,swn542rsu4cWe4nxcDIdwvLtHlA=,gUvGRc06kBNW+m84HDMm2JXx1hY=
154,-11,swn542rsu4cWe4nxcDIdwvLtHlA=,5CEmUH2QPNhkO27tK7UptX+kgdk=
156,-9,swn542rsu4cWe4nxcDIdwvLtHlA=,5CEmUH2QPNhkO27tK7UptX+kgdk=
157,-9,swn542rsu4cWe4nxcDIdwvLtHlA=,5CEmUH2QPNhkO27tK7UptX+kgdk=
153,-9,swn542rsu4cWe4nxcDIdwvLtHlA=,5CEmUH2QPNhkO27tK7UptX+kgdk=
154,-13,swn542rsu4cWe4nxcDIdwvLtHlA=,5CEmUH2QPNhkO27tK7UptX+kgdk=
155,-13,swn542rsu4cWe4nxcDIdwvLtHlA=,5CEmUH2QPNhkO27tK7UptX+kgdk=
152,-9,swn542rsu4cWe4nxcDIdwvLtHlA=,5CEmUH2QPNhkO27tK7UptX+kgdk=
151,-13,swn542rsu4cWe4nxcDIdwvLtHlA=,gUvGRc06kBNW+m84HDMm2JXx1hY=
159,-10,swn542rsu4cWe4nxcDIdwvLtHlA=,5CEmUH2QPNhkO27tK7UptX+kgdk=
153,-13,swn542rsu4cWe4nxcDIdwvLtHlA=,5CEmUH2QPNhkO27tK7UptX+kgdk=
152,-13,swn542rsu4cWe4nxcDIdwvLtHlA=,5CEmUH2QPNhkO27tK7UptX+kgdk=
151,-14,swn542rsu4cWe4nxcDIdwvLtHlA=,gUvGRc06kBNW+m84HDMm2JXx1hY=
159,-14,swn542rsu4cWe4nxcDIdwvLtHlA=,5CEmUH2QPNhkO27tK7UptX+kgdk=
158,-14,swn542rsu4cWe4nxcDIdwvLtHlA=,5CEmUH2QPNhkO27tK7UptX+kgdk=
154,-9,swn542rsu4cWe4nxcDIdwvLtHlA=,5CEmUH2QPNhkO27tK7UptX+kgdk=
155,-9,swn542rsu4cWe4nxcDIdwvLtHlA=,5CEmUH2QPNhkO27tK7UptX+kgdk=
157,-14,swn542rsu4cWe4nxcDIdwvLtHlA=,5CEmUH2QPNhkO27tK7UptX+kgdk=
156,-14,swn542rsu4cWe4nxcDIdwvLtHlA=,5CEmUH2QPNhkO27tK7UptX+kgdk=
158,-10,swn542rsu4cWe4nxcDIdwvLtHlA=,5CEmUH2QPNhkO27tK7UptX+kgdk=
155,-14,swn542rsu4cWe4nxcDIdwvLtHlA=,5CEmUH2QPNhkO27tK7UptX+kgdk=
154,-14,swn542rsu4cWe4nxcDIdwvLtHlA=,5CEmUH2QPNhkO27tK7UptX+kgdk=
155,-11,swn542rsu4cWe4nxcDIdwvLtHlA=,5CEmUH2QPNhkO27tK7UptX+kgdk=
157,-8,swn542rsu4cWe4nxcDIdwvLtHlA=,3pzxC5kq+ekEog2fL7rDgrz1//o=
157,-10,swn542rsu4cWe4nxcDIdwvLtHlA=,5CEmUH2QPNhkO27tK7UptX+kgdk=
153,-14,swn542rsu4cWe4nxcDIdwvLtHlA=,5CEmUH2QPNhkO27tK7UptX+kgdk=
152,-14,swn542rsu4cWe4nxcDIdwvLtHlA=,5CEmUH2QPNhkO27tK7UptX+kgdk=
159,-15,swn542rsu4cWe4nxcDIdwvLtHlA=,5CEmUH2QPNhkO27tK7UptX+kgdk=
158,-15,swn542rsu4cWe4nxcDIdwvLtHlA=,5CEmUH2QPNhkO27tK7UptX+kgdk=
157,-15,swn542rsu4cWe4nxcDIdwvLtHlA=,5CEmUH2QPNhkO27tK7UptX+kgdk=
155,-10,swn542rsu4cWe4nxcDIdwvLtHlA=,5CEmUH2QPNhkO27tK7UptX+kgdk=
151,-8,swn542rsu4cWe4nxcDIdwvLtHlA=,7zDKLXbxoflF6SyKqRl0XJu3egk=
156,-15,swn542rsu4cWe4nxcDIdwvLtHlA=,5CEmUH2QPNhkO27tK7UptX+kgdk=
155,-15,swn542rsu4cWe4nxcDIdwvLtHlA=,5CEmUH2QPNhkO27tK7UptX+kgdk=
151,-15,swn542rsu4cWe4nxcDIdwvLtHlA=,gUvGRc06kBNW+m84HDMm2JXx1hY=
153,-10,swn542rsu4cWe4nxcDIdwvLtHlA=,5CEmUH2QPNhkO27tK7UptX+kgdk=
153,-11,swn542rsu4cWe4nxcDIdwvLtHlA=,5CEmUH2QPNhkO27tK7UptX+kgdk=
154,-15,swn542rsu4cWe4nxcDIdwvLtHlA=,5CEmUH2QPNhkO27tK7UptX+kgdk=
153,-15,swn542rsu4cWe4nxcDIdwvLtHlA=,5CEmUH2QPNhkO27tK7UptX+kgdk=
152,-15,swn542rsu4cWe4nxcDIdwvLtHlA=,5CEmUH2QPNhkO27tK7UptX+kgdk=
159,-16,swn542rsu4cWe4nxcDIdwvLtHlA=,5CEmUH2QPNhkO27tK7UptX+kgdk=
158,-16,swn542rsu4cWe4nxcDIdwvLtHlA=,5CEmUH2QPNhkO27tK7UptX+kgdk=
156,-10,swn542rsu4cWe4nxcDIdwvLtHlA=,5CEmUH2QPNhkO27tK7UptX+kgdk=
159,-8,swn542rsu4cWe4nxcDIdwvLtHlA=,3pzxC5kq+ekEog2fL7rDgrz1//o=
157,-16,swn542rsu4cWe4nxcDIdwvLtHlA=,5CEmUH2QPNhkO27tK7UptX+kgdk=
154,-10,swn542rsu4cWe4nxcDIdwvLtHlA=,5CEmUH2QPNhkO27tK7UptX+kgdk=
159,-11,swn542rsu4cWe4nxcDIdwvLtHlA=,5CEmUH2QPNhkO27tK7UptX+kgdk=
152,-11,swn542rsu4cWe4nxcDIdwvLtHlA=,5CEmUH2QPNhkO27tK7UptX+kgdk=
156,-16,swn542rsu4cWe4nxcDIdwvLtHlA=,5CEmUH2QPNhkO27tK7UptX+kgdk=
155,-16,swn542rsu4cWe4nxcDIdwvLtHlA=,5CEmUH2QPNhkO27tK7UptX+kgdk=
154,-16,swn542rsu4cWe4nxcDIdwvLtHlA=,5CEmUH2QPNhkO27tK7UptX+kgdk=
158,-11,swn542rsu4cWe4nxcDIdwvLtHlA=,5CEmUH2QPNhkO27tK7UptX+kgdk=
153,-16,swn542rsu4cWe4nxcDIdwvLtHlA=,5CEmUH2QPNhkO27tK7UptX+kgdk=
152,-10,swn542rsu4cWe4nxcDIdwvLtHlA=,5CEmUH2QPNhkO27tK7UptX+kgdk=
158,-8,swn542rsu4cWe4nxcDIdwvLtHlA=,3pzxC5kq+ekEog2fL7rDgrz1//o=
152,-16,swn542rsu4cWe4nxcDIdwvLtHlA=,5CEmUH2QPNhkO27tK7UptX+kgdk=
151,-16,swn542rsu4cWe4nxcDIdwvLtHlA=,gUvGRc06kBNW+m84HDMm2JXx1hY=
156,-11,swn542rsu4cWe4nxcDIdwvLtHlA=,5CEmUH2QPNhkO27tK7UptX+kgdk=
157,-11,swn542rsu4cWe4nxcDIdwvLtHlA=,5CEmUH2QPNhkO27tK7UptX+kgdk=
132,-3,Fallg6aHHaRHFBeY/SsZGk2L/8Y=,n9MEpLR30/0VS30NT+Ho23fm2Xo=
133,-3,Fallg6aHHaRHFBeY/SsZGk2L/8Y=,n9MEpLR30/0VS30NT+Ho23fm2Xo=
134,-3,Fallg6aHHaRHFBeY/SsZGk2L/8Y=,n9MEpLR30/0VS30NT+Ho23fm2Xo=
135,-3,Fallg6aHHaRHFBeY/SsZGk2L/8Y=,n9MEpLR30/0VS30NT+Ho23fm2Xo=
128,-2,Fallg6aHHaRHFBeY/SsZGk2L/8Y=,n9MEpLR30/0VS30NT+Ho23fm2Xo=
129,-2,Fallg6aHHaRHFBeY/SsZGk2L/8Y=,n9MEpLR30/0VS30NT+Ho23fm2Xo=
130,-2,Fallg6aHHaRHFBeY/SsZGk2L/8Y=,n9MEpLR30/0VS30NT+Ho23fm2Xo=
131,-2,Fallg6aHHaRHFBeY/SsZGk2L/8Y=,n9MEpLR30/0VS30NT+Ho23fm2Xo=
132,-2,Fallg6aHHaRHFBeY/SsZGk2L/8Y=,n9MEpLR30/0VS30NT+Ho23fm2Xo=
133,-2,Fallg6aHHaRHFBeY/SsZGk2L/8Y=,n9MEpLR30/0VS30NT+Ho23fm2Xo=
134,-2,Fallg6aHHaRHFBeY/SsZGk2L/8Y=,n9MEpLR30/0VS30NT+Ho23fm2Xo=
135,-2,Fallg6aHHaRHFBeY/SsZGk2L/8Y=,n9MEpLR30/0VS30NT+Ho23fm2Xo=
128,-1,Fallg6aHHaRHFBeY/SsZGk2L/8Y=,n9MEpLR30/0VS30NT+Ho23fm2Xo=
129,-1,Fallg6aHHaRHFBeY/SsZGk2L/8Y=,n9MEpLR30/0VS30NT+Ho23fm2Xo=
130,-1,Fallg6aHHaRHFBeY/SsZGk2L/8Y=,n9MEpLR30/0VS30NT+Ho23fm2Xo=
131,-1,Fallg6aHHaRHFBeY/SsZGk2L/8Y=,n9MEpLR30/0VS30NT+Ho23fm2Xo=
132,-1,Fallg6aHHaRHFBeY/SsZGk2L/8Y=,n9MEpLR30/0VS30NT+Ho23fm2Xo=
132,-13,Fallg6aHHaRHFBeY/SsZGk2L/8Y=,Ujcu9s806RWCawDj8Q1Vmml9IyA=
133,-13,Fallg6aHHaRHFBeY/SsZGk2L/8Y=,Ujcu9s806RWCawDj8Q1Vmml9IyA=
128,-8,Fallg6aHHaRHFBeY/SsZGk2L/8Y=,n9MEpLR30/0VS30NT+Ho23fm2Xo=
130,-8,Fallg6aHHaRHFBeY/SsZGk2L/8Y=,n9MEpLR30/0VS30NT+Ho23fm2Xo=
129,-8,Fallg6aHHaRHFBeY/SsZGk2L/8Y=,n9MEpLR30/0VS30NT+Ho23fm2Xo=
134,-13,Fallg6aHHaRHFBeY/SsZGk2L/8Y=,Ujcu9s806RWCawDj8Q1Vmml9IyA=
131,-8,Fallg6aHHaRHFBeY/SsZGk2L/8Y=,n9MEpLR30/0VS30NT+Ho23fm2Xo=
132,-8,Fallg6aHHaRHFBeY/SsZGk2L/8Y=,n9MEpLR30/0VS30NT+Ho23fm2Xo=
128,-12,Fallg6aHHaRHFBeY/SsZGk2L/8Y=,Ujcu9s806RWCawDj8Q1Vmml9IyA=
133,-8,Fallg6aHHaRHFBeY/SsZGk2L/8Y=,n9MEpLR30/0VS30NT+Ho23fm2Xo=
134,-8,Fallg6aHHaRHFBeY/SsZGk2L/8Y=,n9MEpLR30/0VS30NT+Ho23fm2Xo=
129,-12,Fallg6aHHaRHFBeY/SsZGk2L/8Y=,Ujcu9s806RWCawDj8Q1Vmml9IyA=
131,-12,Fallg6aHHaRHFBeY/SsZGk2L/8Y=,Ujcu9s806RWCawDj8Q1Vmml9IyA=
132,-12,Fallg6aHHaRHFBeY/SsZGk2L/8Y=,Ujcu9s806RWCawDj8Q1Vmml9IyA=
133,-12,Fallg6aHHaRHFBeY/SsZGk2L/8Y=,Ujcu9s806RWCawDj8Q1Vmml9IyA=
134,-12,Fallg6aHHaRHFBeY/SsZGk2L/8Y=,Ujcu9s806RWCawDj8Q1Vmml9IyA=
128,-11,Fallg6aHHaRHFBeY/SsZGk2L/8Y=,Ujcu9s806RWCawDj8Q1Vmml9IyA=
130,-12,Fallg6aHHaRHFBeY/SsZGk2L/8Y=,Ujcu9s806RWCawDj8Q1Vmml9IyA=
129,-11,Fallg6aHHaRHFBeY/SsZGk2L/8Y=,Ujcu9s806RWCawDj8Q1Vmml9IyA=
130,-11,Fallg6aHHaRHFBeY/SsZGk2L/8Y=,Ujcu9s806RWCawDj8Q1Vmml9IyA=
129,-16,Fallg6aHHaRHFBeY/SsZGk2L/8Y=,Ujcu9s806RWCawDj8Q1Vmml9IyA=
128,-16,Fallg6aHHaRHFBeY/SsZGk2L/8Y=,Ujcu9s806RWCawDj8Q1Vmml9IyA=
131,-11,Fallg6aHHaRHFBeY/SsZGk2L/8Y=,Ujcu9s806RWCawDj8Q1Vmml9IyA=
130,-16,Fallg6aHHaRHFBeY/SsZGk2L/8Y=,Ujcu9s806RWCawDj8Q1Vmml9IyA=
132,-16,Fallg6aHHaRHFBeY/SsZGk2L/8Y=,Ujcu9s806RWCawDj8Q1Vmml9IyA=
133,-16,Fallg6aHHaRHFBeY/SsZGk2L/8Y=,Ujcu9s806RWCawDj8Q1Vmml9IyA=
132,-11,Fallg6aHHaRHFBeY/SsZGk2L/8Y=,Ujcu9s806RWCawDj8Q1Vmml9IyA=
133,-11,Fallg6aHHaRHFBeY/SsZGk2L/8Y=,Ujcu9s806RWCawDj8Q1Vmml9IyA=
131,-16,Fallg6aHHaRHFBeY/SsZGk2L/8Y=,Ujcu9s806RWCawDj8Q1Vmml9IyA=
134,-11,Fallg6aHHaRHFBeY/SsZGk2L/8Y=,Ujcu9s806RWCawDj8Q1Vmml9IyA=
134,-16,Fallg6aHHaRHFBeY/SsZGk2L/8Y=,Ujcu9s806RWCawDj8Q1Vmml9IyA=
128,-10,Fallg6aHHaRHFBeY/SsZGk2L/8Y=,Ujcu9s806RWCawDj8Q1Vmml9IyA=
129,-10,Fallg6aHHaRHFBeY/SsZGk2L/8Y=,Ujcu9s806RWCawDj8Q1Vmml9IyA=
130,-10,Fallg6aHHaRHFBeY/SsZGk2L/8Y=,Ujcu9s806RWCawDj8Q1Vmml9IyA=
131,-10,Fallg6aHHaRHFBeY/SsZGk2L/8Y=,Ujcu9s806RWCawDj8Q1Vmml9IyA=
132,-10,Fallg6aHHaRHFBeY/SsZGk2L/8Y=,Ujcu9s806RWCawDj8Q1Vmml9IyA=
131,-3,Fallg6aHHaRHFBeY/SsZGk2L/8Y=,n9MEpLR30/0VS30NT+Ho23fm2Xo=
130,-3,Fallg6aHHaRHFBeY/SsZGk2L/8Y=,n9MEpLR30/0VS30NT+Ho23fm2Xo=
128,-3,Fallg6aHHaRHFBeY/SsZGk2L/8Y=,n9MEpLR30/0VS30NT+Ho23fm2Xo=
129,-3,Fallg6aHHaRHFBeY/SsZGk2L/8Y=,n9MEpLR30/0VS30NT+Ho23fm2Xo=
135,-4,Fallg6aHHaRHFBeY/SsZGk2L/8Y=,n9MEpLR30/0VS30NT+Ho23fm2Xo=
132,-4,Fallg6aHHaRHFBeY/SsZGk2L/8Y=,n9MEpLR30/0VS30NT+Ho23fm2Xo=
134,-4,Fallg6aHHaRHFBeY/SsZGk2L/8Y=,n9MEpLR30/0VS30NT+Ho23fm2Xo=
131,-4,Fallg6aHHaRHFBeY/SsZGk2L/8Y=,n9MEpLR30/0VS30NT+Ho23fm2Xo=
133,-4,Fallg6aHHaRHFBeY/SsZGk2L/8Y=,n9MEpLR30/0VS30NT+Ho23fm2Xo=
131,-13,Fallg6aHHaRHFBeY/SsZGk2L/8Y=,Ujcu9s806RWCawDj8Q1Vmml9IyA=
129,-4,Fallg6aHHaRHFBeY/SsZGk2L/8Y=,n9MEpLR30/0VS30NT+Ho23fm2Xo=
130,-4,Fallg6aHHaRHFBeY/SsZGk2L/8Y=,n9MEpLR30/0VS30NT+Ho23fm2Xo=
130,-13,Fallg6aHHaRHFBeY/SsZGk2L/8Y=,Ujcu9s806RWCawDj8Q1Vmml9IyA=
128,-4,Fallg6aHHaRHFBeY/SsZGk2L/8Y=,n9MEpLR30/0VS30NT+Ho23fm2Xo=
134,-5,Fallg6aHHaRHFBeY/SsZGk2L/8Y=,n9MEpLR30/0VS30NT+Ho23fm2Xo=
135,-5,Fallg6aHHaRHFBeY/SsZGk2L/8Y=,n9MEpLR30/0VS30NT+Ho23fm2Xo=
132,-5,Fallg6aHHaRHFBeY/SsZGk2L/8Y=,n9MEpLR30/0VS30NT+Ho23fm2Xo=
129,-13,Fallg6aHHaRHFBeY/SsZGk2L/8Y=,Ujcu9s806RWCawDj8Q1Vmml9IyA=
133,-5,Fallg6aHHaRHFBeY/SsZGk2L/8Y=,n9MEpLR30/0VS30NT+Ho23fm2Xo=
131,-5,Fallg6aHHaRHFBeY/SsZGk2L/8Y=,n9MEpLR30/0VS30NT+Ho23fm2Xo=
128,-13,Fallg6aHHaRHFBeY/SsZGk2L/8Y=,Ujcu9s806RWCawDj8Q1Vmml9IyA=
133,-9,Fallg6aHHaRHFBeY/SsZGk2L/8Y=,Ujcu9s806RWCawDj8Q1Vmml9IyA=
130,-5,Fallg6aHHaRHFBeY/SsZGk2L/8Y=,n9MEpLR30/0VS30NT+Ho23fm2Xo=
129,-5,Fallg6aHHaRHFBeY/SsZGk2L/8Y=,n9MEpLR30/0VS30NT+Ho23fm2Xo=
128,-5,Fallg6aHHaRHFBeY/SsZGk2L/8Y=,n9MEpLR30/0VS30NT+Ho23fm2Xo=
135,-6,Fallg6aHHaRHFBeY/SsZGk2L/8Y=,n9MEpLR30/0VS30NT+Ho23fm2Xo=
134,-6,Fallg6aHHaRHFBeY/SsZGk2L/8Y=,n9MEpLR30/0VS30NT+Ho23fm2Xo=
133,-6,Fallg6aHHaRHFBeY/SsZGk2L/8Y=,n9MEpLR30/0VS30NT+Ho23fm2Xo=
132,-9,Fallg6aHHaRHFBeY/SsZGk2L/8Y=,Ujcu9s806RWCawDj8Q1Vmml9IyA=
132,-6,Fallg6aHHaRHFBeY/SsZGk2L/8Y=,n9MEpLR30/0VS30NT+Ho23fm2Xo=
134,-9,Fallg6aHHaRHFBeY/SsZGk2L/8Y=,Ujcu9s806RWCawDj8Q1Vmml9IyA=
131,-6,Fallg6aHHaRHFBeY/SsZGk2L/8Y=,n9MEpLR30/0VS30NT+Ho23fm2Xo=
130,-6,Fallg6aHHaRHFBeY/SsZGk2L/8Y=,n9MEpLR30/0VS30NT+Ho23fm2Xo=
129,-6,Fallg6aHHaRHFBeY/SsZGk2L/8Y=,n9MEpLR30/0VS30NT+Ho23fm2Xo=
128,-6,Fallg6aHHaRHFBeY/SsZGk2L/8Y=,n9MEpLR30/0VS30NT+Ho23fm2Xo=
135,-7,Fallg6aHHaRHFBeY/SsZGk2L/8Y=,n9MEpLR30/0VS30NT+Ho23fm2Xo=
134,-7,Fallg6aHHaRHFBeY/SsZGk2L/8Y=,n9MEpLR30/0VS30NT+Ho23fm2Xo=
132,-7,Fallg6aHHaRHFBeY/SsZGk2L/8Y=,n9MEpLR30/0VS30NT+Ho23fm2Xo=
133,-7,Fallg6aHHaRHFBeY/SsZGk2L/8Y=,n9MEpLR30/0VS30NT+Ho23fm2Xo=
129,-7,Fallg6aHHaRHFBeY/SsZGk2L/8Y=,n9MEpLR30/0VS30NT+Ho23fm2Xo=
134,-14,Fallg6aHHaRHFBeY/SsZGk2L/8Y=,Ujcu9s806RWCawDj8Q1Vmml9IyA=
128,-7,Fallg6aHHaRHFBeY/SsZGk2L/8Y=,n9MEpLR30/0VS30NT+Ho23fm2Xo=
135,-1,Fallg6aHHaRHFBeY/SsZGk2L/8Y=,n9MEpLR30/0VS30NT+Ho23fm2Xo=
131,-7,Fallg6aHHaRHFBeY/SsZGk2L/8Y=,n9MEpLR30/0VS30NT+Ho23fm2Xo=
134,-1,Fallg6aHHaRHFBeY/SsZGk2L/8Y=,n9MEpLR30/0VS30NT+Ho23fm2Xo=
133,-14,Fallg6aHHaRHFBeY/SsZGk2L/8Y=,Ujcu9s806RWCawDj8Q1Vmml9IyA=
133,-1,Fallg6aHHaRHFBeY/SsZGk2L/8Y=,n9MEpLR30/0VS30NT+Ho23fm2Xo=
130,-7,Fallg6aHHaRHFBeY/SsZGk2L/8Y=,n9MEpLR30/0VS30NT+Ho23fm2Xo=
132,-14,Fallg6aHHaRHFBeY/SsZGk2L/8Y=,Ujcu9s806RWCawDj8Q1Vmml9IyA=
131,-14,Fallg6aHHaRHFBeY/SsZGk2L/8Y=,Ujcu9s806RWCawDj8Q1Vmml9IyA=
130,-14,Fallg6aHHaRHFBeY/SsZGk2L/8Y=,Ujcu9s806RWCawDj8Q1Vmml9IyA=
133,-10,Fallg6aHHaRHFBeY/SsZGk2L/8Y=,Ujcu9s806RWCawDj8Q1Vmml9IyA=
129,-14,Fallg6aHHaRHFBeY/SsZGk2L/8Y=,Ujcu9s806RWCawDj8Q1Vmml9IyA=
128,-15,Fallg6aHHaRHFBeY/SsZGk2L/8Y=,Ujcu9s806RWCawDj8Q1Vmml9IyA=
129,-15,Fallg6aHHaRHFBeY/SsZGk2L/8Y=,Ujcu9s806RWCawDj8Q1Vmml9IyA=
130,-15,Fallg6aHHaRHFBeY/SsZGk2L/8Y=,Ujcu9s806RWCawDj8Q1Vmml9IyA=
131,-15,Fallg6aHHaRHFBeY/SsZGk2L/8Y=,Ujcu9s806RWCawDj8Q1Vmml9IyA=
131,-9,Fallg6aHHaRHFBeY/SsZGk2L/8Y=,Ujcu9s806RWCawDj8Q1Vmml9IyA=
134,-10,Fallg6aHHaRHFBeY/SsZGk2L/8Y=,Ujcu9s806RWCawDj8Q1Vmml9IyA=
132,-15,Fallg6aHHaRHFBeY/SsZGk2L/8Y=,Ujcu9s806RWCawDj8Q1Vmml9IyA=
133,-15,Fallg6aHHaRHFBeY/SsZGk2L/8Y=,Ujcu9s806RWCawDj8Q1Vmml9IyA=
134,-15,Fallg6aHHaRHFBeY/SsZGk2L/8Y=,Ujcu9s806RWCawDj8Q1Vmml9IyA=
128,-14,Fallg6aHHaRHFBeY/SsZGk2L/8Y=,Ujcu9s806RWCawDj8Q1Vmml9IyA=
128,-9,Fallg6aHHaRHFBeY/SsZGk2L/8Y=,Ujcu9s806RWCawDj8Q1Vmml9IyA=
129,-9,Fallg6aHHaRHFBeY/SsZGk2L/8Y=,Ujcu9s806RWCawDj8Q1Vmml9IyA=
130,-9,Fallg6aHHaRHFBeY/SsZGk2L/8Y=,Ujcu9s806RWCawDj8Q1Vmml9IyA=
141,-13,Fallg6aHHaRHFBeY/SsZGk2L/8Y=,f/lH2n5SGaVeliuNQAkX1U0Rpic=
138,-15,Fallg6aHHaRHFBeY/SsZGk2L/8Y=,f/lH2n5SGaVeliuNQAkX1U0Rpic=
141,-15,Fallg6aHHaRHFBeY/SsZGk2L/8Y=,f/lH2n5SGaVeliuNQAkX1U0Rpic=
143,-15,Fallg6aHHaRHFBeY/SsZGk2L/8Y=,f/lH2n5SGaVeliuNQAkX1U0Rpic=
139,-15,Fallg6aHHaRHFBeY/SsZGk2L/8Y=,f/lH2n5SGaVeliuNQAkX1U0Rpic=
142,-15,Fallg6aHHaRHFBeY/SsZGk2L/8Y=,f/lH2n5SGaVeliuNQAkX1U0Rpic=
135,-14,Fallg6aHHaRHFBeY/SsZGk2L/8Y=,Ujcu9s806RWCawDj8Q1Vmml9IyA=
143,-14,Fallg6aHHaRHFBeY/SsZGk2L/8Y=,f/lH2n5SGaVeliuNQAkX1U0Rpic=
139,-11,Fallg6aHHaRHFBeY/SsZGk2L/8Y=,f/lH2n5SGaVeliuNQAkX1U0Rpic=
140,-13,Fallg6aHHaRHFBeY/SsZGk2L/8Y=,f/lH2n5SGaVeliuNQAkX1U0Rpic=
139,-16,Fallg6aHHaRHFBeY/SsZGk2L/8Y=,f/lH2n5SGaVeliuNQAkX1U0Rpic=
135,-15,Fallg6aHHaRHFBeY/SsZGk2L/8Y=,Ujcu9s806RWCawDj8Q1Vmml9IyA=
142,-14,Fallg6aHHaRHFBeY/SsZGk2L/8Y=,f/lH2n5SGaVeliuNQAkX1U0Rpic=
138,-11,Fallg6aHHaRHFBeY/SsZGk2L/8Y=,f/lH2n5SGaVeliuNQAkX1U0Rpic=
139,-13,Fallg6aHHaRHFBeY/SsZGk2L/8Y=,f/lH2n5SGaVeliuNQAkX1U0Rpic=
140,-12,Fallg6aHHaRHFBeY/SsZGk2L/8Y=,f/lH2n5SGaVeliuNQAkX1U0Rpic=
139,-12,Fallg6aHHaRHFBeY/SsZGk2L/8Y=,f/lH2n5SGaVeliuNQAkX1U0Rpic=
135,-16,Fallg6aHHaRHFBeY/SsZGk2L/8Y=,Ujcu9s806RWCawDj8Q1Vmml9IyA=
135,-11,Fallg6aHHaRHFBeY/SsZGk2L/8Y=,Ujcu9s806RWCawDj8Q1Vmml9IyA=
141,-14,Fallg6aHHaRHFBeY/SsZGk2L/8Y=,f/lH2n5SGaVeliuNQAkX1U0Rpic=
140,-14,Fallg6aHHaRHFBeY/SsZGk2L/8Y=,f/lH2n5SGaVeliuNQAkX1U0Rpic=
138,-12,Fallg6aHHaRHFBeY/SsZGk2L/8Y=,f/lH2n5SGaVeliuNQAkX1U0Rpic=
137,-11,Fallg6aHHaRHFBeY/SsZGk2L/8Y=,f/lH2n5SGaVeliuNQAkX1U0Rpic=
137,-12,Fallg6aHHaRHFBeY/SsZGk2L/8Y=,f/lH2n5SGaVeliuNQAkX1U0Rpic=
139,-14,Fallg6aHHaRHFBeY/SsZGk2L/8Y=,f/lH2n5SGaVeliuNQAkX1U0Rpic=
138,-13,Fallg6aHHaRHFBeY/SsZGk2L/8Y=,f/lH2n5SGaVeliuNQAkX1U0Rpic=
135,-9,Fallg6aHHaRHFBeY/SsZGk2L/8Y=,Ujcu9s806RWCawDj8Q1Vmml9IyA=
136,-12,Fallg6aHHaRHFBeY/SsZGk2L/8Y=,f/lH2n5SGaVeliuNQAkX1U0Rpic=
143,-9,Fallg6aHHaRHFBeY/SsZGk2L/8Y=,f/lH2n5SGaVeliuNQAkX1U0Rpic=
135,-10,Fallg6aHHaRHFBeY/SsZGk2L/8Y=,Ujcu9s806RWCawDj8Q1Vmml9IyA=
141,-12,Fallg6aHHaRHFBeY/SsZGk2L/8Y=,f/lH2n5SGaVeliuNQAkX1U0Rpic=
139,-9,Fallg6aHHaRHFBeY/SsZGk2L/8Y=,f/lH2n5SGaVeliuNQAkX1U0Rpic=
136,-11,Fallg6aHHaRHFBeY/SsZGk2L/8Y=,f/lH2n5SGaVeliuNQAkX1U0Rpic=
138,-14,Fallg6aHHaRHFBeY/SsZGk2L/8Y=,f/lH2n5SGaVeliuNQAkX1U0Rpic=
137,-13,Fallg6aHHaRHFBeY/SsZGk2L/8Y=,f/lH2n5SGaVeliuNQAkX1U0Rpic=
138,-9,Fallg6aHHaRHFBeY/SsZGk2L/8Y=,f/lH2n5SGaVeliuNQAkX1U0Rpic=
137,-9,Fallg6aHHaRHFBeY/SsZGk2L/8Y=,f/lH2n5SGaVeliuNQAkX1U0Rpic=
136,-9,Fallg6aHHaRHFBeY/SsZGk2L/8Y=,f/lH2n5SGaVeliuNQAkX1U0Rpic=
142,-9,Fallg6aHHaRHFBeY/SsZGk2L/8Y=,f/lH2n5SGaVeliuNQAkX1U0Rpic=
140,-11,Fallg6aHHaRHFBeY/SsZGk2L/8Y=,f/lH2n5SGaVeliuNQAkX1U0Rpic=
140,-9,Fallg6aHHaRHFBeY/SsZGk2L/8Y=,f/lH2n5SGaVeliuNQAkX1U0Rpic=
143,-10,Fallg6aHHaRHFBeY/SsZGk2L/8Y=,f/lH2n5SGaVeliuNQAkX1U0Rpic=
136,-13,Fallg6aHHaRHFBeY/SsZGk2L/8Y=,f/lH2n5SGaVeliuNQAkX1U0Rpic=
143,-12,Fallg6aHHaRHFBeY/SsZGk2L/8Y=,f/lH2n5SGaVeliuNQAkX1U0Rpic=
135,-12,Fallg6aHHaRHFBeY/SsZGk2L/8Y=,Ujcu9s806RWCawDj8Q1Vmml9IyA=
141,-9,Fallg6aHHaRHFBeY/SsZGk2L/8Y=,f/lH2n5SGaVeliuNQAkX1U0Rpic=
142,-11,Fallg6aHHaRHFBeY/SsZGk2L/8Y=,f/lH2n5SGaVeliuNQAkX1U0Rpic=
141,-11,Fallg6aHHaRHFBeY/SsZGk2L/8Y=,f/lH2n5SGaVeliuNQAkX1U0Rpic=
136,-14,Fallg6aHHaRHFBeY/SsZGk2L/8Y=,f/lH2n5SGaVeliuNQAkX1U0Rpic=
140,-15,Fallg6aHHaRHFBeY/SsZGk2L/8Y=,f/lH2n5SGaVeliuNQAkX1U0Rpic=
136,-16,Fallg6aHHaRHFBeY/SsZGk2L/8Y=,f/lH2n5SGaVeliuNQAkX1U0Rpic=
137,-16,Fallg6aHHaRHFBeY/SsZGk2L/8Y=,f/lH2n5SGaVeliuNQAkX1U0Rpic=
142,-13,Fallg6aHHaRHFBeY/SsZGk2L/8Y=,f/lH2n5SGaVeliuNQAkX1U0Rpic=
140,-16,Fallg6aHHaRHFBeY/SsZGk2L/8Y=,f/lH2n5SGaVeliuNQAkX1U0Rpic=
141,-16,Fallg6aHHaRHFBeY/SsZGk2L/8Y=,f/lH2n5SGaVeliuNQAkX1U0Rpic=
135,-13,Fallg6aHHaRHFBeY/SsZGk2L/8Y=,Ujcu9s806RWCawDj8Q1Vmml9IyA=
142,-16,Fallg6aHHaRHFBeY/SsZGk2L/8Y=,f/lH2n5SGaVeliuNQAkX1U0Rpic=
143,-16,Fallg6aHHaRHFBeY/SsZGk2L/8Y=,f/lH2n5SGaVeliuNQAkX1U0Rpic=
136,-15,Fallg6aHHaRHFBeY/SsZGk2L/8Y=,f/lH2n5SGaVeliuNQAkX1U0Rpic=
137,-15,Fallg6aHHaRHFBeY/SsZGk2L/8Y=,f/lH2n5SGaVeliuNQAkX1U0Rpic=
138,-16,Fallg6aHHaRHFBeY/SsZGk2L/8Y=,f/lH2n5SGaVeliuNQAkX1U0Rpic=
135,-8,Fallg6aHHaRHFBeY/SsZGk2L/8Y=,n9MEpLR30/0VS30NT+Ho23fm2Xo=
142,-12,Fallg6aHHaRHFBeY/SsZGk2L/8Y=,f/lH2n5SGaVeliuNQAkX1U0Rpic=
136,-10,Fallg6aHHaRHFBeY/SsZGk2L/8Y=,f/lH2n5SGaVeliuNQAkX1U0Rpic=
143,-11,Fallg6aHHaRHFBeY/SsZGk2L/8Y=,f/lH2n5SGaVeliuNQAkX1U0Rpic=
137,-14,Fallg6aHHaRHFBeY/SsZGk2L/8Y=,f/lH2n5SGaVeliuNQAkX1U0Rpic=
139,-10,Fallg6aHHaRHFBeY/SsZGk2L/8Y=,f/lH2n5SGaVeliuNQAkX1U0Rpic=
140,-10,Fallg6aHHaRHFBeY/SsZGk2L/8Y=,f/lH2n5SGaVeliuNQAkX1U0Rpic=
142,-10,Fallg6aHHaRHFBeY/SsZGk2L/8Y=,f/lH2n5SGaVeliuNQAkX1U0Rpic=
143,-13,Fallg6aHHaRHFBeY/SsZGk2L/8Y=,f/lH2n5SGaVeliuNQAkX1U0Rpic=
137,-10,Fallg6aHHaRHFBeY/SsZGk2L/8Y=,f/lH2n5SGaVeliuNQAkX1U0Rpic=
138,-10,Fallg6aHHaRHFBeY/SsZGk2L/8Y=,f/lH2n5SGaVeliuNQAkX1U0Rpic=
141,-10,Fallg6aHHaRHFBeY/SsZGk2L/8Y=,f/lH2n5SGaVeliuNQAkX1U0Rpic=
