-186,210,IShKtJXrU+WnrMlzi3NoOBV1UhE=,2cgmH3DdYg+QXfSslcH4n+k8fQo=
-191,210,IShKtJXrU+WnrMlzi3NoOBV1UhE=,2cgmH3DdYg+QXfSslcH4n+k8fQo=
-191,211,IShKtJXrU+WnrMlzi3NoOBV1UhE=,2cgmH3DdYg+QXfSslcH4n+k8fQo=
-190,211,IShKtJXrU+WnrMlzi3NoOBV1UhE=,2cgmH3DdYg+QXfSslcH4n+k8fQo=
-190,210,IShKtJXrU+WnrMlzi3NoOBV1UhE=,2cgmH3DdYg+QXfSslcH4n+k8fQo=
-189,211,IShKtJXrU+WnrMlzi3NoOBV1UhE=,2cgmH3DdYg+QXfSslcH4n+k8fQo=
-188,211,IShKtJXrU+WnrMlzi3NoOBV1UhE=,2cgmH3DdYg+QXfSslcH4n+k8fQo=
-187,211,IShKtJXrU+WnrMlzi3NoOBV1UhE=,2cgmH3DdYg+QXfSslcH4n+k8fQo=
-186,211,IShKtJXrU+WnrMlzi3NoOBV1UhE=,2cgmH3DdYg+QXfSslcH4n+k8fQo=
-190,209,IShKtJXrU+WnrMlzi3NoOBV1UhE=,2cgmH3DdYg+QXfSslcH4n+k8fQo=
-191,212,IShKtJXrU+WnrMlzi3NoOBV1UhE=,2cgmH3DdYg+QXfSslcH4n+k8fQo=
-190,212,IShKtJXrU+WnrMlzi3NoOBV1UhE=,2cgmH3DdYg+QXfSslcH4n+k8fQo=
-189,212,IShKtJXrU+WnrMlzi3NoOBV1UhE=,2cgmH3DdYg+QXfSslcH4n+k8fQo=
-188,212,IShKtJXrU+WnrMlzi3NoOBV1UhE=,2cgmH3DdYg+QXfSslcH4n+k8fQo=
-187,212,IShKtJXrU+WnrMlzi3NoOBV1UhE=,2cgmH3DdYg+QXfSslcH4n+k8fQo=
-189,209,IShKtJXrU+WnrMlzi3NoOBV1UhE=,2cgmH3DdYg+QXfSslcH4n+k8fQo=
-188,209,IShKtJXrU+WnrMlzi3NoOBV1UhE=,2cgmH3DdYg+QXfSslcH4n+k8fQo=
-186,212,IShKtJXrU+WnrMlzi3NoOBV1UhE=,2cgmH3DdYg+QXfSslcH4n+k8fQo=
-187,209,IShKtJXrU+WnrMlzi3NoOBV1UhE=,2cgmH3DdYg+QXfSslcH4n+k8fQo=
-189,210,IShKtJXrU+WnrMlzi3NoOBV1UhE=,2cgmH3DdYg+QXfSslcH4n+k8fQo=
-191,213,IShKtJXrU+WnrMlzi3NoOBV1UhE=,2cgmH3DdYg+QXfSslcH4n+k8fQo=
-190,213,IShKtJXrU+WnrMlzi3NoOBV1UhE=,2cgmH3DdYg+QXfSslcH4n+k8fQo=
-186,209,IShKtJXrU+WnrMlzi3NoOBV1UhE=,2cgmH3DdYg+QXfSslcH4n+k8fQo=
-191,209,IShKtJXrU+WnrMlzi3NoOBV1UhE=,2cgmH3DdYg+QXfSslcH4n+k8fQo=
-189,213,IShKtJXrU+WnrMlzi3NoOBV1UhE=,2cgmH3DdYg+QXfSslcH4n+k8fQo=
-188,213,IShKtJXrU+WnrMlzi3NoOBV1UhE=,2cgmH3DdYg+QXfSslcH4n+k8fQo=
-187,213,IShKtJXrU+WnrMlzi3NoOBV1UhE=,2cgmH3DdYg+QXfSslcH4n+k8fQo=
-186,213,IShKtJXrU+WnrMlzi3NoOBV1UhE=,2cgmH3DdYg+QXfSslcH4n+k8fQo=
-191,214,IShKtJXrU+WnrMlzi3NoOBV1UhE=,2cgmH3DdYg+QXfSslcH4n+k8fQo=
-190,214,IShKtJXrU+WnrMlzi3NoOBV1UhE=,2cgmH3DdYg+QXfSslcH4n+k8fQo=
-189,214,IShKtJXrU+WnrMlzi3NoOBV1UhE=,2cgmH3DdYg+QXfSslcH4n+k8fQo=
-188,214,IShKtJXrU+WnrMlzi3NoOBV1UhE=,2cgmH3DdYg+QXfSslcH4n+k8fQo=
-188,210,IShKtJXrU+WnrMlzi3NoOBV1UhE=,2cgmH3DdYg+QXfSslcH4n+k8fQo=
-186,220,IShKtJXrU+WnrMlzi3NoOBV1UhE=,F7jLs2XwbPhcVsbq5sp2gvghUDU=
-191,221,IShKtJXrU+WnrMlzi3NoOBV1UhE=,F7jLs2XwbPhcVsbq5sp2gvghUDU=
-190,221,IShKtJXrU+WnrMlzi3NoOBV1UhE=,F7jLs2XwbPhcVsbq5sp2gvghUDU=
-189,221,IShKtJXrU+WnrMlzi3NoOBV1UhE=,F7jLs2XwbPhcVsbq5sp2gvghUDU=
-188,221,IShKtJXrU+WnrMlzi3NoOBV1UhE=,F7jLs2XwbPhcVsbq5sp2gvghUDU=
-187,221,IShKtJXrU+WnrMlzi3NoOBV1UhE=,F7jLs2XwbPhcVsbq5sp2gvghUDU=
-186,221,IShKtJXrU+WnrMlzi3NoOBV1UhE=,F7jLs2XwbPhcVsbq5sp2gvghUDU=
-191,222,IShKtJXrU+WnrMlzi3NoOBV1UhE=,F7jLs2XwbPhcVsbq5sp2gvghUDU=
-190,222,IShKtJXrU+WnrMlzi3NoOBV1UhE=,F7jLs2XwbPhcVsbq5sp2gvghUDU=
-189,222,IShKtJXrU+WnrMlzi3NoOBV1UhE=,F7jLs2XwbPhcVsbq5sp2gvghUDU=
-188,222,IShKtJXrU+WnrMlzi3NoOBV1UhE=,F7jLs2XwbPhcVsbq5sp2gvghUDU=
-187,222,IShKtJXrU+WnrMlzi3NoOBV1UhE=,F7jLs2XwbPhcVsbq5sp2gvghUDU=
-186,222,IShKtJXrU+WnrMlzi3NoOBV1UhE=,F7jLs2XwbPhcVsbq5sp2gvghUDU=
-191,216,IShKtJXrU+WnrMlzi3NoOBV1UhE=,F7jLs2XwbPhcVsbq5sp2gvghUDU=
-190,216,IShKtJXrU+WnrMlzi3NoOBV1UhE=,F7jLs2XwbPhcVsbq5sp2gvghUDU=
-189,216,IShKtJXrU+WnrMlzi3NoOBV1UhE=,F7jLs2XwbPhcVsbq5sp2gvghUDU=
-188,216,IShKtJXrU+WnrMlzi3NoOBV1UhE=,F7jLs2XwbPhcVsbq5sp2gvghUDU=
-187,216,IShKtJXrU+WnrMlzi3NoOBV1UhE=,F7jLs2XwbPhcVsbq5sp2gvghUDU=
-186,216,IShKtJXrU+WnrMlzi3NoOBV1UhE=,F7jLs2XwbPhcVsbq5sp2gvghUDU=
-191,217,IShKtJXrU+WnrMlzi3NoOBV1UhE=,F7jLs2XwbPhcVsbq5sp2gvghUDU=
-190,217,IShKtJXrU+WnrMlzi3NoOBV1UhE=,F7jLs2XwbPhcVsbq5sp2gvghUDU=
-189,217,IShKtJXrU+WnrMlzi3NoOBV1UhE=,F7jLs2XwbPhcVsbq5sp2gvghUDU=
-188,217,IShKtJXrU+WnrMlzi3NoOBV1UhE=,F7jLs2XwbPhcVsbq5sp2gvghUDU=
-187,217,IShKtJXrU+WnrMlzi3NoOBV1UhE=,F7jLs2XwbPhcVsbq5sp2gvghUDU=
-186,217,IShKtJXrU+WnrMlzi3NoOBV1UhE=,F7jLs2XwbPhcVsbq5sp2gvghUDU=
-191,218,IShKtJXrU+WnrMlzi3NoOBV1UhE=,F7jLs2XwbPhcVsbq5sp2gvghUDU=
-190,218,IShKtJXrU+WnrMlzi3NoOBV1UhE=,F7jLs2XwbPhcVsbq5sp2gvghUDU=
-189,218,IShKtJXrU+WnrMlzi3NoOBV1UhE=,F7jLs2XwbPhcVsbq5sp2gvghUDU=
-188,218,IShKtJXrU+WnrMlzi3NoOBV1UhE=,F7jLs2XwbPhcVsbq5sp2gvghUDU=
-187,218,IShKtJXrU+WnrMlzi3NoOBV1UhE=,F7jLs2XwbPhcVsbq5sp2gvghUDU=
-186,218,IShKtJXrU+WnrMlzi3NoOBV1UhE=,F7jLs2XwbPhcVsbq5sp2gvghUDU=
-191,219,IShKtJXrU+WnrMlzi3NoOBV1UhE=,F7jLs2XwbPhcVsbq5sp2gvghUDU=
-190,219,IShKtJXrU+WnrMlzi3NoOBV1UhE=,F7jLs2XwbPhcVsbq5sp2gvghUDU=
-189,219,IShKtJXrU+WnrMlzi3NoOBV1UhE=,F7jLs2XwbPhcVsbq5sp2gvghUDU=
-188,219,IShKtJXrU+WnrMlzi3NoOBV1UhE=,F7jLs2XwbPhcVsbq5sp2gvghUDU=
-187,219,IShKtJXrU+WnrMlzi3NoOBV1UhE=,F7jLs2XwbPhcVsbq5sp2gvghUDU=
-186,219,IShKtJXrU+WnrMlzi3NoOBV1UhE=,F7jLs2XwbPhcVsbq5sp2gvghUDU=
-191,220,IShKtJXrU+WnrMlzi3NoOBV1UhE=,F7jLs2XwbPhcVsbq5sp2gvghUDU=
-191,215,IShKtJXrU+WnrMlzi3NoOBV1UhE=,2cgmH3DdYg+QXfSslcH4n+k8fQo=
-190,215,IShKtJXrU+WnrMlzi3NoOBV1UhE=,2cgmH3DdYg+QXfSslcH4n+k8fQo=
-189,215,IShKtJXrU+WnrMlzi3NoOBV1UhE=,2cgmH3DdYg+QXfSslcH4n+k8fQo=
-188,215,IShKtJXrU+WnrMlzi3NoOBV1UhE=,2cgmH3DdYg+QXfSslcH4n+k8fQo=
-187,215,IShKtJXrU+WnrMlzi3NoOBV1UhE=,2cgmH3DdYg+QXfSslcH4n+k8fQo=
-186,215,IShKtJXrU+WnrMlzi3NoOBV1UhE=,2cgmH3DdYg+QXfSslcH4n+k8fQo=
-190,220,IShKtJXrU+WnrMlzi3NoOBV1UhE=,F7jLs2XwbPhcVsbq5sp2gvghUDU=
-189,220,IShKtJXrU+WnrMlzi3NoOBV1UhE=,F7jLs2XwbPhcVsbq5sp2gvghUDU=
-188,220,IShKtJXrU+WnrMlzi3NoOBV1UhE=,F7jLs2XwbPhcVsbq5sp2gvghUDU=
-187,220,IShKtJXrU+WnrMlzi3NoOBV1UhE=,F7jLs2XwbPhcVsbq5sp2gvghUDU=
-187,214,IShKtJXrU+WnrMlzi3NoOBV1UhE=,2cgmH3DdYg+QXfSslcH4n+k8fQo=
-186,214,IShKtJXrU+WnrMlzi3NoOBV1UhE=,2cgmH3DdYg+QXfSslcH4n+k8fQo=
-187,210,IShKtJXrU+WnrMlzi3NoOBV1UhE=,2cgmH3DdYg+QXfSslcH4n+k8fQo=
-191,208,IShKtJXrU+WnrMlzi3NoOBV1UhE=,2cgmH3DdYg+QXfSslcH4n+k8fQo=
-191,223,IShKtJXrU+WnrMlzi3NoOBV1UhE=,F7jLs2XwbPhcVsbq5sp2gvghUDU=
-190,223,IShKtJXrU+WnrMlzi3NoOBV1UhE=,F7jLs2XwbPhcVsbq5sp2gvghUDU=
-189,223,IShKtJXrU+WnrMlzi3NoOBV1UhE=,F7jLs2XwbPhcVsbq5sp2gvghUDU=
-188,223,IShKtJXrU+WnrMlzi3NoOBV1UhE=,F7jLs2XwbPhcVsbq5sp2gvghUDU=
-187,223,IShKtJXrU+WnrMlzi3NoOBV1UhE=,F7jLs2XwbPhcVsbq5sp2gvghUDU=
-186,223,IShKtJXrU+WnrMlzi3NoOBV1UhE=,F7jLs2XwbPhcVsbq5sp2gvghUDU=
-190,208,IShKtJXrU+WnrMlzi3NoOBV1UhE=,2cgmH3DdYg+QXfSslcH4n+k8fQo=
-188,208,IShKtJXrU+WnrMlzi3NoOBV1UhE=,2cgmH3DdYg+QXfSslcH4n+k8fQo=
-187,208,IShKtJXrU+WnrMlzi3NoOBV1UhE=,2cgmH3DdYg+QXfSslcH4n+k8fQo=
-186,208,IShKtJXrU+WnrMlzi3NoOBV1UhE=,2cgmH3DdYg+QXfSslcH4n+k8fQo=
-189,208,IShKtJXrU+WnrMlzi3NoOBV1UhE=,2cgmH3DdYg+QXfSslcH4n+k8fQo=
-192,210,IShKtJXrU+WnrMlzi3NoOBV1UhE=,2cgmH3DdYg+QXfSslcH4n+k8fQo=
-192,211,IShKtJXrU+WnrMlzi3NoOBV1UhE=,2cgmH3DdYg+QXfSslcH4n+k8fQo=
-192,212,IShKtJXrU+WnrMlzi3NoOBV1UhE=,2cgmH3DdYg+QXfSslcH4n+k8fQo=
-192,213,IShKtJXrU+WnrMlzi3NoOBV1UhE=,2cgmH3DdYg+QXfSslcH4n+k8fQo=
-192,209,IShKtJXrU+WnrMlzi3NoOBV1UhE=,2cgmH3DdYg+QXfSslcH4n+k8fQo=
-192,214,IShKtJXrU+WnrMlzi3NoOBV1UhE=,2cgmH3DdYg+QXfSslcH4n+k8fQo=
-192,221,IShKtJXrU+WnrMlzi3NoOBV1UhE=,F7jLs2XwbPhcVsbq5sp2gvghUDU=
-192,222,IShKtJXrU+WnrMlzi3NoOBV1UhE=,F7jLs2XwbPhcVsbq5sp2gvghUDU=
-192,216,IShKtJXrU+WnrMlzi3NoOBV1UhE=,F7jLs2XwbPhcVsbq5sp2gvghUDU=
-192,217,IShKtJXrU+WnrMlzi3NoOBV1UhE=,F7jLs2XwbPhcVsbq5sp2gvghUDU=
-192,218,IShKtJXrU+WnrMlzi3NoOBV1UhE=,F7jLs2XwbPhcVsbq5sp2gvghUDU=
-192,223,IShKtJXrU+WnrMlzi3NoOBV1UhE=,F7jLs2XwbPhcVsbq5sp2gvghUDU=
-192,208,IShKtJXrU+WnrMlzi3NoOBV1UhE=,2cgmH3DdYg+QXfSslcH4n+k8fQo=
-192,219,IShKtJXrU+WnrMlzi3NoOBV1UhE=,F7jLs2XwbPhcVsbq5sp2gvghUDU=
-192,220,IShKtJXrU+WnrMlzi3NoOBV1UhE=,F7jLs2XwbPhcVsbq5sp2gvghUDU=
-192,215,IShKtJXrU+WnrMlzi3NoOBV1UhE=,2cgmH3DdYg+QXfSslcH4n+k8fQo=
-185,210,IShKtJXrU+WnrMlzi3NoOBV1UhE=,2cgmH3DdYg+QXfSslcH4n+k8fQo=
-180,211,IShKtJXrU+WnrMlzi3NoOBV1UhE=,9tKW7uwRAa1/8t29L5tTXxjCGzc=
-179,211,IShKtJXrU+WnrMlzi3NoOBV1UhE=,9tKW7uwRAa1/8t29L5tTXxjCGzc=
-181,211,IShKtJXrU+WnrMlzi3NoOBV1UhE=,9tKW7uwRAa1/8t29L5tTXxjCGzc=
-182,211,IShKtJXrU+WnrMlzi3NoOBV1UhE=,9tKW7uwRAa1/8t29L5tTXxjCGzc=
-183,211,IShKtJXrU+WnrMlzi3NoOBV1UhE=,9tKW7uwRAa1/8t29L5tTXxjCGzc=
-184,211,IShKtJXrU+WnrMlzi3NoOBV1UhE=,9tKW7uwRAa1/8t29L5tTXxjCGzc=
-177,210,IShKtJXrU+WnrMlzi3NoOBV1UhE=,9tKW7uwRAa1/8t29L5tTXxjCGzc=
-178,210,IShKtJXrU+WnrMlzi3NoOBV1UhE=,9tKW7uwRAa1/8t29L5tTXxjCGzc=
-179,210,IShKtJXrU+WnrMlzi3NoOBV1UhE=,9tKW7uwRAa1/8t29L5tTXxjCGzc=
-180,210,IShKtJXrU+WnrMlzi3NoOBV1UhE=,9tKW7uwRAa1/8t29L5tTXxjCGzc=
-181,210,IShKtJXrU+WnrMlzi3NoOBV1UhE=,9tKW7uwRAa1/8t29L5tTXxjCGzc=
-182,210,IShKtJXrU+WnrMlzi3NoOBV1UhE=,9tKW7uwRAa1/8t29L5tTXxjCGzc=
-183,210,IShKtJXrU+WnrMlzi3NoOBV1UhE=,9tKW7uwRAa1/8t29L5tTXxjCGzc=
-184,210,IShKtJXrU+WnrMlzi3NoOBV1UhE=,9tKW7uwRAa1/8t29L5tTXxjCGzc=
-179,209,IShKtJXrU+WnrMlzi3NoOBV1UhE=,9tKW7uwRAa1/8t29L5tTXxjCGzc=
-180,209,IShKtJXrU+WnrMlzi3NoOBV1UhE=,9tKW7uwRAa1/8t29L5tTXxjCGzc=
-181,209,IShKtJXrU+WnrMlzi3NoOBV1UhE=,9tKW7uwRAa1/8t29L5tTXxjCGzc=
-182,209,IShKtJXrU+WnrMlzi3NoOBV1UhE=,9tKW7uwRAa1/8t29L5tTXxjCGzc=
-183,209,IShKtJXrU+WnrMlzi3NoOBV1UhE=,9tKW7uwRAa1/8t29L5tTXxjCGzc=
-184,209,IShKtJXrU+WnrMlzi3NoOBV1UhE=,9tKW7uwRAa1/8t29L5tTXxjCGzc=
-185,214,IShKtJXrU+WnrMlzi3NoOBV1UhE=,2cgmH3DdYg+QXfSslcH4n+k8fQo=
-177,209,IShKtJXrU+WnrMlzi3NoOBV1UhE=,9tKW7uwRAa1/8t29L5tTXxjCGzc=
-178,209,IShKtJXrU+WnrMlzi3NoOBV1UhE=,9tKW7uwRAa1/8t29L5tTXxjCGzc=
-177,214,IShKtJXrU+WnrMlzi3NoOBV1UhE=,9tKW7uwRAa1/8t29L5tTXxjCGzc=
-178,214,IShKtJXrU+WnrMlzi3NoOBV1UhE=,9tKW7uwRAa1/8t29L5tTXxjCGzc=
-181,214,IShKtJXrU+WnrMlzi3NoOBV1UhE=,9tKW7uwRAa1/8t29L5tTXxjCGzc=
-182,214,IShKtJXrU+WnrMlzi3NoOBV1UhE=,9tKW7uwRAa1/8t29L5tTXxjCGzc=
-183,214,IShKtJXrU+WnrMlzi3NoOBV1UhE=,9tKW7uwRAa1/8t29L5tTXxjCGzc=
-184,214,IShKtJXrU+WnrMlzi3NoOBV1UhE=,9tKW7uwRAa1/8t29L5tTXxjCGzc=
-179,214,IShKtJXrU+WnrMlzi3NoOBV1UhE=,9tKW7uwRAa1/8t29L5tTXxjCGzc=
-179,208,IShKtJXrU+WnrMlzi3NoOBV1UhE=,9tKW7uwRAa1/8t29L5tTXxjCGzc=
-180,208,IShKtJXrU+WnrMlzi3NoOBV1UhE=,9tKW7uwRAa1/8t29L5tTXxjCGzc=
-181,208,IShKtJXrU+WnrMlzi3NoOBV1UhE=,9tKW7uwRAa1/8t29L5tTXxjCGzc=
-182,208,IShKtJXrU+WnrMlzi3NoOBV1UhE=,9tKW7uwRAa1/8t29L5tTXxjCGzc=
-180,214,IShKtJXrU+WnrMlzi3NoOBV1UhE=,9tKW7uwRAa1/8t29L5tTXxjCGzc=
-183,208,IShKtJXrU+WnrMlzi3NoOBV1UhE=,9tKW7uwRAa1/8t29L5tTXxjCGzc=
-184,208,IShKtJXrU+WnrMlzi3NoOBV1UhE=,9tKW7uwRAa1/8t29L5tTXxjCGzc=
-177,208,IShKtJXrU+WnrMlzi3NoOBV1UhE=,9tKW7uwRAa1/8t29L5tTXxjCGzc=
-178,213,IShKtJXrU+WnrMlzi3NoOBV1UhE=,9tKW7uwRAa1/8t29L5tTXxjCGzc=
-181,213,IShKtJXrU+WnrMlzi3NoOBV1UhE=,9tKW7uwRAa1/8t29L5tTXxjCGzc=
-185,209,IShKtJXrU+WnrMlzi3NoOBV1UhE=,2cgmH3DdYg+QXfSslcH4n+k8fQo=
-178,208,IShKtJXrU+WnrMlzi3NoOBV1UhE=,9tKW7uwRAa1/8t29L5tTXxjCGzc=
-182,213,IShKtJXrU+WnrMlzi3NoOBV1UhE=,9tKW7uwRAa1/8t29L5tTXxjCGzc=
-179,213,IShKtJXrU+WnrMlzi3NoOBV1UhE=,9tKW7uwRAa1/8t29L5tTXxjCGzc=
-183,213,IShKtJXrU+WnrMlzi3NoOBV1UhE=,9tKW7uwRAa1/8t29L5tTXxjCGzc=
-185,213,IShKtJXrU+WnrMlzi3NoOBV1UhE=,2cgmH3DdYg+QXfSslcH4n+k8fQo=
-184,213,IShKtJXrU+WnrMlzi3NoOBV1UhE=,9tKW7uwRAa1/8t29L5tTXxjCGzc=
-185,208,IShKtJXrU+WnrMlzi3NoOBV1UhE=,2cgmH3DdYg+QXfSslcH4n+k8fQo=
-180,213,IShKtJXrU+WnrMlzi3NoOBV1UhE=,9tKW7uwRAa1/8t29L5tTXxjCGzc=
-185,212,IShKtJXrU+WnrMlzi3NoOBV1UhE=,2cgmH3DdYg+QXfSslcH4n+k8fQo=
-177,213,IShKtJXrU+WnrMlzi3NoOBV1UhE=,9tKW7uwRAa1/8t29L5tTXxjCGzc=
-178,212,IShKtJXrU+WnrMlzi3NoOBV1UhE=,9tKW7uwRAa1/8t29L5tTXxjCGzc=
-185,215,IShKtJXrU+WnrMlzi3NoOBV1UhE=,2cgmH3DdYg+QXfSslcH4n+k8fQo=
-181,212,IShKtJXrU+WnrMlzi3NoOBV1UhE=,9tKW7uwRAa1/8t29L5tTXxjCGzc=
-180,212,IShKtJXrU+WnrMlzi3NoOBV1UhE=,9tKW7uwRAa1/8t29L5tTXxjCGzc=
-177,223,IShKtJXrU+WnrMlzi3NoOBV1UhE=,Dvwq37yPXXsrbPmgOr+EjaVhd1o=
-182,212,IShKtJXrU+WnrMlzi3NoOBV1UhE=,9tKW7uwRAa1/8t29L5tTXxjCGzc=
-178,218,IShKtJXrU+WnrMlzi3NoOBV1UhE=,Dvwq37yPXXsrbPmgOr+EjaVhd1o=
-177,218,IShKtJXrU+WnrMlzi3NoOBV1UhE=,Dvwq37yPXXsrbPmgOr+EjaVhd1o=
-184,219,IShKtJXrU+WnrMlzi3NoOBV1UhE=,Dvwq37yPXXsrbPmgOr+EjaVhd1o=
-177,215,IShKtJXrU+WnrMlzi3NoOBV1UhE=,9tKW7uwRAa1/8t29L5tTXxjCGzc=
-183,212,IShKtJXrU+WnrMlzi3NoOBV1UhE=,9tKW7uwRAa1/8t29L5tTXxjCGzc=
-177,212,IShKtJXrU+WnrMlzi3NoOBV1UhE=,9tKW7uwRAa1/8t29L5tTXxjCGzc=
-178,223,IShKtJXrU+WnrMlzi3NoOBV1UhE=,Dvwq37yPXXsrbPmgOr+EjaVhd1o=
-184,212,IShKtJXrU+WnrMlzi3NoOBV1UhE=,9tKW7uwRAa1/8t29L5tTXxjCGzc=
-179,223,IShKtJXrU+WnrMlzi3NoOBV1UhE=,Dvwq37yPXXsrbPmgOr+EjaVhd1o=
-183,219,IShKtJXrU+WnrMlzi3NoOBV1UhE=,Dvwq37yPXXsrbPmgOr+EjaVhd1o=
-178,215,IShKtJXrU+WnrMlzi3NoOBV1UhE=,9tKW7uwRAa1/8t29L5tTXxjCGzc=
-185,211,IShKtJXrU+WnrMlzi3NoOBV1UhE=,2cgmH3DdYg+QXfSslcH4n+k8fQo=
-180,223,IShKtJXrU+WnrMlzi3NoOBV1UhE=,Dvwq37yPXXsrbPmgOr+EjaVhd1o=
-179,215,IShKtJXrU+WnrMlzi3NoOBV1UhE=,9tKW7uwRAa1/8t29L5tTXxjCGzc=
-182,215,IShKtJXrU+WnrMlzi3NoOBV1UhE=,9tKW7uwRAa1/8t29L5tTXxjCGzc=
-180,215,IShKtJXrU+WnrMlzi3NoOBV1UhE=,9tKW7uwRAa1/8t29L5tTXxjCGzc=
-181,215,IShKtJXrU+WnrMlzi3NoOBV1UhE=,9tKW7uwRAa1/8t29L5tTXxjCGzc=
-182,219,IShKtJXrU+WnrMlzi3NoOBV1UhE=,Dvwq37yPXXsrbPmgOr+EjaVhd1o=
-177,211,IShKtJXrU+WnrMlzi3NoOBV1UhE=,9tKW7uwRAa1/8t29L5tTXxjCGzc=
-182,223,IShKtJXrU+WnrMlzi3NoOBV1UhE=,Dvwq37yPXXsrbPmgOr+EjaVhd1o=
-179,212,IShKtJXrU+WnrMlzi3NoOBV1UhE=,9tKW7uwRAa1/8t29L5tTXxjCGzc=
-184,215,IShKtJXrU+WnrMlzi3NoOBV1UhE=,9tKW7uwRAa1/8t29L5tTXxjCGzc=
-183,215,IShKtJXrU+WnrMlzi3NoOBV1UhE=,9tKW7uwRAa1/8t29L5tTXxjCGzc=
-181,219,IShKtJXrU+WnrMlzi3NoOBV1UhE=,Dvwq37yPXXsrbPmgOr+EjaVhd1o=
-185,220,IShKtJXrU+WnrMlzi3NoOBV1UhE=,F7jLs2XwbPhcVsbq5sp2gvghUDU=
-179,218,IShKtJXrU+WnrMlzi3NoOBV1UhE=,Dvwq37yPXXsrbPmgOr+EjaVhd1o=
-180,218,IShKtJXrU+WnrMlzi3NoOBV1UhE=,Dvwq37yPXXsrbPmgOr+EjaVhd1o=
-180,219,IShKtJXrU+WnrMlzi3NoOBV1UhE=,Dvwq37yPXXsrbPmgOr+EjaVhd1o=
-181,218,IShKtJXrU+WnrMlzi3NoOBV1UhE=,Dvwq37yPXXsrbPmgOr+EjaVhd1o=
-182,218,IShKtJXrU+WnrMlzi3NoOBV1UhE=,Dvwq37yPXXsrbPmgOr+EjaVhd1o=
-183,223,IShKtJXrU+WnrMlzi3NoOBV1UhE=,Dvwq37yPXXsrbPmgOr+EjaVhd1o=
-177,222,IShKtJXrU+WnrMlzi3NoOBV1UhE=,Dvwq37yPXXsrbPmgOr+EjaVhd1o=
-183,218,IShKtJXrU+WnrMlzi3NoOBV1UhE=,Dvwq37yPXXsrbPmgOr+EjaVhd1o=
-184,218,IShKtJXrU+WnrMlzi3NoOBV1UhE=,Dvwq37yPXXsrbPmgOr+EjaVhd1o=
-177,217,IShKtJXrU+WnrMlzi3NoOBV1UhE=,Dvwq37yPXXsrbPmgOr+EjaVhd1o=
-185,219,IShKtJXrU+WnrMlzi3NoOBV1UhE=,F7jLs2XwbPhcVsbq5sp2gvghUDU=
-179,219,IShKtJXrU+WnrMlzi3NoOBV1UhE=,Dvwq37yPXXsrbPmgOr+EjaVhd1o=
-184,223,IShKtJXrU+WnrMlzi3NoOBV1UhE=,Dvwq37yPXXsrbPmgOr+EjaVhd1o=
-179,222,IShKtJXrU+WnrMlzi3NoOBV1UhE=,Dvwq37yPXXsrbPmgOr+EjaVhd1o=
-178,222,IShKtJXrU+WnrMlzi3NoOBV1UhE=,Dvwq37yPXXsrbPmgOr+EjaVhd1o=
-178,219,IShKtJXrU+WnrMlzi3NoOBV1UhE=,Dvwq37yPXXsrbPmgOr+EjaVhd1o=
-177,219,IShKtJXrU+WnrMlzi3NoOBV1UhE=,Dvwq37yPXXsrbPmgOr+EjaVhd1o=
-185,221,IShKtJXrU+WnrMlzi3NoOBV1UhE=,F7jLs2XwbPhcVsbq5sp2gvghUDU=
-184,220,IShKtJXrU+WnrMlzi3NoOBV1UhE=,Dvwq37yPXXsrbPmgOr+EjaVhd1o=
-178,211,IShKtJXrU+WnrMlzi3NoOBV1UhE=,9tKW7uwRAa1/8t29L5tTXxjCGzc=
-178,217,IShKtJXrU+WnrMlzi3NoOBV1UhE=,Dvwq37yPXXsrbPmgOr+EjaVhd1o=
-180,222,IShKtJXrU+WnrMlzi3NoOBV1UhE=,Dvwq37yPXXsrbPmgOr+EjaVhd1o=
-181,223,IShKtJXrU+WnrMlzi3NoOBV1UhE=,Dvwq37yPXXsrbPmgOr+EjaVhd1o=
-183,220,IShKtJXrU+WnrMlzi3NoOBV1UhE=,Dvwq37yPXXsrbPmgOr+EjaVhd1o=
-179,217,IShKtJXrU+WnrMlzi3NoOBV1UhE=,Dvwq37yPXXsrbPmgOr+EjaVhd1o=
-182,217,IShKtJXrU+WnrMlzi3NoOBV1UhE=,Dvwq37yPXXsrbPmgOr+EjaVhd1o=
-183,217,IShKtJXrU+WnrMlzi3NoOBV1UhE=,Dvwq37yPXXsrbPmgOr+EjaVhd1o=
-181,222,IShKtJXrU+WnrMlzi3NoOBV1UhE=,Dvwq37yPXXsrbPmgOr+EjaVhd1o=
-184,217,IShKtJXrU+WnrMlzi3NoOBV1UhE=,Dvwq37yPXXsrbPmgOr+EjaVhd1o=
-180,217,IShKtJXrU+WnrMlzi3NoOBV1UhE=,Dvwq37yPXXsrbPmgOr+EjaVhd1o=
-181,217,IShKtJXrU+WnrMlzi3NoOBV1UhE=,Dvwq37yPXXsrbPmgOr+EjaVhd1o=
-185,218,IShKtJXrU+WnrMlzi3NoOBV1UhE=,F7jLs2XwbPhcVsbq5sp2gvghUDU=
-182,220,IShKtJXrU+WnrMlzi3NoOBV1UhE=,Dvwq37yPXXsrbPmgOr+EjaVhd1o=
-177,216,IShKtJXrU+WnrMlzi3NoOBV1UhE=,Dvwq37yPXXsrbPmgOr+EjaVhd1o=
-182,222,IShKtJXrU+WnrMlzi3NoOBV1UhE=,Dvwq37yPXXsrbPmgOr+EjaVhd1o=
-177,221,IShKtJXrU+WnrMlzi3NoOBV1UhE=,Dvwq37yPXXsrbPmgOr+EjaVhd1o=
-178,221,IShKtJXrU+WnrMlzi3NoOBV1UhE=,Dvwq37yPXXsrbPmgOr+EjaVhd1o=
-183,222,IShKtJXrU+WnrMlzi3NoOBV1UhE=,Dvwq37yPXXsrbPmgOr+EjaVhd1o=
-185,222,IShKtJXrU+WnrMlzi3NoOBV1UhE=,F7jLs2XwbPhcVsbq5sp2gvghUDU=
-179,221,IShKtJXrU+WnrMlzi3NoOBV1UhE=,Dvwq37yPXXsrbPmgOr+EjaVhd1o=
-184,222,IShKtJXrU+WnrMlzi3NoOBV1UhE=,Dvwq37yPXXsrbPmgOr+EjaVhd1o=
-178,216,IShKtJXrU+WnrMlzi3NoOBV1UhE=,Dvwq37yPXXsrbPmgOr+EjaVhd1o=
-182,216,IShKtJXrU+WnrMlzi3NoOBV1UhE=,Dvwq37yPXXsrbPmgOr+EjaVhd1o=
-179,216,IShKtJXrU+WnrMlzi3NoOBV1UhE=,Dvwq37yPXXsrbPmgOr+EjaVhd1o=
-183,216,IShKtJXrU+WnrMlzi3NoOBV1UhE=,Dvwq37yPXXsrbPmgOr+EjaVhd1o=
-181,220,IShKtJXrU+WnrMlzi3NoOBV1UhE=,Dvwq37yPXXsrbPmgOr+EjaVhd1o=
-181,216,IShKtJXrU+WnrMlzi3NoOBV1UhE=,Dvwq37yPXXsrbPmgOr+EjaVhd1o=
-180,221,IShKtJXrU+WnrMlzi3NoOBV1UhE=,Dvwq37yPXXsrbPmgOr+EjaVhd1o=
-180,216,IShKtJXrU+WnrMlzi3NoOBV1UhE=,Dvwq37yPXXsrbPmgOr+EjaVhd1o=
-184,216,IShKtJXrU+WnrMlzi3NoOBV1UhE=,Dvwq37yPXXsrbPmgOr+EjaVhd1o=
-181,221,IShKtJXrU+WnrMlzi3NoOBV1UhE=,Dvwq37yPXXsrbPmgOr+EjaVhd1o=
-180,220,IShKtJXrU+WnrMlzi3NoOBV1UhE=,Dvwq37yPXXsrbPmgOr+EjaVhd1o=
-185,216,IShKtJXrU+WnrMlzi3NoOBV1UhE=,F7jLs2XwbPhcVsbq5sp2gvghUDU=
-182,221,IShKtJXrU+WnrMlzi3NoOBV1UhE=,Dvwq37yPXXsrbPmgOr+EjaVhd1o=
-185,217,IShKtJXrU+WnrMlzi3NoOBV1UhE=,F7jLs2XwbPhcVsbq5sp2gvghUDU=
-177,220,IShKtJXrU+WnrMlzi3NoOBV1UhE=,Dvwq37yPXXsrbPmgOr+EjaVhd1o=
-178,220,IShKtJXrU+WnrMlzi3NoOBV1UhE=,Dvwq37yPXXsrbPmgOr+EjaVhd1o=
-179,220,IShKtJXrU+WnrMlzi3NoOBV1UhE=,Dvwq37yPXXsrbPmgOr+EjaVhd1o=
-184,221,IShKtJXrU+WnrMlzi3NoOBV1UhE=,Dvwq37yPXXsrbPmgOr+EjaVhd1o=
-183,221,IShKtJXrU+WnrMlzi3NoOBV1UhE=,Dvwq37yPXXsrbPmgOr+EjaVhd1o=
-185,223,IShKtJXrU+WnrMlzi3NoOBV1UhE=,F7jLs2XwbPhcVsbq5sp2gvghUDU=
-177,198,IShKtJXrU+WnrMlzi3NoOBV1UhE=,bq3lS9qPgi+yXH1eCrh+X8PqVb4=
-183,192,IShKtJXrU+WnrMlzi3NoOBV1UhE=,bq3lS9qPgi+yXH1eCrh+X8PqVb4=
-178,198,IShKtJXrU+WnrMlzi3NoOBV1UhE=,bq3lS9qPgi+yXH1eCrh+X8PqVb4=
-179,198,IShKtJXrU+WnrMlzi3NoOBV1UhE=,bq3lS9qPgi+yXH1eCrh+X8PqVb4=
-181,198,IShKtJXrU+WnrMlzi3NoOBV1UhE=,bq3lS9qPgi+yXH1eCrh+X8PqVb4=
-180,198,IShKtJXrU+WnrMlzi3NoOBV1UhE=,bq3lS9qPgi+yXH1eCrh+X8PqVb4=
-182,198,IShKtJXrU+WnrMlzi3NoOBV1UhE=,bq3lS9qPgi+yXH1eCrh+X8PqVb4=
-184,198,IShKtJXrU+WnrMlzi3NoOBV1UhE=,bq3lS9qPgi+yXH1eCrh+X8PqVb4=
-183,198,IShKtJXrU+WnrMlzi3NoOBV1UhE=,bq3lS9qPgi+yXH1eCrh+X8PqVb4=
-177,197,IShKtJXrU+WnrMlzi3NoOBV1UhE=,bq3lS9qPgi+yXH1eCrh+X8PqVb4=
-180,197,IShKtJXrU+WnrMlzi3NoOBV1UhE=,bq3lS9qPgi+yXH1eCrh+X8PqVb4=
-178,197,IShKtJXrU+WnrMlzi3NoOBV1UhE=,bq3lS9qPgi+yXH1eCrh+X8PqVb4=
-179,197,IShKtJXrU+WnrMlzi3NoOBV1UhE=,bq3lS9qPgi+yXH1eCrh+X8PqVb4=
-182,197,IShKtJXrU+WnrMlzi3NoOBV1UhE=,bq3lS9qPgi+yXH1eCrh+X8PqVb4=
-181,197,IShKtJXrU+WnrMlzi3NoOBV1UhE=,bq3lS9qPgi+yXH1eCrh+X8PqVb4=
-183,197,IShKtJXrU+WnrMlzi3NoOBV1UhE=,bq3lS9qPgi+yXH1eCrh+X8PqVb4=
-179,196,IShKtJXrU+WnrMlzi3NoOBV1UhE=,bq3lS9qPgi+yXH1eCrh+X8PqVb4=
-178,196,IShKtJXrU+WnrMlzi3NoOBV1UhE=,bq3lS9qPgi+yXH1eCrh+X8PqVb4=
-180,196,IShKtJXrU+WnrMlzi3NoOBV1UhE=,bq3lS9qPgi+yXH1eCrh+X8PqVb4=
-181,196,IShKtJXrU+WnrMlzi3NoOBV1UhE=,bq3lS9qPgi+yXH1eCrh+X8PqVb4=
-177,196,IShKtJXrU+WnrMlzi3NoOBV1UhE=,bq3lS9qPgi+yXH1eCrh+X8PqVb4=
-184,197,IShKtJXrU+WnrMlzi3NoOBV1UhE=,bq3lS9qPgi+yXH1eCrh+X8PqVb4=
-182,196,IShKtJXrU+WnrMlzi3NoOBV1UhE=,bq3lS9qPgi+yXH1eCrh+X8PqVb4=
-184,196,IShKtJXrU+WnrMlzi3NoOBV1UhE=,bq3lS9qPgi+yXH1eCrh+X8PqVb4=
-177,195,IShKtJXrU+WnrMlzi3NoOBV1UhE=,bq3lS9qPgi+yXH1eCrh+X8PqVb4=
-183,196,IShKtJXrU+WnrMlzi3NoOBV1UhE=,bq3lS9qPgi+yXH1eCrh+X8PqVb4=
-178,195,IShKtJXrU+WnrMlzi3NoOBV1UhE=,bq3lS9qPgi+yXH1eCrh+X8PqVb4=
-179,195,IShKtJXrU+WnrMlzi3NoOBV1UhE=,bq3lS9qPgi+yXH1eCrh+X8PqVb4=
-180,195,IShKtJXrU+WnrMlzi3NoOBV1UhE=,bq3lS9qPgi+yXH1eCrh+X8PqVb4=
-181,195,IShKtJXrU+WnrMlzi3NoOBV1UhE=,bq3lS9qPgi+yXH1eCrh+X8PqVb4=
-182,195,IShKtJXrU+WnrMlzi3NoOBV1UhE=,bq3lS9qPgi+yXH1eCrh+X8PqVb4=
-183,195,IShKtJXrU+WnrMlzi3NoOBV1UhE=,bq3lS9qPgi+yXH1eCrh+X8PqVb4=
-177,194,IShKtJXrU+WnrMlzi3NoOBV1UhE=,bq3lS9qPgi+yXH1eCrh+X8PqVb4=
-184,195,IShKtJXrU+WnrMlzi3NoOBV1UhE=,bq3lS9qPgi+yXH1eCrh+X8PqVb4=
-178,194,IShKtJXrU+WnrMlzi3NoOBV1UhE=,bq3lS9qPgi+yXH1eCrh+X8PqVb4=
-184,192,IShKtJXrU+WnrMlzi3NoOBV1UhE=,bq3lS9qPgi+yXH1eCrh+X8PqVb4=
-177,192,IShKtJXrU+WnrMlzi3NoOBV1UhE=,bq3lS9qPgi+yXH1eCrh+X8PqVb4=
-179,194,IShKtJXrU+WnrMlzi3NoOBV1UhE=,bq3lS9qPgi+yXH1eCrh+X8PqVb4=
-180,194,IShKtJXrU+WnrMlzi3NoOBV1UhE=,bq3lS9qPgi+yXH1eCrh+X8PqVb4=
-181,194,IShKtJXrU+WnrMlzi3NoOBV1UhE=,bq3lS9qPgi+yXH1eCrh+X8PqVb4=
-182,194,IShKtJXrU+WnrMlzi3NoOBV1UhE=,bq3lS9qPgi+yXH1eCrh+X8PqVb4=
-183,194,IShKtJXrU+WnrMlzi3NoOBV1UhE=,bq3lS9qPgi+yXH1eCrh+X8PqVb4=
-184,194,IShKtJXrU+WnrMlzi3NoOBV1UhE=,bq3lS9qPgi+yXH1eCrh+X8PqVb4=
-177,193,IShKtJXrU+WnrMlzi3NoOBV1UhE=,bq3lS9qPgi+yXH1eCrh+X8PqVb4=
-178,193,IShKtJXrU+WnrMlzi3NoOBV1UhE=,bq3lS9qPgi+yXH1eCrh+X8PqVb4=
-179,193,IShKtJXrU+WnrMlzi3NoOBV1UhE=,bq3lS9qPgi+yXH1eCrh+X8PqVb4=
-180,193,IShKtJXrU+WnrMlzi3NoOBV1UhE=,bq3lS9qPgi+yXH1eCrh+X8PqVb4=
-181,193,IShKtJXrU+WnrMlzi3NoOBV1UhE=,bq3lS9qPgi+yXH1eCrh+X8PqVb4=
-182,193,IShKtJXrU+WnrMlzi3NoOBV1UhE=,bq3lS9qPgi+yXH1eCrh+X8PqVb4=
-183,193,IShKtJXrU+WnrMlzi3NoOBV1UhE=,bq3lS9qPgi+yXH1eCrh+X8PqVb4=
-184,193,IShKtJXrU+WnrMlzi3NoOBV1UhE=,bq3lS9qPgi+yXH1eCrh+X8PqVb4=
-178,192,IShKtJXrU+WnrMlzi3NoOBV1UhE=,bq3lS9qPgi+yXH1eCrh+X8PqVb4=
-179,192,IShKtJXrU+WnrMlzi3NoOBV1UhE=,bq3lS9qPgi+yXH1eCrh+X8PqVb4=
-180,192,IShKtJXrU+WnrMlzi3NoOBV1UhE=,bq3lS9qPgi+yXH1eCrh+X8PqVb4=
-181,192,IShKtJXrU+WnrMlzi3NoOBV1UhE=,bq3lS9qPgi+yXH1eCrh+X8PqVb4=
-182,192,IShKtJXrU+WnrMlzi3NoOBV1UhE=,bq3lS9qPgi+yXH1eCrh+X8PqVb4=
-180,199,IShKtJXrU+WnrMlzi3NoOBV1UhE=,bq3lS9qPgi+yXH1eCrh+X8PqVb4=
-179,199,IShKtJXrU+WnrMlzi3NoOBV1UhE=,bq3lS9qPgi+yXH1eCrh+X8PqVb4=
-178,202,IShKtJXrU+WnrMlzi3NoOBV1UhE=,e61C6ct0tIdTm6hXirSwCavr4xs=
-177,202,IShKtJXrU+WnrMlzi3NoOBV1UhE=,e61C6ct0tIdTm6hXirSwCavr4xs=
-184,203,IShKtJXrU+WnrMlzi3NoOBV1UhE=,e61C6ct0tIdTm6hXirSwCavr4xs=
-180,200,IShKtJXrU+WnrMlzi3NoOBV1UhE=,e61C6ct0tIdTm6hXirSwCavr4xs=
-178,199,IShKtJXrU+WnrMlzi3NoOBV1UhE=,bq3lS9qPgi+yXH1eCrh+X8PqVb4=
-184,202,IShKtJXrU+WnrMlzi3NoOBV1UhE=,e61C6ct0tIdTm6hXirSwCavr4xs=
-177,199,IShKtJXrU+WnrMlzi3NoOBV1UhE=,bq3lS9qPgi+yXH1eCrh+X8PqVb4=
-180,203,IShKtJXrU+WnrMlzi3NoOBV1UhE=,e61C6ct0tIdTm6hXirSwCavr4xs=
-184,200,IShKtJXrU+WnrMlzi3NoOBV1UhE=,e61C6ct0tIdTm6hXirSwCavr4xs=
-179,203,IShKtJXrU+WnrMlzi3NoOBV1UhE=,e61C6ct0tIdTm6hXirSwCavr4xs=
-181,199,IShKtJXrU+WnrMlzi3NoOBV1UhE=,bq3lS9qPgi+yXH1eCrh+X8PqVb4=
-181,203,IShKtJXrU+WnrMlzi3NoOBV1UhE=,e61C6ct0tIdTm6hXirSwCavr4xs=
-178,203,IShKtJXrU+WnrMlzi3NoOBV1UhE=,e61C6ct0tIdTm6hXirSwCavr4xs=
-177,203,IShKtJXrU+WnrMlzi3NoOBV1UhE=,e61C6ct0tIdTm6hXirSwCavr4xs=
-182,199,IShKtJXrU+WnrMlzi3NoOBV1UhE=,bq3lS9qPgi+yXH1eCrh+X8PqVb4=
-182,203,IShKtJXrU+WnrMlzi3NoOBV1UhE=,e61C6ct0tIdTm6hXirSwCavr4xs=
-184,204,IShKtJXrU+WnrMlzi3NoOBV1UhE=,e61C6ct0tIdTm6hXirSwCavr4xs=
-183,199,IShKtJXrU+WnrMlzi3NoOBV1UhE=,bq3lS9qPgi+yXH1eCrh+X8PqVb4=
-182,201,IShKtJXrU+WnrMlzi3NoOBV1UhE=,e61C6ct0tIdTm6hXirSwCavr4xs=
-183,203,IShKtJXrU+WnrMlzi3NoOBV1UhE=,e61C6ct0tIdTm6hXirSwCavr4xs=
-183,200,IShKtJXrU+WnrMlzi3NoOBV1UhE=,e61C6ct0tIdTm6hXirSwCavr4xs=
-183,204,IShKtJXrU+WnrMlzi3NoOBV1UhE=,e61C6ct0tIdTm6hXirSwCavr4xs=
-184,199,IShKtJXrU+WnrMlzi3NoOBV1UhE=,bq3lS9qPgi+yXH1eCrh+X8PqVb4=
-182,204,IShKtJXrU+WnrMlzi3NoOBV1UhE=,e61C6ct0tIdTm6hXirSwCavr4xs=
-179,200,IShKtJXrU+WnrMlzi3NoOBV1UhE=,e61C6ct0tIdTm6hXirSwCavr4xs=
-181,204,IShKtJXrU+WnrMlzi3NoOBV1UhE=,e61C6ct0tIdTm6hXirSwCavr4xs=
-180,204,IShKtJXrU+WnrMlzi3NoOBV1UhE=,e61C6ct0tIdTm6hXirSwCavr4xs=
-179,204,IShKtJXrU+WnrMlzi3NoOBV1UhE=,e61C6ct0tIdTm6hXirSwCavr4xs=
-178,200,IShKtJXrU+WnrMlzi3NoOBV1UhE=,e61C6ct0tIdTm6hXirSwCavr4xs=
-178,204,IShKtJXrU+WnrMlzi3NoOBV1UhE=,e61C6ct0tIdTm6hXirSwCavr4xs=
-177,204,IShKtJXrU+WnrMlzi3NoOBV1UhE=,e61C6ct0tIdTm6hXirSwCavr4xs=
-181,201,IShKtJXrU+WnrMlzi3NoOBV1UhE=,e61C6ct0tIdTm6hXirSwCavr4xs=
-184,205,IShKtJXrU+WnrMlzi3NoOBV1UhE=,e61C6ct0tIdTm6hXirSwCavr4xs=
-177,200,IShKtJXrU+WnrMlzi3NoOBV1UhE=,e61C6ct0tIdTm6hXirSwCavr4xs=
-183,202,IShKtJXrU+WnrMlzi3NoOBV1UhE=,e61C6ct0tIdTm6hXirSwCavr4xs=
-183,205,IShKtJXrU+WnrMlzi3NoOBV1UhE=,e61C6ct0tIdTm6hXirSwCavr4xs=
-182,205,IShKtJXrU+WnrMlzi3NoOBV1UhE=,e61C6ct0tIdTm6hXirSwCavr4xs=
-181,205,IShKtJXrU+WnrMlzi3NoOBV1UhE=,e61C6ct0tIdTm6hXirSwCavr4xs=
-180,205,IShKtJXrU+WnrMlzi3NoOBV1UhE=,e61C6ct0tIdTm6hXirSwCavr4xs=
-179,205,IShKtJXrU+WnrMlzi3NoOBV1UhE=,e61C6ct0tIdTm6hXirSwCavr4xs=
-184,201,IShKtJXrU+WnrMlzi3NoOBV1UhE=,e61C6ct0tIdTm6hXirSwCavr4xs=
-180,201,IShKtJXrU+WnrMlzi3NoOBV1UhE=,e61C6ct0tIdTm6hXirSwCavr4xs=
-178,205,IShKtJXrU+WnrMlzi3NoOBV1UhE=,e61C6ct0tIdTm6hXirSwCavr4xs=
-182,202,IShKtJXrU+WnrMlzi3NoOBV1UhE=,e61C6ct0tIdTm6hXirSwCavr4xs=
-178,207,IShKtJXrU+WnrMlzi3NoOBV1UhE=,e61C6ct0tIdTm6hXirSwCavr4xs=
-179,207,IShKtJXrU+WnrMlzi3NoOBV1UhE=,e61C6ct0tIdTm6hXirSwCavr4xs=
-179,202,IShKtJXrU+WnrMlzi3NoOBV1UhE=,e61C6ct0tIdTm6hXirSwCavr4xs=
-177,201,IShKtJXrU+WnrMlzi3NoOBV1UhE=,e61C6ct0tIdTm6hXirSwCavr4xs=
-180,207,IShKtJXrU+WnrMlzi3NoOBV1UhE=,e61C6ct0tIdTm6hXirSwCavr4xs=
-180,202,IShKtJXrU+WnrMlzi3NoOBV1UhE=,e61C6ct0tIdTm6hXirSwCavr4xs=
-181,200,IShKtJXrU+WnrMlzi3NoOBV1UhE=,e61C6ct0tIdTm6hXirSwCavr4xs=
-181,207,IShKtJXrU+WnrMlzi3NoOBV1UhE=,e61C6ct0tIdTm6hXirSwCavr4xs=
-182,200,IShKtJXrU+WnrMlzi3NoOBV1UhE=,e61C6ct0tIdTm6hXirSwCavr4xs=
-182,207,IShKtJXrU+WnrMlzi3NoOBV1UhE=,e61C6ct0tIdTm6hXirSwCavr4xs=
-178,201,IShKtJXrU+WnrMlzi3NoOBV1UhE=,e61C6ct0tIdTm6hXirSwCavr4xs=
-183,207,IShKtJXrU+WnrMlzi3NoOBV1UhE=,e61C6ct0tIdTm6hXirSwCavr4xs=
-184,207,IShKtJXrU+WnrMlzi3NoOBV1UhE=,e61C6ct0tIdTm6hXirSwCavr4xs=
-181,202,IShKtJXrU+WnrMlzi3NoOBV1UhE=,e61C6ct0tIdTm6hXirSwCavr4xs=
-179,201,IShKtJXrU+WnrMlzi3NoOBV1UhE=,e61C6ct0tIdTm6hXirSwCavr4xs=
-177,207,IShKtJXrU+WnrMlzi3NoOBV1UhE=,e61C6ct0tIdTm6hXirSwCavr4xs=
-177,205,IShKtJXrU+WnrMlzi3NoOBV1UhE=,e61C6ct0tIdTm6hXirSwCavr4xs=
-184,206,IShKtJXrU+WnrMlzi3NoOBV1UhE=,e61C6ct0tIdTm6hXirSwCavr4xs=
-183,206,IShKtJXrU+WnrMlzi3NoOBV1UhE=,e61C6ct0tIdTm6hXirSwCavr4xs=
-182,206,IShKtJXrU+WnrMlzi3NoOBV1UhE=,e61C6ct0tIdTm6hXirSwCavr4xs=
-181,206,IShKtJXrU+WnrMlzi3NoOBV1UhE=,e61C6ct0tIdTm6hXirSwCavr4xs=
-183,201,IShKtJXrU+WnrMlzi3NoOBV1UhE=,e61C6ct0tIdTm6hXirSwCavr4xs=
-180,206,IShKtJXrU+WnrMlzi3NoOBV1UhE=,e61C6ct0tIdTm6hXirSwCavr4xs=
-179,206,IShKtJXrU+WnrMlzi3NoOBV1UhE=,e61C6ct0tIdTm6hXirSwCavr4xs=
-178,206,IShKtJXrU+WnrMlzi3NoOBV1UhE=,e61C6ct0tIdTm6hXirSwCavr4xs=
-177,206,IShKtJXrU+WnrMlzi3NoOBV1UhE=,e61C6ct0tIdTm6hXirSwCavr4xs=
-173,219,IShKtJXrU+WnrMlzi3NoOBV1UhE=,bWXsEuGeOIL0K6uucPwNCBPnwcw=
-172,219,IShKtJXrU+WnrMlzi3NoOBV1UhE=,bWXsEuGeOIL0K6uucPwNCBPnwcw=
-171,219,IShKtJXrU+WnrMlzi3NoOBV1UhE=,bWXsEuGeOIL0K6uucPwNCBPnwcw=
-170,219,IShKtJXrU+WnrMlzi3NoOBV1UhE=,bWXsEuGeOIL0K6uucPwNCBPnwcw=
-169,219,IShKtJXrU+WnrMlzi3NoOBV1UhE=,bWXsEuGeOIL0K6uucPwNCBPnwcw=
-175,220,IShKtJXrU+WnrMlzi3NoOBV1UhE=,bWXsEuGeOIL0K6uucPwNCBPnwcw=
-174,220,IShKtJXrU+WnrMlzi3NoOBV1UhE=,bWXsEuGeOIL0K6uucPwNCBPnwcw=
-173,220,IShKtJXrU+WnrMlzi3NoOBV1UhE=,bWXsEuGeOIL0K6uucPwNCBPnwcw=
-172,220,IShKtJXrU+WnrMlzi3NoOBV1UhE=,bWXsEuGeOIL0K6uucPwNCBPnwcw=
-171,220,IShKtJXrU+WnrMlzi3NoOBV1UhE=,bWXsEuGeOIL0K6uucPwNCBPnwcw=
-170,220,IShKtJXrU+WnrMlzi3NoOBV1UhE=,bWXsEuGeOIL0K6uucPwNCBPnwcw=
-169,220,IShKtJXrU+WnrMlzi3NoOBV1UhE=,bWXsEuGeOIL0K6uucPwNCBPnwcw=
-175,221,IShKtJXrU+WnrMlzi3NoOBV1UhE=,bWXsEuGeOIL0K6uucPwNCBPnwcw=
-174,221,IShKtJXrU+WnrMlzi3NoOBV1UhE=,bWXsEuGeOIL0K6uucPwNCBPnwcw=
-173,221,IShKtJXrU+WnrMlzi3NoOBV1UhE=,bWXsEuGeOIL0K6uucPwNCBPnwcw=
-172,221,IShKtJXrU+WnrMlzi3NoOBV1UhE=,bWXsEuGeOIL0K6uucPwNCBPnwcw=
-171,221,IShKtJXrU+WnrMlzi3NoOBV1UhE=,bWXsEuGeOIL0K6uucPwNCBPnwcw=
-170,221,IShKtJXrU+WnrMlzi3NoOBV1UhE=,bWXsEuGeOIL0K6uucPwNCBPnwcw=
-169,221,IShKtJXrU+WnrMlzi3NoOBV1UhE=,bWXsEuGeOIL0K6uucPwNCBPnwcw=
-175,222,IShKtJXrU+WnrMlzi3NoOBV1UhE=,bWXsEuGeOIL0K6uucPwNCBPnwcw=
-175,217,IShKtJXrU+WnrMlzi3NoOBV1UhE=,bWXsEuGeOIL0K6uucPwNCBPnwcw=
-176,220,IShKtJXrU+WnrMlzi3NoOBV1UhE=,bWXsEuGeOIL0K6uucPwNCBPnwcw=
-174,217,WrBK89lsJeSqAS1sOa3WvnnxF9w=,bWXsEuGeOIL0K6uucPwNCBPnwcw=
-174,222,WrBK89lsJeSqAS1sOa3WvnnxF9w=,bWXsEuGeOIL0K6uucPwNCBPnwcw=
-173,222,WrBK89lsJeSqAS1sOa3WvnnxF9w=,bWXsEuGeOIL0K6uucPwNCBPnwcw=
-176,222,WrBK89lsJeSqAS1sOa3WvnnxF9w=,bWXsEuGeOIL0K6uucPwNCBPnwcw=
-176,221,WrBK89lsJeSqAS1sOa3WvnnxF9w=,bWXsEuGeOIL0K6uucPwNCBPnwcw=
-172,222,WrBK89lsJeSqAS1sOa3WvnnxF9w=,bWXsEuGeOIL0K6uucPwNCBPnwcw=
-176,217,WrBK89lsJeSqAS1sOa3WvnnxF9w=,bWXsEuGeOIL0K6uucPwNCBPnwcw=
-171,222,WrBK89lsJeSqAS1sOa3WvnnxF9w=,bWXsEuGeOIL0K6uucPwNCBPnwcw=
-173,217,WrBK89lsJeSqAS1sOa3WvnnxF9w=,bWXsEuGeOIL0K6uucPwNCBPnwcw=
-176,218,WrBK89lsJeSqAS1sOa3WvnnxF9w=,bWXsEuGeOIL0K6uucPwNCBPnwcw=
-170,222,WrBK89lsJeSqAS1sOa3WvnnxF9w=,bWXsEuGeOIL0K6uucPwNCBPnwcw=
-169,222,WrBK89lsJeSqAS1sOa3WvnnxF9w=,bWXsEuGeOIL0K6uucPwNCBPnwcw=
-172,217,WrBK89lsJeSqAS1sOa3WvnnxF9w=,bWXsEuGeOIL0K6uucPwNCBPnwcw=
-176,219,WrBK89lsJeSqAS1sOa3WvnnxF9w=,bWXsEuGeOIL0K6uucPwNCBPnwcw=
-171,217,WrBK89lsJeSqAS1sOa3WvnnxF9w=,bWXsEuGeOIL0K6uucPwNCBPnwcw=
-170,217,WrBK89lsJeSqAS1sOa3WvnnxF9w=,bWXsEuGeOIL0K6uucPwNCBPnwcw=
-169,217,WrBK89lsJeSqAS1sOa3WvnnxF9w=,bWXsEuGeOIL0K6uucPwNCBPnwcw=
-175,218,WrBK89lsJeSqAS1sOa3WvnnxF9w=,bWXsEuGeOIL0K6uucPwNCBPnwcw=
-174,218,WrBK89lsJeSqAS1sOa3WvnnxF9w=,bWXsEuGeOIL0K6uucPwNCBPnwcw=
-173,218,WrBK89lsJeSqAS1sOa3WvnnxF9w=,bWXsEuGeOIL0K6uucPwNCBPnwcw=
-172,218,WrBK89lsJeSqAS1sOa3WvnnxF9w=,bWXsEuGeOIL0K6uucPwNCBPnwcw=
-171,218,WrBK89lsJeSqAS1sOa3WvnnxF9w=,bWXsEuGeOIL0K6uucPwNCBPnwcw=
-170,218,WrBK89lsJeSqAS1sOa3WvnnxF9w=,bWXsEuGeOIL0K6uucPwNCBPnwcw=
-169,218,WrBK89lsJeSqAS1sOa3WvnnxF9w=,bWXsEuGeOIL0K6uucPwNCBPnwcw=
-174,219,WrBK89lsJeSqAS1sOa3WvnnxF9w=,bWXsEuGeOIL0K6uucPwNCBPnwcw=
-175,219,WrBK89lsJeSqAS1sOa3WvnnxF9w=,bWXsEuGeOIL0K6uucPwNCBPnwcw=
-175,223,WrBK89lsJeSqAS1sOa3WvnnxF9w=,bWXsEuGeOIL0K6uucPwNCBPnwcw=
-174,223,WrBK89lsJeSqAS1sOa3WvnnxF9w=,bWXsEuGeOIL0K6uucPwNCBPnwcw=
-173,223,WrBK89lsJeSqAS1sOa3WvnnxF9w=,bWXsEuGeOIL0K6uucPwNCBPnwcw=
-172,223,WrBK89lsJeSqAS1sOa3WvnnxF9w=,bWXsEuGeOIL0K6uucPwNCBPnwcw=
-171,223,WrBK89lsJeSqAS1sOa3WvnnxF9w=,bWXsEuGeOIL0K6uucPwNCBPnwcw=
-176,223,WrBK89lsJeSqAS1sOa3WvnnxF9w=,bWXsEuGeOIL0K6uucPwNCBPnwcw=
-170,223,WrBK89lsJeSqAS1sOa3WvnnxF9w=,bWXsEuGeOIL0K6uucPwNCBPnwcw=
-169,223,WrBK89lsJeSqAS1sOa3WvnnxF9w=,bWXsEuGeOIL0K6uucPwNCBPnwcw=
-164,213,WrBK89lsJeSqAS1sOa3WvnnxF9w=,bgkcslQm9feor0//lx3YV1+slm8=
-163,213,WrBK89lsJeSqAS1sOa3WvnnxF9w=,bgkcslQm9feor0//lx3YV1+slm8=
-162,213,WrBK89lsJeSqAS1sOa3WvnnxF9w=,bgkcslQm9feor0//lx3YV1+slm8=
-167,208,WrBK89lsJeSqAS1sOa3WvnnxF9w=,bgkcslQm9feor0//lx3YV1+slm8=
-166,208,WrBK89lsJeSqAS1sOa3WvnnxF9w=,bgkcslQm9feor0//lx3YV1+slm8=
-161,213,WrBK89lsJeSqAS1sOa3WvnnxF9w=,bgkcslQm9feor0//lx3YV1+slm8=
-164,208,WrBK89lsJeSqAS1sOa3WvnnxF9w=,bgkcslQm9feor0//lx3YV1+slm8=
-165,208,WrBK89lsJeSqAS1sOa3WvnnxF9w=,bgkcslQm9feor0//lx3YV1+slm8=
-167,214,WrBK89lsJeSqAS1sOa3WvnnxF9w=,bgkcslQm9feor0//lx3YV1+slm8=
-165,214,WrBK89lsJeSqAS1sOa3WvnnxF9w=,bgkcslQm9feor0//lx3YV1+slm8=
-163,208,WrBK89lsJeSqAS1sOa3WvnnxF9w=,bgkcslQm9feor0//lx3YV1+slm8=
-166,214,WrBK89lsJeSqAS1sOa3WvnnxF9w=,bgkcslQm9feor0//lx3YV1+slm8=
-162,208,WrBK89lsJeSqAS1sOa3WvnnxF9w=,bgkcslQm9feor0//lx3YV1+slm8=
-161,208,WrBK89lsJeSqAS1sOa3WvnnxF9w=,bgkcslQm9feor0//lx3YV1+slm8=
-167,209,WrBK89lsJeSqAS1sOa3WvnnxF9w=,bgkcslQm9feor0//lx3YV1+slm8=
-166,209,WrBK89lsJeSqAS1sOa3WvnnxF9w=,bgkcslQm9feor0//lx3YV1+slm8=
-164,214,WrBK89lsJeSqAS1sOa3WvnnxF9w=,bgkcslQm9feor0//lx3YV1+slm8=
-163,214,WrBK89lsJeSqAS1sOa3WvnnxF9w=,bgkcslQm9feor0//lx3YV1+slm8=
-165,209,WrBK89lsJeSqAS1sOa3WvnnxF9w=,bgkcslQm9feor0//lx3YV1+slm8=
-162,214,WrBK89lsJeSqAS1sOa3WvnnxF9w=,bgkcslQm9feor0//lx3YV1+slm8=
-161,214,WrBK89lsJeSqAS1sOa3WvnnxF9w=,bgkcslQm9feor0//lx3YV1+slm8=
-164,209,WrBK89lsJeSqAS1sOa3WvnnxF9w=,bgkcslQm9feor0//lx3YV1+slm8=
-163,209,WrBK89lsJeSqAS1sOa3WvnnxF9w=,bgkcslQm9feor0//lx3YV1+slm8=
-167,215,WrBK89lsJeSqAS1sOa3WvnnxF9w=,bgkcslQm9feor0//lx3YV1+slm8=
-166,215,WrBK89lsJeSqAS1sOa3WvnnxF9w=,bgkcslQm9feor0//lx3YV1+slm8=
-165,215,WrBK89lsJeSqAS1sOa3WvnnxF9w=,bgkcslQm9feor0//lx3YV1+slm8=
-162,209,WrBK89lsJeSqAS1sOa3WvnnxF9w=,bgkcslQm9feor0//lx3YV1+slm8=
-161,209,WrBK89lsJeSqAS1sOa3WvnnxF9w=,bgkcslQm9feor0//lx3YV1+slm8=
-164,215,WrBK89lsJeSqAS1sOa3WvnnxF9w=,bgkcslQm9feor0//lx3YV1+slm8=
-163,215,WrBK89lsJeSqAS1sOa3WvnnxF9w=,bgkcslQm9feor0//lx3YV1+slm8=
-162,215,WrBK89lsJeSqAS1sOa3WvnnxF9w=,bgkcslQm9feor0//lx3YV1+slm8=
-161,215,WrBK89lsJeSqAS1sOa3WvnnxF9w=,bgkcslQm9feor0//lx3YV1+slm8=
-167,210,WrBK89lsJeSqAS1sOa3WvnnxF9w=,bgkcslQm9feor0//lx3YV1+slm8=
-166,210,WrBK89lsJeSqAS1sOa3WvnnxF9w=,bgkcslQm9feor0//lx3YV1+slm8=
-165,210,WrBK89lsJeSqAS1sOa3WvnnxF9w=,bgkcslQm9feor0//lx3YV1+slm8=
-164,210,WrBK89lsJeSqAS1sOa3WvnnxF9w=,bgkcslQm9feor0//lx3YV1+slm8=
-163,210,WrBK89lsJeSqAS1sOa3WvnnxF9w=,bgkcslQm9feor0//lx3YV1+slm8=
-162,210,WrBK89lsJeSqAS1sOa3WvnnxF9w=,bgkcslQm9feor0//lx3YV1+slm8=
-161,210,WrBK89lsJeSqAS1sOa3WvnnxF9w=,bgkcslQm9feor0//lx3YV1+slm8=
-167,211,WrBK89lsJeSqAS1sOa3WvnnxF9w=,bgkcslQm9feor0//lx3YV1+slm8=
-166,211,WrBK89lsJeSqAS1sOa3WvnnxF9w=,bgkcslQm9feor0//lx3YV1+slm8=
-165,211,WrBK89lsJeSqAS1sOa3WvnnxF9w=,bgkcslQm9feor0//lx3YV1+slm8=
-164,211,WrBK89lsJeSqAS1sOa3WvnnxF9w=,bgkcslQm9feor0//lx3YV1+slm8=
-163,211,WrBK89lsJeSqAS1sOa3WvnnxF9w=,bgkcslQm9feor0//lx3YV1+slm8=
-162,211,WrBK89lsJeSqAS1sOa3WvnnxF9w=,bgkcslQm9feor0//lx3YV1+slm8=
-161,211,WrBK89lsJeSqAS1sOa3WvnnxF9w=,bgkcslQm9feor0//lx3YV1+slm8=
-167,212,WrBK89lsJeSqAS1sOa3WvnnxF9w=,bgkcslQm9feor0//lx3YV1+slm8=
-166,212,WrBK89lsJeSqAS1sOa3WvnnxF9w=,bgkcslQm9feor0//lx3YV1+slm8=
-165,212,WrBK89lsJeSqAS1sOa3WvnnxF9w=,bgkcslQm9feor0//lx3YV1+slm8=
-164,212,WrBK89lsJeSqAS1sOa3WvnnxF9w=,bgkcslQm9feor0//lx3YV1+slm8=
-162,212,WrBK89lsJeSqAS1sOa3WvnnxF9w=,bgkcslQm9feor0//lx3YV1+slm8=
-163,212,WrBK89lsJeSqAS1sOa3WvnnxF9w=,bgkcslQm9feor0//lx3YV1+slm8=
-161,212,WrBK89lsJeSqAS1sOa3WvnnxF9w=,bgkcslQm9feor0//lx3YV1+slm8=
-167,213,WrBK89lsJeSqAS1sOa3WvnnxF9w=,bgkcslQm9feor0//lx3YV1+slm8=
-166,213,WrBK89lsJeSqAS1sOa3WvnnxF9w=,bgkcslQm9feor0//lx3YV1+slm8=
-165,213,WrBK89lsJeSqAS1sOa3WvnnxF9w=,bgkcslQm9feor0//lx3YV1+slm8=
-168,213,WrBK89lsJeSqAS1sOa3WvnnxF9w=,bgkcslQm9feor0//lx3YV1+slm8=
-171,212,WrBK89lsJeSqAS1sOa3WvnnxF9w=,K1QiTjEPNgtt0+aHxm++VlAaZNw=
-172,213,WrBK89lsJeSqAS1sOa3WvnnxF9w=,K1QiTjEPNgtt0+aHxm++VlAaZNw=
-169,210,WrBK89lsJeSqAS1sOa3WvnnxF9w=,K1QiTjEPNgtt0+aHxm++VlAaZNw=
-169,209,WrBK89lsJeSqAS1sOa3WvnnxF9w=,K1QiTjEPNgtt0+aHxm++VlAaZNw=
-171,213,WrBK89lsJeSqAS1sOa3WvnnxF9w=,K1QiTjEPNgtt0+aHxm++VlAaZNw=
-170,209,WrBK89lsJeSqAS1sOa3WvnnxF9w=,K1QiTjEPNgtt0+aHxm++VlAaZNw=
-171,211,WrBK89lsJeSqAS1sOa3WvnnxF9w=,K1QiTjEPNgtt0+aHxm++VlAaZNw=
-171,209,WrBK89lsJeSqAS1sOa3WvnnxF9w=,K1QiTjEPNgtt0+aHxm++VlAaZNw=
-172,209,WrBK89lsJeSqAS1sOa3WvnnxF9w=,K1QiTjEPNgtt0+aHxm++VlAaZNw=
-173,213,WrBK89lsJeSqAS1sOa3WvnnxF9w=,K1QiTjEPNgtt0+aHxm++VlAaZNw=
-168,212,WrBK89lsJeSqAS1sOa3WvnnxF9w=,bgkcslQm9feor0//lx3YV1+slm8=
-170,210,WrBK89lsJeSqAS1sOa3WvnnxF9w=,K1QiTjEPNgtt0+aHxm++VlAaZNw=
-173,209,WrBK89lsJeSqAS1sOa3WvnnxF9w=,K1QiTjEPNgtt0+aHxm++VlAaZNw=
-174,209,WrBK89lsJeSqAS1sOa3WvnnxF9w=,K1QiTjEPNgtt0+aHxm++VlAaZNw=
-173,208,WrBK89lsJeSqAS1sOa3WvnnxF9w=,K1QiTjEPNgtt0+aHxm++VlAaZNw=
-172,211,WrBK89lsJeSqAS1sOa3WvnnxF9w=,K1QiTjEPNgtt0+aHxm++VlAaZNw=
-174,213,WrBK89lsJeSqAS1sOa3WvnnxF9w=,K1QiTjEPNgtt0+aHxm++VlAaZNw=
-171,210,WrBK89lsJeSqAS1sOa3WvnnxF9w=,K1QiTjEPNgtt0+aHxm++VlAaZNw=
-172,212,WrBK89lsJeSqAS1sOa3WvnnxF9w=,K1QiTjEPNgtt0+aHxm++VlAaZNw=
-173,211,WrBK89lsJeSqAS1sOa3WvnnxF9w=,K1QiTjEPNgtt0+aHxm++VlAaZNw=
-169,216,WrBK89lsJeSqAS1sOa3WvnnxF9w=,bWXsEuGeOIL0K6uucPwNCBPnwcw=
-170,216,WrBK89lsJeSqAS1sOa3WvnnxF9w=,bWXsEuGeOIL0K6uucPwNCBPnwcw=
-171,216,WrBK89lsJeSqAS1sOa3WvnnxF9w=,bWXsEuGeOIL0K6uucPwNCBPnwcw=
-168,211,WrBK89lsJeSqAS1sOa3WvnnxF9w=,bgkcslQm9feor0//lx3YV1+slm8=
-175,213,WrBK89lsJeSqAS1sOa3WvnnxF9w=,K1QiTjEPNgtt0+aHxm++VlAaZNw=
-172,210,WrBK89lsJeSqAS1sOa3WvnnxF9w=,K1QiTjEPNgtt0+aHxm++VlAaZNw=
-172,216,WrBK89lsJeSqAS1sOa3WvnnxF9w=,bWXsEuGeOIL0K6uucPwNCBPnwcw=
-173,212,WrBK89lsJeSqAS1sOa3WvnnxF9w=,K1QiTjEPNgtt0+aHxm++VlAaZNw=
-173,216,WrBK89lsJeSqAS1sOa3WvnnxF9w=,bWXsEuGeOIL0K6uucPwNCBPnwcw=
-174,216,WrBK89lsJeSqAS1sOa3WvnnxF9w=,bWXsEuGeOIL0K6uucPwNCBPnwcw=
-175,216,WrBK89lsJeSqAS1sOa3WvnnxF9w=,bWXsEuGeOIL0K6uucPwNCBPnwcw=
-176,216,WrBK89lsJeSqAS1sOa3WvnnxF9w=,bWXsEuGeOIL0K6uucPwNCBPnwcw=
-169,215,WrBK89lsJeSqAS1sOa3WvnnxF9w=,K1QiTjEPNgtt0+aHxm++VlAaZNw=
-176,213,WrBK89lsJeSqAS1sOa3WvnnxF9w=,K1QiTjEPNgtt0+aHxm++VlAaZNw=
-173,210,WrBK89lsJeSqAS1sOa3WvnnxF9w=,K1QiTjEPNgtt0+aHxm++VlAaZNw=
-170,215,WrBK89lsJeSqAS1sOa3WvnnxF9w=,K1QiTjEPNgtt0+aHxm++VlAaZNw=
-174,210,WrBK89lsJeSqAS1sOa3WvnnxF9w=,K1QiTjEPNgtt0+aHxm++VlAaZNw=
-171,215,WrBK89lsJeSqAS1sOa3WvnnxF9w=,K1QiTjEPNgtt0+aHxm++VlAaZNw=
-172,215,WrBK89lsJeSqAS1sOa3WvnnxF9w=,K1QiTjEPNgtt0+aHxm++VlAaZNw=
-173,215,WrBK89lsJeSqAS1sOa3WvnnxF9w=,K1QiTjEPNgtt0+aHxm++VlAaZNw=
-174,215,WrBK89lsJeSqAS1sOa3WvnnxF9w=,K1QiTjEPNgtt0+aHxm++VlAaZNw=
-175,215,WrBK89lsJeSqAS1sOa3WvnnxF9w=,K1QiTjEPNgtt0+aHxm++VlAaZNw=
-169,212,WrBK89lsJeSqAS1sOa3WvnnxF9w=,K1QiTjEPNgtt0+aHxm++VlAaZNw=
-174,208,WrBK89lsJeSqAS1sOa3WvnnxF9w=,K1QiTjEPNgtt0+aHxm++VlAaZNw=
-174,212,WrBK89lsJeSqAS1sOa3WvnnxF9w=,K1QiTjEPNgtt0+aHxm++VlAaZNw=
-174,211,WrBK89lsJeSqAS1sOa3WvnnxF9w=,K1QiTjEPNgtt0+aHxm++VlAaZNw=
-168,210,WrBK89lsJeSqAS1sOa3WvnnxF9w=,bgkcslQm9feor0//lx3YV1+slm8=
-176,215,WrBK89lsJeSqAS1sOa3WvnnxF9w=,K1QiTjEPNgtt0+aHxm++VlAaZNw=
-169,214,WrBK89lsJeSqAS1sOa3WvnnxF9w=,K1QiTjEPNgtt0+aHxm++VlAaZNw=
-170,214,WrBK89lsJeSqAS1sOa3WvnnxF9w=,K1QiTjEPNgtt0+aHxm++VlAaZNw=
-171,214,WrBK89lsJeSqAS1sOa3WvnnxF9w=,K1QiTjEPNgtt0+aHxm++VlAaZNw=
-172,214,WrBK89lsJeSqAS1sOa3WvnnxF9w=,K1QiTjEPNgtt0+aHxm++VlAaZNw=
-173,214,WrBK89lsJeSqAS1sOa3WvnnxF9w=,K1QiTjEPNgtt0+aHxm++VlAaZNw=
-174,214,WrBK89lsJeSqAS1sOa3WvnnxF9w=,K1QiTjEPNgtt0+aHxm++VlAaZNw=
-168,215,WrBK89lsJeSqAS1sOa3WvnnxF9w=,bgkcslQm9feor0//lx3YV1+slm8=
-175,214,WrBK89lsJeSqAS1sOa3WvnnxF9w=,K1QiTjEPNgtt0+aHxm++VlAaZNw=
-170,212,WrBK89lsJeSqAS1sOa3WvnnxF9w=,K1QiTjEPNgtt0+aHxm++VlAaZNw=
-176,211,WrBK89lsJeSqAS1sOa3WvnnxF9w=,K1QiTjEPNgtt0+aHxm++VlAaZNw=
-170,211,WrBK89lsJeSqAS1sOa3WvnnxF9w=,K1QiTjEPNgtt0+aHxm++VlAaZNw=
-170,213,WrBK89lsJeSqAS1sOa3WvnnxF9w=,K1QiTjEPNgtt0+aHxm++VlAaZNw=
-169,213,WrBK89lsJeSqAS1sOa3WvnnxF9w=,K1QiTjEPNgtt0+aHxm++VlAaZNw=
-169,211,WrBK89lsJeSqAS1sOa3WvnnxF9w=,K1QiTjEPNgtt0+aHxm++VlAaZNw=
-175,210,WrBK89lsJeSqAS1sOa3WvnnxF9w=,K1QiTjEPNgtt0+aHxm++VlAaZNw=
-175,208,WrBK89lsJeSqAS1sOa3WvnnxF9w=,K1QiTjEPNgtt0+aHxm++VlAaZNw=
-175,212,WrBK89lsJeSqAS1sOa3WvnnxF9w=,K1QiTjEPNgtt0+aHxm++VlAaZNw=
-176,214,WrBK89lsJeSqAS1sOa3WvnnxF9w=,K1QiTjEPNgtt0+aHxm++VlAaZNw=
-175,211,WrBK89lsJeSqAS1sOa3WvnnxF9w=,K1QiTjEPNgtt0+aHxm++VlAaZNw=
-168,209,WrBK89lsJeSqAS1sOa3WvnnxF9w=,bgkcslQm9feor0//lx3YV1+slm8=
-169,208,WrBK89lsJeSqAS1sOa3WvnnxF9w=,K1QiTjEPNgtt0+aHxm++VlAaZNw=
-171,208,WrBK89lsJeSqAS1sOa3WvnnxF9w=,K1QiTjEPNgtt0+aHxm++VlAaZNw=
-172,208,WrBK89lsJeSqAS1sOa3WvnnxF9w=,K1QiTjEPNgtt0+aHxm++VlAaZNw=
-175,209,WrBK89lsJeSqAS1sOa3WvnnxF9w=,K1QiTjEPNgtt0+aHxm++VlAaZNw=
-170,208,WrBK89lsJeSqAS1sOa3WvnnxF9w=,K1QiTjEPNgtt0+aHxm++VlAaZNw=
-168,214,WrBK89lsJeSqAS1sOa3WvnnxF9w=,bgkcslQm9feor0//lx3YV1+slm8=
-176,212,WrBK89lsJeSqAS1sOa3WvnnxF9w=,K1QiTjEPNgtt0+aHxm++VlAaZNw=
-168,208,WrBK89lsJeSqAS1sOa3WvnnxF9w=,bgkcslQm9feor0//lx3YV1+slm8=
-176,208,WrBK89lsJeSqAS1sOa3WvnnxF9w=,K1QiTjEPNgtt0+aHxm++VlAaZNw=
-176,209,WrBK89lsJeSqAS1sOa3WvnnxF9w=,K1QiTjEPNgtt0+aHxm++VlAaZNw=
-176,210,WrBK89lsJeSqAS1sOa3WvnnxF9w=,K1QiTjEPNgtt0+aHxm++VlAaZNw=
-164,203,WrBK89lsJeSqAS1sOa3WvnnxF9w=,PmJarHvZWX+i2mzkVt8x3JnnQ6I=
-163,203,WrBK89lsJeSqAS1sOa3WvnnxF9w=,PmJarHvZWX+i2mzkVt8x3JnnQ6I=
-162,203,WrBK89lsJeSqAS1sOa3WvnnxF9w=,PmJarHvZWX+i2mzkVt8x3JnnQ6I=
-167,204,WrBK89lsJeSqAS1sOa3WvnnxF9w=,PmJarHvZWX+i2mzkVt8x3JnnQ6I=
-166,204,WrBK89lsJeSqAS1sOa3WvnnxF9w=,PmJarHvZWX+i2mzkVt8x3JnnQ6I=
-165,204,WrBK89lsJeSqAS1sOa3WvnnxF9w=,PmJarHvZWX+i2mzkVt8x3JnnQ6I=
-164,204,WrBK89lsJeSqAS1sOa3WvnnxF9w=,PmJarHvZWX+i2mzkVt8x3JnnQ6I=
-163,204,WrBK89lsJeSqAS1sOa3WvnnxF9w=,PmJarHvZWX+i2mzkVt8x3JnnQ6I=
-162,204,WrBK89lsJeSqAS1sOa3WvnnxF9w=,PmJarHvZWX+i2mzkVt8x3JnnQ6I=
-167,205,WrBK89lsJeSqAS1sOa3WvnnxF9w=,PmJarHvZWX+i2mzkVt8x3JnnQ6I=
-167,201,WrBK89lsJeSqAS1sOa3WvnnxF9w=,PmJarHvZWX+i2mzkVt8x3JnnQ6I=
-166,201,WrBK89lsJeSqAS1sOa3WvnnxF9w=,PmJarHvZWX+i2mzkVt8x3JnnQ6I=
-166,205,WrBK89lsJeSqAS1sOa3WvnnxF9w=,PmJarHvZWX+i2mzkVt8x3JnnQ6I=
-165,201,WrBK89lsJeSqAS1sOa3WvnnxF9w=,PmJarHvZWX+i2mzkVt8x3JnnQ6I=
-164,201,WrBK89lsJeSqAS1sOa3WvnnxF9w=,PmJarHvZWX+i2mzkVt8x3JnnQ6I=
-163,201,WrBK89lsJeSqAS1sOa3WvnnxF9w=,PmJarHvZWX+i2mzkVt8x3JnnQ6I=
-162,201,WrBK89lsJeSqAS1sOa3WvnnxF9w=,PmJarHvZWX+i2mzkVt8x3JnnQ6I=
-165,205,WrBK89lsJeSqAS1sOa3WvnnxF9w=,PmJarHvZWX+i2mzkVt8x3JnnQ6I=
-164,205,WrBK89lsJeSqAS1sOa3WvnnxF9w=,PmJarHvZWX+i2mzkVt8x3JnnQ6I=
-163,205,WrBK89lsJeSqAS1sOa3WvnnxF9w=,PmJarHvZWX+i2mzkVt8x3JnnQ6I=
-162,205,WrBK89lsJeSqAS1sOa3WvnnxF9w=,PmJarHvZWX+i2mzkVt8x3JnnQ6I=
-167,206,WrBK89lsJeSqAS1sOa3WvnnxF9w=,PmJarHvZWX+i2mzkVt8x3JnnQ6I=
-167,202,WrBK89lsJeSqAS1sOa3WvnnxF9w=,PmJarHvZWX+i2mzkVt8x3JnnQ6I=
-166,206,WrBK89lsJeSqAS1sOa3WvnnxF9w=,PmJarHvZWX+i2mzkVt8x3JnnQ6I=
-165,206,WrBK89lsJeSqAS1sOa3WvnnxF9w=,PmJarHvZWX+i2mzkVt8x3JnnQ6I=
-164,206,WrBK89lsJeSqAS1sOa3WvnnxF9w=,PmJarHvZWX+i2mzkVt8x3JnnQ6I=
-163,206,WrBK89lsJeSqAS1sOa3WvnnxF9w=,PmJarHvZWX+i2mzkVt8x3JnnQ6I=
-166,202,WrBK89lsJeSqAS1sOa3WvnnxF9w=,PmJarHvZWX+i2mzkVt8x3JnnQ6I=
-162,206,WrBK89lsJeSqAS1sOa3WvnnxF9w=,PmJarHvZWX+i2mzkVt8x3JnnQ6I=
-165,203,WrBK89lsJeSqAS1sOa3WvnnxF9w=,PmJarHvZWX+i2mzkVt8x3JnnQ6I=
-166,203,WrBK89lsJeSqAS1sOa3WvnnxF9w=,PmJarHvZWX+i2mzkVt8x3JnnQ6I=
-167,203,WrBK89lsJeSqAS1sOa3WvnnxF9w=,PmJarHvZWX+i2mzkVt8x3JnnQ6I=
-162,202,WrBK89lsJeSqAS1sOa3WvnnxF9w=,PmJarHvZWX+i2mzkVt8x3JnnQ6I=
-163,202,WrBK89lsJeSqAS1sOa3WvnnxF9w=,PmJarHvZWX+i2mzkVt8x3JnnQ6I=
-164,202,WrBK89lsJeSqAS1sOa3WvnnxF9w=,PmJarHvZWX+i2mzkVt8x3JnnQ6I=
-165,202,WrBK89lsJeSqAS1sOa3WvnnxF9w=,PmJarHvZWX+i2mzkVt8x3JnnQ6I=
-161,203,WrBK89lsJeSqAS1sOa3WvnnxF9w=,PmJarHvZWX+i2mzkVt8x3JnnQ6I=
-161,204,WrBK89lsJeSqAS1sOa3WvnnxF9w=,PmJarHvZWX+i2mzkVt8x3JnnQ6I=
-161,201,WrBK89lsJeSqAS1sOa3WvnnxF9w=,PmJarHvZWX+i2mzkVt8x3JnnQ6I=
-161,205,WrBK89lsJeSqAS1sOa3WvnnxF9w=,PmJarHvZWX+i2mzkVt8x3JnnQ6I=
-161,206,WrBK89lsJeSqAS1sOa3WvnnxF9w=,PmJarHvZWX+i2mzkVt8x3JnnQ6I=
-161,202,WrBK89lsJeSqAS1sOa3WvnnxF9w=,PmJarHvZWX+i2mzkVt8x3JnnQ6I=
-167,207,WrBK89lsJeSqAS1sOa3WvnnxF9w=,PmJarHvZWX+i2mzkVt8x3JnnQ6I=
-166,207,WrBK89lsJeSqAS1sOa3WvnnxF9w=,PmJarHvZWX+i2mzkVt8x3JnnQ6I=
-165,207,WrBK89lsJeSqAS1sOa3WvnnxF9w=,PmJarHvZWX+i2mzkVt8x3JnnQ6I=
-164,207,WrBK89lsJeSqAS1sOa3WvnnxF9w=,PmJarHvZWX+i2mzkVt8x3JnnQ6I=
-163,207,WrBK89lsJeSqAS1sOa3WvnnxF9w=,PmJarHvZWX+i2mzkVt8x3JnnQ6I=
-162,207,WrBK89lsJeSqAS1sOa3WvnnxF9w=,PmJarHvZWX+i2mzkVt8x3JnnQ6I=
-161,207,WrBK89lsJeSqAS1sOa3WvnnxF9w=,PmJarHvZWX+i2mzkVt8x3JnnQ6I=
-175,195,WrBK89lsJeSqAS1sOa3WvnnxF9w=,DZr2SbKWYlidgO9nFsPBMvxBxtg=
-174,195,WrBK89lsJeSqAS1sOa3WvnnxF9w=,DZr2SbKWYlidgO9nFsPBMvxBxtg=
-175,194,WrBK89lsJeSqAS1sOa3WvnnxF9w=,DZr2SbKWYlidgO9nFsPBMvxBxtg=
-174,194,WrBK89lsJeSqAS1sOa3WvnnxF9w=,DZr2SbKWYlidgO9nFsPBMvxBxtg=
-173,194,WrBK89lsJeSqAS1sOa3WvnnxF9w=,DZr2SbKWYlidgO9nFsPBMvxBxtg=
-173,193,WrBK89lsJeSqAS1sOa3WvnnxF9w=,DZr2SbKWYlidgO9nFsPBMvxBxtg=
-172,194,WrBK89lsJeSqAS1sOa3WvnnxF9w=,DZr2SbKWYlidgO9nFsPBMvxBxtg=
-173,195,WrBK89lsJeSqAS1sOa3WvnnxF9w=,DZr2SbKWYlidgO9nFsPBMvxBxtg=
-176,193,WrBK89lsJeSqAS1sOa3WvnnxF9w=,DZr2SbKWYlidgO9nFsPBMvxBxtg=
-171,194,WrBK89lsJeSqAS1sOa3WvnnxF9w=,DZr2SbKWYlidgO9nFsPBMvxBxtg=
-176,197,WrBK89lsJeSqAS1sOa3WvnnxF9w=,DZr2SbKWYlidgO9nFsPBMvxBxtg=
-175,197,WrBK89lsJeSqAS1sOa3WvnnxF9w=,DZr2SbKWYlidgO9nFsPBMvxBxtg=
-170,194,WrBK89lsJeSqAS1sOa3WvnnxF9w=,DZr2SbKWYlidgO9nFsPBMvxBxtg=
-176,195,WrBK89lsJeSqAS1sOa3WvnnxF9w=,DZr2SbKWYlidgO9nFsPBMvxBxtg=
-175,193,WrBK89lsJeSqAS1sOa3WvnnxF9w=,DZr2SbKWYlidgO9nFsPBMvxBxtg=
-171,197,WrBK89lsJeSqAS1sOa3WvnnxF9w=,DZr2SbKWYlidgO9nFsPBMvxBxtg=
-172,195,WrBK89lsJeSqAS1sOa3WvnnxF9w=,DZr2SbKWYlidgO9nFsPBMvxBxtg=
-175,196,WrBK89lsJeSqAS1sOa3WvnnxF9w=,DZr2SbKWYlidgO9nFsPBMvxBxtg=
-171,195,WrBK89lsJeSqAS1sOa3WvnnxF9w=,DZr2SbKWYlidgO9nFsPBMvxBxtg=
-174,197,WrBK89lsJeSqAS1sOa3WvnnxF9w=,DZr2SbKWYlidgO9nFsPBMvxBxtg=
-172,193,WrBK89lsJeSqAS1sOa3WvnnxF9w=,DZr2SbKWYlidgO9nFsPBMvxBxtg=
-176,198,WrBK89lsJeSqAS1sOa3WvnnxF9w=,DZr2SbKWYlidgO9nFsPBMvxBxtg=
-175,198,WrBK89lsJeSqAS1sOa3WvnnxF9w=,DZr2SbKWYlidgO9nFsPBMvxBxtg=
-171,193,WrBK89lsJeSqAS1sOa3WvnnxF9w=,DZr2SbKWYlidgO9nFsPBMvxBxtg=
-174,198,WrBK89lsJeSqAS1sOa3WvnnxF9w=,DZr2SbKWYlidgO9nFsPBMvxBxtg=
-173,198,WrBK89lsJeSqAS1sOa3WvnnxF9w=,DZr2SbKWYlidgO9nFsPBMvxBxtg=
-174,193,WrBK89lsJeSqAS1sOa3WvnnxF9w=,DZr2SbKWYlidgO9nFsPBMvxBxtg=
-170,197,WrBK89lsJeSqAS1sOa3WvnnxF9w=,DZr2SbKWYlidgO9nFsPBMvxBxtg=
-174,196,WrBK89lsJeSqAS1sOa3WvnnxF9w=,DZr2SbKWYlidgO9nFsPBMvxBxtg=
-170,195,WrBK89lsJeSqAS1sOa3WvnnxF9w=,DZr2SbKWYlidgO9nFsPBMvxBxtg=
-176,196,WrBK89lsJeSqAS1sOa3WvnnxF9w=,DZr2SbKWYlidgO9nFsPBMvxBxtg=
-170,193,WrBK89lsJeSqAS1sOa3WvnnxF9w=,DZr2SbKWYlidgO9nFsPBMvxBxtg=
-173,196,WrBK89lsJeSqAS1sOa3WvnnxF9w=,DZr2SbKWYlidgO9nFsPBMvxBxtg=
-172,196,WrBK89lsJeSqAS1sOa3WvnnxF9w=,DZr2SbKWYlidgO9nFsPBMvxBxtg=
-176,192,WrBK89lsJeSqAS1sOa3WvnnxF9w=,DZr2SbKWYlidgO9nFsPBMvxBxtg=
-174,192,WrBK89lsJeSqAS1sOa3WvnnxF9w=,DZr2SbKWYlidgO9nFsPBMvxBxtg=
-173,197,WrBK89lsJeSqAS1sOa3WvnnxF9w=,DZr2SbKWYlidgO9nFsPBMvxBxtg=
-173,192,WrBK89lsJeSqAS1sOa3WvnnxF9w=,DZr2SbKWYlidgO9nFsPBMvxBxtg=
-172,198,WrBK89lsJeSqAS1sOa3WvnnxF9w=,DZr2SbKWYlidgO9nFsPBMvxBxtg=
-172,192,WrBK89lsJeSqAS1sOa3WvnnxF9w=,DZr2SbKWYlidgO9nFsPBMvxBxtg=
-171,192,WrBK89lsJeSqAS1sOa3WvnnxF9w=,DZr2SbKWYlidgO9nFsPBMvxBxtg=
-176,194,WrBK89lsJeSqAS1sOa3WvnnxF9w=,DZr2SbKWYlidgO9nFsPBMvxBxtg=
-171,198,WrBK89lsJeSqAS1sOa3WvnnxF9w=,DZr2SbKWYlidgO9nFsPBMvxBxtg=
-170,192,WrBK89lsJeSqAS1sOa3WvnnxF9w=,DZr2SbKWYlidgO9nFsPBMvxBxtg=
-175,192,WrBK89lsJeSqAS1sOa3WvnnxF9w=,DZr2SbKWYlidgO9nFsPBMvxBxtg=
-170,198,WrBK89lsJeSqAS1sOa3WvnnxF9w=,DZr2SbKWYlidgO9nFsPBMvxBxtg=
-171,196,WrBK89lsJeSqAS1sOa3WvnnxF9w=,DZr2SbKWYlidgO9nFsPBMvxBxtg=
-170,196,WrBK89lsJeSqAS1sOa3WvnnxF9w=,DZr2SbKWYlidgO9nFsPBMvxBxtg=
-172,197,WrBK89lsJeSqAS1sOa3WvnnxF9w=,DZr2SbKWYlidgO9nFsPBMvxBxtg=
-169,196,WrBK89lsJeSqAS1sOa3WvnnxF9w=,DZr2SbKWYlidgO9nFsPBMvxBxtg=
-169,194,WrBK89lsJeSqAS1sOa3WvnnxF9w=,DZr2SbKWYlidgO9nFsPBMvxBxtg=
-169,197,WrBK89lsJeSqAS1sOa3WvnnxF9w=,DZr2SbKWYlidgO9nFsPBMvxBxtg=
-168,192,WrBK89lsJeSqAS1sOa3WvnnxF9w=,OnIedartJEBDqY015TshspUTg3k=
-164,195,WrBK89lsJeSqAS1sOa3WvnnxF9w=,OnIedartJEBDqY015TshspUTg3k=
-163,195,WrBK89lsJeSqAS1sOa3WvnnxF9w=,OnIedartJEBDqY015TshspUTg3k=
-169,192,WrBK89lsJeSqAS1sOa3WvnnxF9w=,DZr2SbKWYlidgO9nFsPBMvxBxtg=
-165,195,WrBK89lsJeSqAS1sOa3WvnnxF9w=,OnIedartJEBDqY015TshspUTg3k=
-166,195,WrBK89lsJeSqAS1sOa3WvnnxF9w=,OnIedartJEBDqY015TshspUTg3k=
-167,195,WrBK89lsJeSqAS1sOa3WvnnxF9w=,OnIedartJEBDqY015TshspUTg3k=
-168,195,WrBK89lsJeSqAS1sOa3WvnnxF9w=,OnIedartJEBDqY015TshspUTg3k=
-173,205,WrBK89lsJeSqAS1sOa3WvnnxF9w=,ItGqxMSJeh1KsdMvgA0atHVKdjc=
-172,199,WrBK89lsJeSqAS1sOa3WvnnxF9w=,DZr2SbKWYlidgO9nFsPBMvxBxtg=
-161,194,WrBK89lsJeSqAS1sOa3WvnnxF9w=,OnIedartJEBDqY015TshspUTg3k=
-169,204,WrBK89lsJeSqAS1sOa3WvnnxF9w=,ItGqxMSJeh1KsdMvgA0atHVKdjc=
-174,205,WrBK89lsJeSqAS1sOa3WvnnxF9w=,ItGqxMSJeh1KsdMvgA0atHVKdjc=
-170,204,WrBK89lsJeSqAS1sOa3WvnnxF9w=,ItGqxMSJeh1KsdMvgA0atHVKdjc=
-175,205,WrBK89lsJeSqAS1sOa3WvnnxF9w=,ItGqxMSJeh1KsdMvgA0atHVKdjc=
-176,205,WrBK89lsJeSqAS1sOa3WvnnxF9w=,ItGqxMSJeh1KsdMvgA0atHVKdjc=
-161,199,WrBK89lsJeSqAS1sOa3WvnnxF9w=,OnIedartJEBDqY015TshspUTg3k=
-162,194,WrBK89lsJeSqAS1sOa3WvnnxF9w=,OnIedartJEBDqY015TshspUTg3k=
-172,205,WrBK89lsJeSqAS1sOa3WvnnxF9w=,ItGqxMSJeh1KsdMvgA0atHVKdjc=
-173,199,WrBK89lsJeSqAS1sOa3WvnnxF9w=,DZr2SbKWYlidgO9nFsPBMvxBxtg=
-171,204,WrBK89lsJeSqAS1sOa3WvnnxF9w=,ItGqxMSJeh1KsdMvgA0atHVKdjc=
-172,204,WrBK89lsJeSqAS1sOa3WvnnxF9w=,ItGqxMSJeh1KsdMvgA0atHVKdjc=
-173,204,WrBK89lsJeSqAS1sOa3WvnnxF9w=,ItGqxMSJeh1KsdMvgA0atHVKdjc=
-171,205,WrBK89lsJeSqAS1sOa3WvnnxF9w=,ItGqxMSJeh1KsdMvgA0atHVKdjc=
-170,205,WrBK89lsJeSqAS1sOa3WvnnxF9w=,ItGqxMSJeh1KsdMvgA0atHVKdjc=
-162,199,WrBK89lsJeSqAS1sOa3WvnnxF9w=,OnIedartJEBDqY015TshspUTg3k=
-174,204,WrBK89lsJeSqAS1sOa3WvnnxF9w=,ItGqxMSJeh1KsdMvgA0atHVKdjc=
-163,194,WrBK89lsJeSqAS1sOa3WvnnxF9w=,OnIedartJEBDqY015TshspUTg3k=
-163,199,WrBK89lsJeSqAS1sOa3WvnnxF9w=,OnIedartJEBDqY015TshspUTg3k=
-168,203,WrBK89lsJeSqAS1sOa3WvnnxF9w=,PmJarHvZWX+i2mzkVt8x3JnnQ6I=
-168,199,WrBK89lsJeSqAS1sOa3WvnnxF9w=,OnIedartJEBDqY015TshspUTg3k=
-164,199,WrBK89lsJeSqAS1sOa3WvnnxF9w=,OnIedartJEBDqY015TshspUTg3k=
-164,194,WrBK89lsJeSqAS1sOa3WvnnxF9w=,OnIedartJEBDqY015TshspUTg3k=
-169,203,WrBK89lsJeSqAS1sOa3WvnnxF9w=,ItGqxMSJeh1KsdMvgA0atHVKdjc=
-175,204,WrBK89lsJeSqAS1sOa3WvnnxF9w=,ItGqxMSJeh1KsdMvgA0atHVKdjc=
-165,199,WrBK89lsJeSqAS1sOa3WvnnxF9w=,OnIedartJEBDqY015TshspUTg3k=
-171,199,WrBK89lsJeSqAS1sOa3WvnnxF9w=,DZr2SbKWYlidgO9nFsPBMvxBxtg=
-170,203,WrBK89lsJeSqAS1sOa3WvnnxF9w=,ItGqxMSJeh1KsdMvgA0atHVKdjc=
-169,205,WrBK89lsJeSqAS1sOa3WvnnxF9w=,ItGqxMSJeh1KsdMvgA0atHVKdjc=
-168,207,WrBK89lsJeSqAS1sOa3WvnnxF9w=,PmJarHvZWX+i2mzkVt8x3JnnQ6I=
-176,204,WrBK89lsJeSqAS1sOa3WvnnxF9w=,ItGqxMSJeh1KsdMvgA0atHVKdjc=
-166,199,WrBK89lsJeSqAS1sOa3WvnnxF9w=,OnIedartJEBDqY015TshspUTg3k=
-166,194,WrBK89lsJeSqAS1sOa3WvnnxF9w=,OnIedartJEBDqY015TshspUTg3k=
-165,194,WrBK89lsJeSqAS1sOa3WvnnxF9w=,OnIedartJEBDqY015TshspUTg3k=
-171,203,WrBK89lsJeSqAS1sOa3WvnnxF9w=,ItGqxMSJeh1KsdMvgA0atHVKdjc=
-170,199,WrBK89lsJeSqAS1sOa3WvnnxF9w=,DZr2SbKWYlidgO9nFsPBMvxBxtg=
-172,203,WrBK89lsJeSqAS1sOa3WvnnxF9w=,ItGqxMSJeh1KsdMvgA0atHVKdjc=
-173,203,WrBK89lsJeSqAS1sOa3WvnnxF9w=,ItGqxMSJeh1KsdMvgA0atHVKdjc=
-174,199,WrBK89lsJeSqAS1sOa3WvnnxF9w=,DZr2SbKWYlidgO9nFsPBMvxBxtg=
-167,199,WrBK89lsJeSqAS1sOa3WvnnxF9w=,OnIedartJEBDqY015TshspUTg3k=
-175,203,WrBK89lsJeSqAS1sOa3WvnnxF9w=,ItGqxMSJeh1KsdMvgA0atHVKdjc=
-175,199,WrBK89lsJeSqAS1sOa3WvnnxF9w=,DZr2SbKWYlidgO9nFsPBMvxBxtg=
-169,199,WrBK89lsJeSqAS1sOa3WvnnxF9w=,DZr2SbKWYlidgO9nFsPBMvxBxtg=
-167,194,WrBK89lsJeSqAS1sOa3WvnnxF9w=,OnIedartJEBDqY015TshspUTg3k=
-168,206,WrBK89lsJeSqAS1sOa3WvnnxF9w=,PmJarHvZWX+i2mzkVt8x3JnnQ6I=
-168,202,WrBK89lsJeSqAS1sOa3WvnnxF9w=,PmJarHvZWX+i2mzkVt8x3JnnQ6I=
-176,199,WrBK89lsJeSqAS1sOa3WvnnxF9w=,DZr2SbKWYlidgO9nFsPBMvxBxtg=
-176,200,WrBK89lsJeSqAS1sOa3WvnnxF9w=,ItGqxMSJeh1KsdMvgA0atHVKdjc=
-175,200,WrBK89lsJeSqAS1sOa3WvnnxF9w=,ItGqxMSJeh1KsdMvgA0atHVKdjc=
-174,200,WrBK89lsJeSqAS1sOa3WvnnxF9w=,ItGqxMSJeh1KsdMvgA0atHVKdjc=
-168,194,WrBK89lsJeSqAS1sOa3WvnnxF9w=,OnIedartJEBDqY015TshspUTg3k=
-174,203,WrBK89lsJeSqAS1sOa3WvnnxF9w=,ItGqxMSJeh1KsdMvgA0atHVKdjc=
-161,198,WrBK89lsJeSqAS1sOa3WvnnxF9w=,OnIedartJEBDqY015TshspUTg3k=
-162,198,WrBK89lsJeSqAS1sOa3WvnnxF9w=,OnIedartJEBDqY015TshspUTg3k=
-176,203,WrBK89lsJeSqAS1sOa3WvnnxF9w=,ItGqxMSJeh1KsdMvgA0atHVKdjc=
-163,198,WrBK89lsJeSqAS1sOa3WvnnxF9w=,OnIedartJEBDqY015TshspUTg3k=
-161,193,WrBK89lsJeSqAS1sOa3WvnnxF9w=,OnIedartJEBDqY015TshspUTg3k=
-168,201,WrBK89lsJeSqAS1sOa3WvnnxF9w=,PmJarHvZWX+i2mzkVt8x3JnnQ6I=
-164,198,WrBK89lsJeSqAS1sOa3WvnnxF9w=,OnIedartJEBDqY015TshspUTg3k=
-169,202,WrBK89lsJeSqAS1sOa3WvnnxF9w=,ItGqxMSJeh1KsdMvgA0atHVKdjc=
-168,205,WrBK89lsJeSqAS1sOa3WvnnxF9w=,PmJarHvZWX+i2mzkVt8x3JnnQ6I=
-173,200,WrBK89lsJeSqAS1sOa3WvnnxF9w=,ItGqxMSJeh1KsdMvgA0atHVKdjc=
-162,193,WrBK89lsJeSqAS1sOa3WvnnxF9w=,OnIedartJEBDqY015TshspUTg3k=
-169,193,WrBK89lsJeSqAS1sOa3WvnnxF9w=,DZr2SbKWYlidgO9nFsPBMvxBxtg=
-164,193,WrBK89lsJeSqAS1sOa3WvnnxF9w=,OnIedartJEBDqY015TshspUTg3k=
-163,193,WrBK89lsJeSqAS1sOa3WvnnxF9w=,OnIedartJEBDqY015TshspUTg3k=
-168,200,WrBK89lsJeSqAS1sOa3WvnnxF9w=,PmJarHvZWX+i2mzkVt8x3JnnQ6I=
-170,202,WrBK89lsJeSqAS1sOa3WvnnxF9w=,ItGqxMSJeh1KsdMvgA0atHVKdjc=
-169,207,WrBK89lsJeSqAS1sOa3WvnnxF9w=,ItGqxMSJeh1KsdMvgA0atHVKdjc=
-170,207,WrBK89lsJeSqAS1sOa3WvnnxF9w=,ItGqxMSJeh1KsdMvgA0atHVKdjc=
-165,193,WrBK89lsJeSqAS1sOa3WvnnxF9w=,OnIedartJEBDqY015TshspUTg3k=
-171,207,WrBK89lsJeSqAS1sOa3WvnnxF9w=,ItGqxMSJeh1KsdMvgA0atHVKdjc=
-172,200,WrBK89lsJeSqAS1sOa3WvnnxF9w=,ItGqxMSJeh1KsdMvgA0atHVKdjc=
-166,193,WrBK89lsJeSqAS1sOa3WvnnxF9w=,OnIedartJEBDqY015TshspUTg3k=
-167,193,WrBK89lsJeSqAS1sOa3WvnnxF9w=,OnIedartJEBDqY015TshspUTg3k=
-165,198,WrBK89lsJeSqAS1sOa3WvnnxF9w=,OnIedartJEBDqY015TshspUTg3k=
-168,193,WrBK89lsJeSqAS1sOa3WvnnxF9w=,OnIedartJEBDqY015TshspUTg3k=
-171,200,WrBK89lsJeSqAS1sOa3WvnnxF9w=,ItGqxMSJeh1KsdMvgA0atHVKdjc=
-167,198,WrBK89lsJeSqAS1sOa3WvnnxF9w=,OnIedartJEBDqY015TshspUTg3k=
-171,202,WrBK89lsJeSqAS1sOa3WvnnxF9w=,ItGqxMSJeh1KsdMvgA0atHVKdjc=
-172,202,WrBK89lsJeSqAS1sOa3WvnnxF9w=,ItGqxMSJeh1KsdMvgA0atHVKdjc=
-166,198,WrBK89lsJeSqAS1sOa3WvnnxF9w=,OnIedartJEBDqY015TshspUTg3k=
-172,207,WrBK89lsJeSqAS1sOa3WvnnxF9w=,ItGqxMSJeh1KsdMvgA0atHVKdjc=
-168,198,WrBK89lsJeSqAS1sOa3WvnnxF9w=,OnIedartJEBDqY015TshspUTg3k=
-161,197,WrBK89lsJeSqAS1sOa3WvnnxF9w=,OnIedartJEBDqY015TshspUTg3k=
-176,206,WrBK89lsJeSqAS1sOa3WvnnxF9w=,ItGqxMSJeh1KsdMvgA0atHVKdjc=
-173,207,WrBK89lsJeSqAS1sOa3WvnnxF9w=,ItGqxMSJeh1KsdMvgA0atHVKdjc=
-175,202,WrBK89lsJeSqAS1sOa3WvnnxF9w=,ItGqxMSJeh1KsdMvgA0atHVKdjc=
-169,201,WrBK89lsJeSqAS1sOa3WvnnxF9w=,ItGqxMSJeh1KsdMvgA0atHVKdjc=
-176,202,WrBK89lsJeSqAS1sOa3WvnnxF9w=,ItGqxMSJeh1KsdMvgA0atHVKdjc=
-174,202,WrBK89lsJeSqAS1sOa3WvnnxF9w=,ItGqxMSJeh1KsdMvgA0atHVKdjc=
-174,207,WrBK89lsJeSqAS1sOa3WvnnxF9w=,ItGqxMSJeh1KsdMvgA0atHVKdjc=
-173,202,WrBK89lsJeSqAS1sOa3WvnnxF9w=,ItGqxMSJeh1KsdMvgA0atHVKdjc=
-169,206,WrBK89lsJeSqAS1sOa3WvnnxF9w=,ItGqxMSJeh1KsdMvgA0atHVKdjc=
-162,197,WrBK89lsJeSqAS1sOa3WvnnxF9w=,OnIedartJEBDqY015TshspUTg3k=
-170,200,WrBK89lsJeSqAS1sOa3WvnnxF9w=,ItGqxMSJeh1KsdMvgA0atHVKdjc=
-170,201,WrBK89lsJeSqAS1sOa3WvnnxF9w=,ItGqxMSJeh1KsdMvgA0atHVKdjc=
-175,207,WrBK89lsJeSqAS1sOa3WvnnxF9w=,ItGqxMSJeh1KsdMvgA0atHVKdjc=
-170,206,WrBK89lsJeSqAS1sOa3WvnnxF9w=,ItGqxMSJeh1KsdMvgA0atHVKdjc=
-171,206,WrBK89lsJeSqAS1sOa3WvnnxF9w=,ItGqxMSJeh1KsdMvgA0atHVKdjc=
-168,204,WrBK89lsJeSqAS1sOa3WvnnxF9w=,PmJarHvZWX+i2mzkVt8x3JnnQ6I=
-163,197,WrBK89lsJeSqAS1sOa3WvnnxF9w=,OnIedartJEBDqY015TshspUTg3k=
-176,207,WrBK89lsJeSqAS1sOa3WvnnxF9w=,ItGqxMSJeh1KsdMvgA0atHVKdjc=
-175,206,WrBK89lsJeSqAS1sOa3WvnnxF9w=,ItGqxMSJeh1KsdMvgA0atHVKdjc=
-176,201,WrBK89lsJeSqAS1sOa3WvnnxF9w=,ItGqxMSJeh1KsdMvgA0atHVKdjc=
-169,200,WrBK89lsJeSqAS1sOa3WvnnxF9w=,ItGqxMSJeh1KsdMvgA0atHVKdjc=
-175,201,WrBK89lsJeSqAS1sOa3WvnnxF9w=,ItGqxMSJeh1KsdMvgA0atHVKdjc=
-174,201,WrBK89lsJeSqAS1sOa3WvnnxF9w=,ItGqxMSJeh1KsdMvgA0atHVKdjc=
-171,201,WrBK89lsJeSqAS1sOa3WvnnxF9w=,ItGqxMSJeh1KsdMvgA0atHVKdjc=
-164,197,WrBK89lsJeSqAS1sOa3WvnnxF9w=,OnIedartJEBDqY015TshspUTg3k=
-161,192,WrBK89lsJeSqAS1sOa3WvnnxF9w=,OnIedartJEBDqY015TshspUTg3k=
-173,206,WrBK89lsJeSqAS1sOa3WvnnxF9w=,ItGqxMSJeh1KsdMvgA0atHVKdjc=
-162,192,WrBK89lsJeSqAS1sOa3WvnnxF9w=,OnIedartJEBDqY015TshspUTg3k=
-172,206,WrBK89lsJeSqAS1sOa3WvnnxF9w=,ItGqxMSJeh1KsdMvgA0atHVKdjc=
-167,197,WrBK89lsJeSqAS1sOa3WvnnxF9w=,OnIedartJEBDqY015TshspUTg3k=
-174,206,WrBK89lsJeSqAS1sOa3WvnnxF9w=,ItGqxMSJeh1KsdMvgA0atHVKdjc=
-173,201,WrBK89lsJeSqAS1sOa3WvnnxF9w=,ItGqxMSJeh1KsdMvgA0atHVKdjc=
-165,197,WrBK89lsJeSqAS1sOa3WvnnxF9w=,OnIedartJEBDqY015TshspUTg3k=
-172,201,WrBK89lsJeSqAS1sOa3WvnnxF9w=,ItGqxMSJeh1KsdMvgA0atHVKdjc=
-166,197,WrBK89lsJeSqAS1sOa3WvnnxF9w=,OnIedartJEBDqY015TshspUTg3k=
-168,197,WrBK89lsJeSqAS1sOa3WvnnxF9w=,OnIedartJEBDqY015TshspUTg3k=
-169,198,WrBK89lsJeSqAS1sOa3WvnnxF9w=,DZr2SbKWYlidgO9nFsPBMvxBxtg=
-161,196,WrBK89lsJeSqAS1sOa3WvnnxF9w=,OnIedartJEBDqY015TshspUTg3k=
-163,196,WrBK89lsJeSqAS1sOa3WvnnxF9w=,OnIedartJEBDqY015TshspUTg3k=
-162,200,WrBK89lsJeSqAS1sOa3WvnnxF9w=,PmJarHvZWX+i2mzkVt8x3JnnQ6I=
-161,200,WrBK89lsJeSqAS1sOa3WvnnxF9w=,PmJarHvZWX+i2mzkVt8x3JnnQ6I=
-162,196,WrBK89lsJeSqAS1sOa3WvnnxF9w=,OnIedartJEBDqY015TshspUTg3k=
-163,200,WrBK89lsJeSqAS1sOa3WvnnxF9w=,PmJarHvZWX+i2mzkVt8x3JnnQ6I=
-163,192,WrBK89lsJeSqAS1sOa3WvnnxF9w=,OnIedartJEBDqY015TshspUTg3k=
-164,192,WrBK89lsJeSqAS1sOa3WvnnxF9w=,OnIedartJEBDqY015TshspUTg3k=
-164,196,WrBK89lsJeSqAS1sOa3WvnnxF9w=,OnIedartJEBDqY015TshspUTg3k=
-165,196,WrBK89lsJeSqAS1sOa3WvnnxF9w=,OnIedartJEBDqY015TshspUTg3k=
-164,200,WrBK89lsJeSqAS1sOa3WvnnxF9w=,PmJarHvZWX+i2mzkVt8x3JnnQ6I=
-166,196,WrBK89lsJeSqAS1sOa3WvnnxF9w=,OnIedartJEBDqY015TshspUTg3k=
-165,192,WrBK89lsJeSqAS1sOa3WvnnxF9w=,OnIedartJEBDqY015TshspUTg3k=
-166,192,WrBK89lsJeSqAS1sOa3WvnnxF9w=,OnIedartJEBDqY015TshspUTg3k=
-165,200,WrBK89lsJeSqAS1sOa3WvnnxF9w=,PmJarHvZWX+i2mzkVt8x3JnnQ6I=
-166,200,WrBK89lsJeSqAS1sOa3WvnnxF9w=,PmJarHvZWX+i2mzkVt8x3JnnQ6I=
-169,195,WrBK89lsJeSqAS1sOa3WvnnxF9w=,DZr2SbKWYlidgO9nFsPBMvxBxtg=
-167,200,WrBK89lsJeSqAS1sOa3WvnnxF9w=,PmJarHvZWX+i2mzkVt8x3JnnQ6I=
-167,192,WrBK89lsJeSqAS1sOa3WvnnxF9w=,OnIedartJEBDqY015TshspUTg3k=
-167,196,WrBK89lsJeSqAS1sOa3WvnnxF9w=,OnIedartJEBDqY015TshspUTg3k=
-168,196,WrBK89lsJeSqAS1sOa3WvnnxF9w=,OnIedartJEBDqY015TshspUTg3k=
-162,195,WrBK89lsJeSqAS1sOa3WvnnxF9w=,OnIedartJEBDqY015TshspUTg3k=
-161,195,WrBK89lsJeSqAS1sOa3WvnnxF9w=,OnIedartJEBDqY015TshspUTg3k=
