-4,43,pq+EKIl5O6nY/EIyLK4SinI5sHA=,nw511ombGuDHjU8XfuvX1Anu76I=
-12,43,pq+EKIl5O6nY/EIyLK4SinI5sHA=,DhHWMjVXYAf6IsO0chThm8AAukw=
-11,43,pq+EKIl5O6nY/EIyLK4SinI5sHA=,DhHWMjVXYAf6IsO0chThm8AAukw=
-10,43,pq+EKIl5O6nY/EIyLK4SinI5sHA=,DhHWMjVXYAf6IsO0chThm8AAukw=
-8,44,pq+EKIl5O6nY/EIyLK4SinI5sHA=,nw511ombGuDHjU8XfuvX1Anu76I=
-9,43,pq+EKIl5O6nY/EIyLK4SinI5sHA=,DhHWMjVXYAf6IsO0chThm8AAukw=
-15,44,pq+EKIl5O6nY/EIyLK4SinI5sHA=,DhHWMjVXYAf6IsO0chThm8AAukw=
-14,44,pq+EKIl5O6nY/EIyLK4SinI5sHA=,DhHWMjVXYAf6IsO0chThm8AAukw=
-13,44,pq+EKIl5O6nY/EIyLK4SinI5sHA=,DhHWMjVXYAf6IsO0chThm8AAukw=
-12,44,pq+EKIl5O6nY/EIyLK4SinI5sHA=,DhHWMjVXYAf6IsO0chThm8AAukw=
-11,44,pq+EKIl5O6nY/EIyLK4SinI5sHA=,DhHWMjVXYAf6IsO0chThm8AAukw=
-10,44,pq+EKIl5O6nY/EIyLK4SinI5sHA=,DhHWMjVXYAf6IsO0chThm8AAukw=
-9,44,pq+EKIl5O6nY/EIyLK4SinI5sHA=,DhHWMjVXYAf6IsO0chThm8AAukw=
-15,45,pq+EKIl5O6nY/EIyLK4SinI5sHA=,DhHWMjVXYAf6IsO0chThm8AAukw=
-8,45,pq+EKIl5O6nY/EIyLK4SinI5sHA=,nw511ombGuDHjU8XfuvX1Anu76I=
-14,45,pq+EKIl5O6nY/EIyLK4SinI5sHA=,DhHWMjVXYAf6IsO0chThm8AAukw=
-13,45,pq+EKIl5O6nY/EIyLK4SinI5sHA=,DhHWMjVXYAf6IsO0chThm8AAukw=
-12,45,pq+EKIl5O6nY/EIyLK4SinI5sHA=,DhHWMjVXYAf6IsO0chThm8AAukw=
-11,45,pq+EKIl5O6nY/EIyLK4SinI5sHA=,DhHWMjVXYAf6IsO0chThm8AAukw=
-10,45,pq+EKIl5O6nY/EIyLK4SinI5sHA=,DhHWMjVXYAf6IsO0chThm8AAukw=
-9,45,pq+EKIl5O6nY/EIyLK4SinI5sHA=,DhHWMjVXYAf6IsO0chThm8AAukw=
-15,41,pq+EKIl5O6nY/EIyLK4SinI5sHA=,DhHWMjVXYAf6IsO0chThm8AAukw=
-14,41,pq+EKIl5O6nY/EIyLK4SinI5sHA=,DhHWMjVXYAf6IsO0chThm8AAukw=
-15,46,pq+EKIl5O6nY/EIyLK4SinI5sHA=,DhHWMjVXYAf6IsO0chThm8AAukw=
-14,46,pq+EKIl5O6nY/EIyLK4SinI5sHA=,DhHWMjVXYAf6IsO0chThm8AAukw=
-13,46,pq+EKIl5O6nY/EIyLK4SinI5sHA=,DhHWMjVXYAf6IsO0chThm8AAukw=
-12,46,pq+EKIl5O6nY/EIyLK4SinI5sHA=,DhHWMjVXYAf6IsO0chThm8AAukw=
-13,41,pq+EKIl5O6nY/EIyLK4SinI5sHA=,DhHWMjVXYAf6IsO0chThm8AAukw=
-12,41,pq+EKIl5O6nY/EIyLK4SinI5sHA=,DhHWMjVXYAf6IsO0chThm8AAukw=
-8,46,pq+EKIl5O6nY/EIyLK4SinI5sHA=,nw511ombGuDHjU8XfuvX1Anu76I=
-11,41,pq+EKIl5O6nY/EIyLK4SinI5sHA=,DhHWMjVXYAf6IsO0chThm8AAukw=
-11,46,pq+EKIl5O6nY/EIyLK4SinI5sHA=,DhHWMjVXYAf6IsO0chThm8AAukw=
-10,46,pq+EKIl5O6nY/EIyLK4SinI5sHA=,DhHWMjVXYAf6IsO0chThm8AAukw=
-10,41,pq+EKIl5O6nY/EIyLK4SinI5sHA=,DhHWMjVXYAf6IsO0chThm8AAukw=
-9,41,pq+EKIl5O6nY/EIyLK4SinI5sHA=,DhHWMjVXYAf6IsO0chThm8AAukw=
-8,41,pq+EKIl5O6nY/EIyLK4SinI5sHA=,nw511ombGuDHjU8XfuvX1Anu76I=
-9,46,pq+EKIl5O6nY/EIyLK4SinI5sHA=,DhHWMjVXYAf6IsO0chThm8AAukw=
-15,42,pq+EKIl5O6nY/EIyLK4SinI5sHA=,DhHWMjVXYAf6IsO0chThm8AAukw=
-14,42,pq+EKIl5O6nY/EIyLK4SinI5sHA=,DhHWMjVXYAf6IsO0chThm8AAukw=
-13,42,pq+EKIl5O6nY/EIyLK4SinI5sHA=,DhHWMjVXYAf6IsO0chThm8AAukw=
-12,42,pq+EKIl5O6nY/EIyLK4SinI5sHA=,DhHWMjVXYAf6IsO0chThm8AAukw=
-8,42,pq+EKIl5O6nY/EIyLK4SinI5sHA=,nw511ombGuDHjU8XfuvX1Anu76I=
-11,42,pq+EKIl5O6nY/EIyLK4SinI5sHA=,DhHWMjVXYAf6IsO0chThm8AAukw=
-10,42,pq+EKIl5O6nY/EIyLK4SinI5sHA=,DhHWMjVXYAf6IsO0chThm8AAukw=
-8,43,pq+EKIl5O6nY/EIyLK4SinI5sHA=,nw511ombGuDHjU8XfuvX1Anu76I=
-9,42,pq+EKIl5O6nY/EIyLK4SinI5sHA=,DhHWMjVXYAf6IsO0chThm8AAukw=
-15,43,pq+EKIl5O6nY/EIyLK4SinI5sHA=,DhHWMjVXYAf6IsO0chThm8AAukw=
-14,43,pq+EKIl5O6nY/EIyLK4SinI5sHA=,DhHWMjVXYAf6IsO0chThm8AAukw=
-13,43,pq+EKIl5O6nY/EIyLK4SinI5sHA=,DhHWMjVXYAf6IsO0chThm8AAukw=
-1,43,pq+EKIl5O6nY/EIyLK4SinI5sHA=,nw511ombGuDHjU8XfuvX1Anu76I=
-1,44,pq+EKIl5O6nY/EIyLK4SinI5sHA=,nw511ombGuDHjU8XfuvX1Anu76I=
-1,45,pq+EKIl5O6nY/EIyLK4SinI5sHA=,nw511ombGuDHjU8XfuvX1Anu76I=
-1,41,pq+EKIl5O6nY/EIyLK4SinI5sHA=,nw511ombGuDHjU8XfuvX1Anu76I=
-1,42,pq+EKIl5O6nY/EIyLK4SinI5sHA=,nw511ombGuDHjU8XfuvX1Anu76I=
-1,46,pq+EKIl5O6nY/EIyLK4SinI5sHA=,nw511ombGuDHjU8XfuvX1Anu76I=
-16,45,pq+EKIl5O6nY/EIyLK4SinI5sHA=,DhHWMjVXYAf6IsO0chThm8AAukw=
-16,44,pq+EKIl5O6nY/EIyLK4SinI5sHA=,DhHWMjVXYAf6IsO0chThm8AAukw=
-16,41,pq+EKIl5O6nY/EIyLK4SinI5sHA=,DhHWMjVXYAf6IsO0chThm8AAukw=
-16,46,pq+EKIl5O6nY/EIyLK4SinI5sHA=,DhHWMjVXYAf6IsO0chThm8AAukw=
-16,43,pq+EKIl5O6nY/EIyLK4SinI5sHA=,DhHWMjVXYAf6IsO0chThm8AAukw=
-16,42,pq+EKIl5O6nY/EIyLK4SinI5sHA=,DhHWMjVXYAf6IsO0chThm8AAukw=
-7,47,pq+EKIl5O6nY/EIyLK4SinI5sHA=,nw511ombGuDHjU8XfuvX1Anu76I=
-4,47,pq+EKIl5O6nY/EIyLK4SinI5sHA=,nw511ombGuDHjU8XfuvX1Anu76I=
-6,47,pq+EKIl5O6nY/EIyLK4SinI5sHA=,nw511ombGuDHjU8XfuvX1Anu76I=
-5,47,pq+EKIl5O6nY/EIyLK4SinI5sHA=,nw511ombGuDHjU8XfuvX1Anu76I=
-3,47,pq+EKIl5O6nY/EIyLK4SinI5sHA=,nw511ombGuDHjU8XfuvX1Anu76I=
-2,47,pq+EKIl5O6nY/EIyLK4SinI5sHA=,nw511ombGuDHjU8XfuvX1Anu76I=
-1,47,pq+EKIl5O6nY/EIyLK4SinI5sHA=,nw511ombGuDHjU8XfuvX1Anu76I=
-15,47,pq+EKIl5O6nY/EIyLK4SinI5sHA=,DhHWMjVXYAf6IsO0chThm8AAukw=
-14,47,pq+EKIl5O6nY/EIyLK4SinI5sHA=,DhHWMjVXYAf6IsO0chThm8AAukw=
-13,47,pq+EKIl5O6nY/EIyLK4SinI5sHA=,DhHWMjVXYAf6IsO0chThm8AAukw=
-12,47,pq+EKIl5O6nY/EIyLK4SinI5sHA=,DhHWMjVXYAf6IsO0chThm8AAukw=
-8,47,pq+EKIl5O6nY/EIyLK4SinI5sHA=,nw511ombGuDHjU8XfuvX1Anu76I=
-11,47,pq+EKIl5O6nY/EIyLK4SinI5sHA=,DhHWMjVXYAf6IsO0chThm8AAukw=
-10,47,pq+EKIl5O6nY/EIyLK4SinI5sHA=,DhHWMjVXYAf6IsO0chThm8AAukw=
-16,47,pq+EKIl5O6nY/EIyLK4SinI5sHA=,DhHWMjVXYAf6IsO0chThm8AAukw=
-9,47,pq+EKIl5O6nY/EIyLK4SinI5sHA=,DhHWMjVXYAf6IsO0chThm8AAukw=
-5,43,pq+EKIl5O6nY/EIyLK4SinI5sHA=,nw511ombGuDHjU8XfuvX1Anu76I=
-6,43,pq+EKIl5O6nY/EIyLK4SinI5sHA=,nw511ombGuDHjU8XfuvX1Anu76I=
-2,42,pq+EKIl5O6nY/EIyLK4SinI5sHA=,nw511ombGuDHjU8XfuvX1Anu76I=
-2,46,pq+EKIl5O6nY/EIyLK4SinI5sHA=,nw511ombGuDHjU8XfuvX1Anu76I=
-7,43,pq+EKIl5O6nY/EIyLK4SinI5sHA=,nw511ombGuDHjU8XfuvX1Anu76I=
-3,42,pq+EKIl5O6nY/EIyLK4SinI5sHA=,nw511ombGuDHjU8XfuvX1Anu76I=
-4,42,pq+EKIl5O6nY/EIyLK4SinI5sHA=,nw511ombGuDHjU8XfuvX1Anu76I=
-5,42,pq+EKIl5O6nY/EIyLK4SinI5sHA=,nw511ombGuDHjU8XfuvX1Anu76I=
-6,42,pq+EKIl5O6nY/EIyLK4SinI5sHA=,nw511ombGuDHjU8XfuvX1Anu76I=
-3,46,pq+EKIl5O6nY/EIyLK4SinI5sHA=,nw511ombGuDHjU8XfuvX1Anu76I=
-2,41,pq+EKIl5O6nY/EIyLK4SinI5sHA=,nw511ombGuDHjU8XfuvX1Anu76I=
-3,41,pq+EKIl5O6nY/EIyLK4SinI5sHA=,nw511ombGuDHjU8XfuvX1Anu76I=
-4,41,pq+EKIl5O6nY/EIyLK4SinI5sHA=,nw511ombGuDHjU8XfuvX1Anu76I=
-5,41,pq+EKIl5O6nY/EIyLK4SinI5sHA=,nw511ombGuDHjU8XfuvX1Anu76I=
-6,41,pq+EKIl5O6nY/EIyLK4SinI5sHA=,nw511ombGuDHjU8XfuvX1Anu76I=
-7,41,pq+EKIl5O6nY/EIyLK4SinI5sHA=,nw511ombGuDHjU8XfuvX1Anu76I=
-4,46,pq+EKIl5O6nY/EIyLK4SinI5sHA=,nw511ombGuDHjU8XfuvX1Anu76I=
-6,46,pq+EKIl5O6nY/EIyLK4SinI5sHA=,nw511ombGuDHjU8XfuvX1Anu76I=
-5,46,pq+EKIl5O6nY/EIyLK4SinI5sHA=,nw511ombGuDHjU8XfuvX1Anu76I=
-7,46,pq+EKIl5O6nY/EIyLK4SinI5sHA=,nw511ombGuDHjU8XfuvX1Anu76I=
-2,45,pq+EKIl5O6nY/EIyLK4SinI5sHA=,nw511ombGuDHjU8XfuvX1Anu76I=
-3,45,pq+EKIl5O6nY/EIyLK4SinI5sHA=,nw511ombGuDHjU8XfuvX1Anu76I=
-4,45,pq+EKIl5O6nY/EIyLK4SinI5sHA=,nw511ombGuDHjU8XfuvX1Anu76I=
-7,42,pq+EKIl5O6nY/EIyLK4SinI5sHA=,nw511ombGuDHjU8XfuvX1Anu76I=
-5,45,pq+EKIl5O6nY/EIyLK4SinI5sHA=,nw511ombGuDHjU8XfuvX1Anu76I=
-6,45,pq+EKIl5O6nY/EIyLK4SinI5sHA=,nw511ombGuDHjU8XfuvX1Anu76I=
-7,45,pq+EKIl5O6nY/EIyLK4SinI5sHA=,nw511ombGuDHjU8XfuvX1Anu76I=
-2,44,pq+EKIl5O6nY/EIyLK4SinI5sHA=,nw511ombGuDHjU8XfuvX1Anu76I=
-3,44,pq+EKIl5O6nY/EIyLK4SinI5sHA=,nw511ombGuDHjU8XfuvX1Anu76I=
-4,44,pq+EKIl5O6nY/EIyLK4SinI5sHA=,nw511ombGuDHjU8XfuvX1Anu76I=
-5,44,pq+EKIl5O6nY/EIyLK4SinI5sHA=,nw511ombGuDHjU8XfuvX1Anu76I=
-6,44,pq+EKIl5O6nY/EIyLK4SinI5sHA=,nw511ombGuDHjU8XfuvX1Anu76I=
-7,44,pq+EKIl5O6nY/EIyLK4SinI5sHA=,nw511ombGuDHjU8XfuvX1Anu76I=
-2,43,pq+EKIl5O6nY/EIyLK4SinI5sHA=,nw511ombGuDHjU8XfuvX1Anu76I=
-3,43,pq+EKIl5O6nY/EIyLK4SinI5sHA=,nw511ombGuDHjU8XfuvX1Anu76I=
-4,35,pq+EKIl5O6nY/EIyLK4SinI5sHA=,VrlGmzmZAL706NclenZWgPesJB0=
-3,35,pq+EKIl5O6nY/EIyLK4SinI5sHA=,VrlGmzmZAL706NclenZWgPesJB0=
-2,35,pq+EKIl5O6nY/EIyLK4SinI5sHA=,VrlGmzmZAL706NclenZWgPesJB0=
-1,35,pq+EKIl5O6nY/EIyLK4SinI5sHA=,VrlGmzmZAL706NclenZWgPesJB0=
-7,36,pq+EKIl5O6nY/EIyLK4SinI5sHA=,VrlGmzmZAL706NclenZWgPesJB0=
-6,36,pq+EKIl5O6nY/EIyLK4SinI5sHA=,VrlGmzmZAL706NclenZWgPesJB0=
-5,36,pq+EKIl5O6nY/EIyLK4SinI5sHA=,VrlGmzmZAL706NclenZWgPesJB0=
-4,36,pq+EKIl5O6nY/EIyLK4SinI5sHA=,VrlGmzmZAL706NclenZWgPesJB0=
-3,36,pq+EKIl5O6nY/EIyLK4SinI5sHA=,VrlGmzmZAL706NclenZWgPesJB0=
-2,36,pq+EKIl5O6nY/EIyLK4SinI5sHA=,VrlGmzmZAL706NclenZWgPesJB0=
-1,36,pq+EKIl5O6nY/EIyLK4SinI5sHA=,VrlGmzmZAL706NclenZWgPesJB0=
-5,35,pq+EKIl5O6nY/EIyLK4SinI5sHA=,VrlGmzmZAL706NclenZWgPesJB0=
-7,37,pq+EKIl5O6nY/EIyLK4SinI5sHA=,VrlGmzmZAL706NclenZWgPesJB0=
-6,37,pq+EKIl5O6nY/EIyLK4SinI5sHA=,VrlGmzmZAL706NclenZWgPesJB0=
-7,32,pq+EKIl5O6nY/EIyLK4SinI5sHA=,VrlGmzmZAL706NclenZWgPesJB0=
-6,32,pq+EKIl5O6nY/EIyLK4SinI5sHA=,VrlGmzmZAL706NclenZWgPesJB0=
-5,37,pq+EKIl5O6nY/EIyLK4SinI5sHA=,VrlGmzmZAL706NclenZWgPesJB0=
-4,37,pq+EKIl5O6nY/EIyLK4SinI5sHA=,VrlGmzmZAL706NclenZWgPesJB0=
-3,37,pq+EKIl5O6nY/EIyLK4SinI5sHA=,VrlGmzmZAL706NclenZWgPesJB0=
-6,35,pq+EKIl5O6nY/EIyLK4SinI5sHA=,VrlGmzmZAL706NclenZWgPesJB0=
-5,32,pq+EKIl5O6nY/EIyLK4SinI5sHA=,VrlGmzmZAL706NclenZWgPesJB0=
-4,32,pq+EKIl5O6nY/EIyLK4SinI5sHA=,VrlGmzmZAL706NclenZWgPesJB0=
-3,32,pq+EKIl5O6nY/EIyLK4SinI5sHA=,VrlGmzmZAL706NclenZWgPesJB0=
-2,37,pq+EKIl5O6nY/EIyLK4SinI5sHA=,VrlGmzmZAL706NclenZWgPesJB0=
-2,32,pq+EKIl5O6nY/EIyLK4SinI5sHA=,VrlGmzmZAL706NclenZWgPesJB0=
-1,37,pq+EKIl5O6nY/EIyLK4SinI5sHA=,VrlGmzmZAL706NclenZWgPesJB0=
-7,40,pq+EKIl5O6nY/EIyLK4SinI5sHA=,nw511ombGuDHjU8XfuvX1Anu76I=
-6,40,pq+EKIl5O6nY/EIyLK4SinI5sHA=,nw511ombGuDHjU8XfuvX1Anu76I=
-5,40,pq+EKIl5O6nY/EIyLK4SinI5sHA=,nw511ombGuDHjU8XfuvX1Anu76I=
-1,32,pq+EKIl5O6nY/EIyLK4SinI5sHA=,VrlGmzmZAL706NclenZWgPesJB0=
-4,40,pq+EKIl5O6nY/EIyLK4SinI5sHA=,nw511ombGuDHjU8XfuvX1Anu76I=
-3,40,pq+EKIl5O6nY/EIyLK4SinI5sHA=,nw511ombGuDHjU8XfuvX1Anu76I=
-2,40,pq+EKIl5O6nY/EIyLK4SinI5sHA=,nw511ombGuDHjU8XfuvX1Anu76I=
-1,40,pq+EKIl5O6nY/EIyLK4SinI5sHA=,nw511ombGuDHjU8XfuvX1Anu76I=
-7,33,pq+EKIl5O6nY/EIyLK4SinI5sHA=,VrlGmzmZAL706NclenZWgPesJB0=
-6,33,pq+EKIl5O6nY/EIyLK4SinI5sHA=,VrlGmzmZAL706NclenZWgPesJB0=
-5,33,pq+EKIl5O6nY/EIyLK4SinI5sHA=,VrlGmzmZAL706NclenZWgPesJB0=
-7,38,pq+EKIl5O6nY/EIyLK4SinI5sHA=,VrlGmzmZAL706NclenZWgPesJB0=
-4,33,pq+EKIl5O6nY/EIyLK4SinI5sHA=,VrlGmzmZAL706NclenZWgPesJB0=
-6,38,pq+EKIl5O6nY/EIyLK4SinI5sHA=,VrlGmzmZAL706NclenZWgPesJB0=
-5,38,pq+EKIl5O6nY/EIyLK4SinI5sHA=,VrlGmzmZAL706NclenZWgPesJB0=
-3,33,pq+EKIl5O6nY/EIyLK4SinI5sHA=,VrlGmzmZAL706NclenZWgPesJB0=
-2,33,pq+EKIl5O6nY/EIyLK4SinI5sHA=,VrlGmzmZAL706NclenZWgPesJB0=
-4,38,pq+EKIl5O6nY/EIyLK4SinI5sHA=,VrlGmzmZAL706NclenZWgPesJB0=
-1,33,pq+EKIl5O6nY/EIyLK4SinI5sHA=,VrlGmzmZAL706NclenZWgPesJB0=
-3,38,pq+EKIl5O6nY/EIyLK4SinI5sHA=,VrlGmzmZAL706NclenZWgPesJB0=
-2,38,pq+EKIl5O6nY/EIyLK4SinI5sHA=,VrlGmzmZAL706NclenZWgPesJB0=
-1,38,pq+EKIl5O6nY/EIyLK4SinI5sHA=,VrlGmzmZAL706NclenZWgPesJB0=
-7,34,pq+EKIl5O6nY/EIyLK4SinI5sHA=,VrlGmzmZAL706NclenZWgPesJB0=
-7,39,pq+EKIl5O6nY/EIyLK4SinI5sHA=,VrlGmzmZAL706NclenZWgPesJB0=
-6,34,pq+EKIl5O6nY/EIyLK4SinI5sHA=,VrlGmzmZAL706NclenZWgPesJB0=
-5,34,pq+EKIl5O6nY/EIyLK4SinI5sHA=,VrlGmzmZAL706NclenZWgPesJB0=
-4,34,pq+EKIl5O6nY/EIyLK4SinI5sHA=,VrlGmzmZAL706NclenZWgPesJB0=
-3,34,pq+EKIl5O6nY/EIyLK4SinI5sHA=,VrlGmzmZAL706NclenZWgPesJB0=
-2,34,pq+EKIl5O6nY/EIyLK4SinI5sHA=,VrlGmzmZAL706NclenZWgPesJB0=
-6,39,pq+EKIl5O6nY/EIyLK4SinI5sHA=,VrlGmzmZAL706NclenZWgPesJB0=
-5,39,pq+EKIl5O6nY/EIyLK4SinI5sHA=,VrlGmzmZAL706NclenZWgPesJB0=
-1,39,pq+EKIl5O6nY/EIyLK4SinI5sHA=,VrlGmzmZAL706NclenZWgPesJB0=
-2,39,pq+EKIl5O6nY/EIyLK4SinI5sHA=,VrlGmzmZAL706NclenZWgPesJB0=
-7,35,pq+EKIl5O6nY/EIyLK4SinI5sHA=,VrlGmzmZAL706NclenZWgPesJB0=
-1,34,pq+EKIl5O6nY/EIyLK4SinI5sHA=,VrlGmzmZAL706NclenZWgPesJB0=
-4,39,pq+EKIl5O6nY/EIyLK4SinI5sHA=,VrlGmzmZAL706NclenZWgPesJB0=
-3,39,pq+EKIl5O6nY/EIyLK4SinI5sHA=,VrlGmzmZAL706NclenZWgPesJB0=
-12,37,pq+EKIl5O6nY/EIyLK4SinI5sHA=,T8QsTWgmRO+ew7Qu5x5qQD0ypNI=
-11,37,pq+EKIl5O6nY/EIyLK4SinI5sHA=,T8QsTWgmRO+ew7Qu5x5qQD0ypNI=
-10,36,pq+EKIl5O6nY/EIyLK4SinI5sHA=,T8QsTWgmRO+ew7Qu5x5qQD0ypNI=
-8,35,pq+EKIl5O6nY/EIyLK4SinI5sHA=,VrlGmzmZAL706NclenZWgPesJB0=
-9,36,pq+EKIl5O6nY/EIyLK4SinI5sHA=,T8QsTWgmRO+ew7Qu5x5qQD0ypNI=
-9,33,pq+EKIl5O6nY/EIyLK4SinI5sHA=,T8QsTWgmRO+ew7Qu5x5qQD0ypNI=
-16,32,pq+EKIl5O6nY/EIyLK4SinI5sHA=,T8QsTWgmRO+ew7Qu5x5qQD0ypNI=
-10,37,pq+EKIl5O6nY/EIyLK4SinI5sHA=,T8QsTWgmRO+ew7Qu5x5qQD0ypNI=
-8,39,pq+EKIl5O6nY/EIyLK4SinI5sHA=,VrlGmzmZAL706NclenZWgPesJB0=
-16,37,pq+EKIl5O6nY/EIyLK4SinI5sHA=,T8QsTWgmRO+ew7Qu5x5qQD0ypNI=
-9,37,pq+EKIl5O6nY/EIyLK4SinI5sHA=,T8QsTWgmRO+ew7Qu5x5qQD0ypNI=
-8,34,pq+EKIl5O6nY/EIyLK4SinI5sHA=,VrlGmzmZAL706NclenZWgPesJB0=
-13,37,pq+EKIl5O6nY/EIyLK4SinI5sHA=,T8QsTWgmRO+ew7Qu5x5qQD0ypNI=
-14,33,pq+EKIl5O6nY/EIyLK4SinI5sHA=,T8QsTWgmRO+ew7Qu5x5qQD0ypNI=
-14,37,pq+EKIl5O6nY/EIyLK4SinI5sHA=,T8QsTWgmRO+ew7Qu5x5qQD0ypNI=
-16,38,pq+EKIl5O6nY/EIyLK4SinI5sHA=,T8QsTWgmRO+ew7Qu5x5qQD0ypNI=
-15,38,pq+EKIl5O6nY/EIyLK4SinI5sHA=,T8QsTWgmRO+ew7Qu5x5qQD0ypNI=
-10,33,pq+EKIl5O6nY/EIyLK4SinI5sHA=,T8QsTWgmRO+ew7Qu5x5qQD0ypNI=
-15,33,pq+EKIl5O6nY/EIyLK4SinI5sHA=,T8QsTWgmRO+ew7Qu5x5qQD0ypNI=
-16,36,pq+EKIl5O6nY/EIyLK4SinI5sHA=,T8QsTWgmRO+ew7Qu5x5qQD0ypNI=
-11,33,pq+EKIl5O6nY/EIyLK4SinI5sHA=,T8QsTWgmRO+ew7Qu5x5qQD0ypNI=
-11,36,pq+EKIl5O6nY/EIyLK4SinI5sHA=,T8QsTWgmRO+ew7Qu5x5qQD0ypNI=
-15,37,pq+EKIl5O6nY/EIyLK4SinI5sHA=,T8QsTWgmRO+ew7Qu5x5qQD0ypNI=
-8,38,pq+EKIl5O6nY/EIyLK4SinI5sHA=,VrlGmzmZAL706NclenZWgPesJB0=
-15,36,pq+EKIl5O6nY/EIyLK4SinI5sHA=,T8QsTWgmRO+ew7Qu5x5qQD0ypNI=
-8,33,pq+EKIl5O6nY/EIyLK4SinI5sHA=,VrlGmzmZAL706NclenZWgPesJB0=
-8,40,pq+EKIl5O6nY/EIyLK4SinI5sHA=,nw511ombGuDHjU8XfuvX1Anu76I=
-16,33,pq+EKIl5O6nY/EIyLK4SinI5sHA=,T8QsTWgmRO+ew7Qu5x5qQD0ypNI=
-16,34,pq+EKIl5O6nY/EIyLK4SinI5sHA=,T8QsTWgmRO+ew7Qu5x5qQD0ypNI=
-14,32,pq+EKIl5O6nY/EIyLK4SinI5sHA=,T8QsTWgmRO+ew7Qu5x5qQD0ypNI=
-9,35,pq+EKIl5O6nY/EIyLK4SinI5sHA=,T8QsTWgmRO+ew7Qu5x5qQD0ypNI=
-12,32,pq+EKIl5O6nY/EIyLK4SinI5sHA=,T8QsTWgmRO+ew7Qu5x5qQD0ypNI=
-14,38,pq+EKIl5O6nY/EIyLK4SinI5sHA=,T8QsTWgmRO+ew7Qu5x5qQD0ypNI=
-10,35,pq+EKIl5O6nY/EIyLK4SinI5sHA=,T8QsTWgmRO+ew7Qu5x5qQD0ypNI=
-16,35,pq+EKIl5O6nY/EIyLK4SinI5sHA=,T8QsTWgmRO+ew7Qu5x5qQD0ypNI=
-11,35,pq+EKIl5O6nY/EIyLK4SinI5sHA=,T8QsTWgmRO+ew7Qu5x5qQD0ypNI=
-9,32,pq+EKIl5O6nY/EIyLK4SinI5sHA=,T8QsTWgmRO+ew7Qu5x5qQD0ypNI=
-8,36,pq+EKIl5O6nY/EIyLK4SinI5sHA=,VrlGmzmZAL706NclenZWgPesJB0=
-13,38,pq+EKIl5O6nY/EIyLK4SinI5sHA=,T8QsTWgmRO+ew7Qu5x5qQD0ypNI=
-12,35,pq+EKIl5O6nY/EIyLK4SinI5sHA=,T8QsTWgmRO+ew7Qu5x5qQD0ypNI=
-15,34,pq+EKIl5O6nY/EIyLK4SinI5sHA=,T8QsTWgmRO+ew7Qu5x5qQD0ypNI=
-13,35,pq+EKIl5O6nY/EIyLK4SinI5sHA=,T8QsTWgmRO+ew7Qu5x5qQD0ypNI=
-13,32,pq+EKIl5O6nY/EIyLK4SinI5sHA=,T8QsTWgmRO+ew7Qu5x5qQD0ypNI=
-8,37,pq+EKIl5O6nY/EIyLK4SinI5sHA=,VrlGmzmZAL706NclenZWgPesJB0=
-10,32,pq+EKIl5O6nY/EIyLK4SinI5sHA=,T8QsTWgmRO+ew7Qu5x5qQD0ypNI=
-8,32,pq+EKIl5O6nY/EIyLK4SinI5sHA=,VrlGmzmZAL706NclenZWgPesJB0=
-14,34,pq+EKIl5O6nY/EIyLK4SinI5sHA=,T8QsTWgmRO+ew7Qu5x5qQD0ypNI=
-14,35,pq+EKIl5O6nY/EIyLK4SinI5sHA=,T8QsTWgmRO+ew7Qu5x5qQD0ypNI=
-9,40,pq+EKIl5O6nY/EIyLK4SinI5sHA=,DhHWMjVXYAf6IsO0chThm8AAukw=
-11,40,pq+EKIl5O6nY/EIyLK4SinI5sHA=,DhHWMjVXYAf6IsO0chThm8AAukw=
-12,36,pq+EKIl5O6nY/EIyLK4SinI5sHA=,T8QsTWgmRO+ew7Qu5x5qQD0ypNI=
-13,40,pq+EKIl5O6nY/EIyLK4SinI5sHA=,DhHWMjVXYAf6IsO0chThm8AAukw=
-14,40,pq+EKIl5O6nY/EIyLK4SinI5sHA=,DhHWMjVXYAf6IsO0chThm8AAukw=
-12,40,pq+EKIl5O6nY/EIyLK4SinI5sHA=,DhHWMjVXYAf6IsO0chThm8AAukw=
-15,40,pq+EKIl5O6nY/EIyLK4SinI5sHA=,DhHWMjVXYAf6IsO0chThm8AAukw=
-10,40,pq+EKIl5O6nY/EIyLK4SinI5sHA=,DhHWMjVXYAf6IsO0chThm8AAukw=
-16,40,pq+EKIl5O6nY/EIyLK4SinI5sHA=,DhHWMjVXYAf6IsO0chThm8AAukw=
-15,35,pq+EKIl5O6nY/EIyLK4SinI5sHA=,T8QsTWgmRO+ew7Qu5x5qQD0ypNI=
-12,33,pq+EKIl5O6nY/EIyLK4SinI5sHA=,T8QsTWgmRO+ew7Qu5x5qQD0ypNI=
-13,34,pq+EKIl5O6nY/EIyLK4SinI5sHA=,T8QsTWgmRO+ew7Qu5x5qQD0ypNI=
-10,39,pq+EKIl5O6nY/EIyLK4SinI5sHA=,T8QsTWgmRO+ew7Qu5x5qQD0ypNI=
-12,34,pq+EKIl5O6nY/EIyLK4SinI5sHA=,T8QsTWgmRO+ew7Qu5x5qQD0ypNI=
-13,36,pq+EKIl5O6nY/EIyLK4SinI5sHA=,T8QsTWgmRO+ew7Qu5x5qQD0ypNI=
-9,39,pq+EKIl5O6nY/EIyLK4SinI5sHA=,T8QsTWgmRO+ew7Qu5x5qQD0ypNI=
-13,39,pq+EKIl5O6nY/EIyLK4SinI5sHA=,T8QsTWgmRO+ew7Qu5x5qQD0ypNI=
-11,39,pq+EKIl5O6nY/EIyLK4SinI5sHA=,T8QsTWgmRO+ew7Qu5x5qQD0ypNI=
-11,34,pq+EKIl5O6nY/EIyLK4SinI5sHA=,T8QsTWgmRO+ew7Qu5x5qQD0ypNI=
-15,32,pq+EKIl5O6nY/EIyLK4SinI5sHA=,T8QsTWgmRO+ew7Qu5x5qQD0ypNI=
-14,39,pq+EKIl5O6nY/EIyLK4SinI5sHA=,T8QsTWgmRO+ew7Qu5x5qQD0ypNI=
-15,39,pq+EKIl5O6nY/EIyLK4SinI5sHA=,T8QsTWgmRO+ew7Qu5x5qQD0ypNI=
-16,39,pq+EKIl5O6nY/EIyLK4SinI5sHA=,T8QsTWgmRO+ew7Qu5x5qQD0ypNI=
-14,36,pq+EKIl5O6nY/EIyLK4SinI5sHA=,T8QsTWgmRO+ew7Qu5x5qQD0ypNI=
-12,38,pq+EKIl5O6nY/EIyLK4SinI5sHA=,T8QsTWgmRO+ew7Qu5x5qQD0ypNI=
-13,33,pq+EKIl5O6nY/EIyLK4SinI5sHA=,T8QsTWgmRO+ew7Qu5x5qQD0ypNI=
-9,38,pq+EKIl5O6nY/EIyLK4SinI5sHA=,T8QsTWgmRO+ew7Qu5x5qQD0ypNI=
-10,38,pq+EKIl5O6nY/EIyLK4SinI5sHA=,T8QsTWgmRO+ew7Qu5x5qQD0ypNI=
-11,32,pq+EKIl5O6nY/EIyLK4SinI5sHA=,T8QsTWgmRO+ew7Qu5x5qQD0ypNI=
-12,39,pq+EKIl5O6nY/EIyLK4SinI5sHA=,T8QsTWgmRO+ew7Qu5x5qQD0ypNI=
-10,34,pq+EKIl5O6nY/EIyLK4SinI5sHA=,T8QsTWgmRO+ew7Qu5x5qQD0ypNI=
-11,38,pq+EKIl5O6nY/EIyLK4SinI5sHA=,T8QsTWgmRO+ew7Qu5x5qQD0ypNI=
-9,34,pq+EKIl5O6nY/EIyLK4SinI5sHA=,T8QsTWgmRO+ew7Qu5x5qQD0ypNI=
-28,43,yAzQ2AZH4cwxNuc/as854IBqZ40=,69jVbivW9wc7JH8aKhanMWM2k2o=
-20,45,yAzQ2AZH4cwxNuc/as854IBqZ40=,HF8gcg7+X1A0/9WqihFMAOvUY+0=
-19,45,yAzQ2AZH4cwxNuc/as854IBqZ40=,HF8gcg7+X1A0/9WqihFMAOvUY+0=
-25,43,yAzQ2AZH4cwxNuc/as854IBqZ40=,69jVbivW9wc7JH8aKhanMWM2k2o=
-24,41,yAzQ2AZH4cwxNuc/as854IBqZ40=,HF8gcg7+X1A0/9WqihFMAOvUY+0=
-23,41,yAzQ2AZH4cwxNuc/as854IBqZ40=,HF8gcg7+X1A0/9WqihFMAOvUY+0=
-18,45,yAzQ2AZH4cwxNuc/as854IBqZ40=,HF8gcg7+X1A0/9WqihFMAOvUY+0=
-22,41,yAzQ2AZH4cwxNuc/as854IBqZ40=,HF8gcg7+X1A0/9WqihFMAOvUY+0=
-21,41,yAzQ2AZH4cwxNuc/as854IBqZ40=,HF8gcg7+X1A0/9WqihFMAOvUY+0=
-20,41,yAzQ2AZH4cwxNuc/as854IBqZ40=,HF8gcg7+X1A0/9WqihFMAOvUY+0=
-24,46,yAzQ2AZH4cwxNuc/as854IBqZ40=,HF8gcg7+X1A0/9WqihFMAOvUY+0=
-19,41,yAzQ2AZH4cwxNuc/as854IBqZ40=,HF8gcg7+X1A0/9WqihFMAOvUY+0=
-18,41,yAzQ2AZH4cwxNuc/as854IBqZ40=,HF8gcg7+X1A0/9WqihFMAOvUY+0=
-24,42,yAzQ2AZH4cwxNuc/as854IBqZ40=,HF8gcg7+X1A0/9WqihFMAOvUY+0=
-22,42,yAzQ2AZH4cwxNuc/as854IBqZ40=,HF8gcg7+X1A0/9WqihFMAOvUY+0=
-23,42,yAzQ2AZH4cwxNuc/as854IBqZ40=,HF8gcg7+X1A0/9WqihFMAOvUY+0=
-23,46,yAzQ2AZH4cwxNuc/as854IBqZ40=,HF8gcg7+X1A0/9WqihFMAOvUY+0=
-21,42,yAzQ2AZH4cwxNuc/as854IBqZ40=,HF8gcg7+X1A0/9WqihFMAOvUY+0=
-22,46,yAzQ2AZH4cwxNuc/as854IBqZ40=,HF8gcg7+X1A0/9WqihFMAOvUY+0=
-21,46,yAzQ2AZH4cwxNuc/as854IBqZ40=,HF8gcg7+X1A0/9WqihFMAOvUY+0=
-20,46,yAzQ2AZH4cwxNuc/as854IBqZ40=,HF8gcg7+X1A0/9WqihFMAOvUY+0=
-25,44,yAzQ2AZH4cwxNuc/as854IBqZ40=,69jVbivW9wc7JH8aKhanMWM2k2o=
-19,46,yAzQ2AZH4cwxNuc/as854IBqZ40=,HF8gcg7+X1A0/9WqihFMAOvUY+0=
-18,46,yAzQ2AZH4cwxNuc/as854IBqZ40=,HF8gcg7+X1A0/9WqihFMAOvUY+0=
-20,42,yAzQ2AZH4cwxNuc/as854IBqZ40=,HF8gcg7+X1A0/9WqihFMAOvUY+0=
-19,42,yAzQ2AZH4cwxNuc/as854IBqZ40=,HF8gcg7+X1A0/9WqihFMAOvUY+0=
-18,42,yAzQ2AZH4cwxNuc/as854IBqZ40=,HF8gcg7+X1A0/9WqihFMAOvUY+0=
-25,45,yAzQ2AZH4cwxNuc/as854IBqZ40=,69jVbivW9wc7JH8aKhanMWM2k2o=
-24,43,yAzQ2AZH4cwxNuc/as854IBqZ40=,HF8gcg7+X1A0/9WqihFMAOvUY+0=
-23,43,yAzQ2AZH4cwxNuc/as854IBqZ40=,HF8gcg7+X1A0/9WqihFMAOvUY+0=
-22,43,yAzQ2AZH4cwxNuc/as854IBqZ40=,HF8gcg7+X1A0/9WqihFMAOvUY+0=
-25,41,yAzQ2AZH4cwxNuc/as854IBqZ40=,69jVbivW9wc7JH8aKhanMWM2k2o=
-21,43,yAzQ2AZH4cwxNuc/as854IBqZ40=,HF8gcg7+X1A0/9WqihFMAOvUY+0=
-20,43,yAzQ2AZH4cwxNuc/as854IBqZ40=,HF8gcg7+X1A0/9WqihFMAOvUY+0=
-25,46,yAzQ2AZH4cwxNuc/as854IBqZ40=,69jVbivW9wc7JH8aKhanMWM2k2o=
-19,43,yAzQ2AZH4cwxNuc/as854IBqZ40=,HF8gcg7+X1A0/9WqihFMAOvUY+0=
-18,43,yAzQ2AZH4cwxNuc/as854IBqZ40=,HF8gcg7+X1A0/9WqihFMAOvUY+0=
-24,44,yAzQ2AZH4cwxNuc/as854IBqZ40=,HF8gcg7+X1A0/9WqihFMAOvUY+0=
-23,44,yAzQ2AZH4cwxNuc/as854IBqZ40=,HF8gcg7+X1A0/9WqihFMAOvUY+0=
-22,44,yAzQ2AZH4cwxNuc/as854IBqZ40=,HF8gcg7+X1A0/9WqihFMAOvUY+0=
-21,44,yAzQ2AZH4cwxNuc/as854IBqZ40=,HF8gcg7+X1A0/9WqihFMAOvUY+0=
-20,44,yAzQ2AZH4cwxNuc/as854IBqZ40=,HF8gcg7+X1A0/9WqihFMAOvUY+0=
-19,44,yAzQ2AZH4cwxNuc/as854IBqZ40=,HF8gcg7+X1A0/9WqihFMAOvUY+0=
-25,42,yAzQ2AZH4cwxNuc/as854IBqZ40=,69jVbivW9wc7JH8aKhanMWM2k2o=
-18,44,yAzQ2AZH4cwxNuc/as854IBqZ40=,HF8gcg7+X1A0/9WqihFMAOvUY+0=
-24,45,yAzQ2AZH4cwxNuc/as854IBqZ40=,HF8gcg7+X1A0/9WqihFMAOvUY+0=
-23,45,yAzQ2AZH4cwxNuc/as854IBqZ40=,HF8gcg7+X1A0/9WqihFMAOvUY+0=
-22,45,yAzQ2AZH4cwxNuc/as854IBqZ40=,HF8gcg7+X1A0/9WqihFMAOvUY+0=
-20,35,yAzQ2AZH4cwxNuc/as854IBqZ40=,fG6yUvWztiq6LUOXnAKXQIJI1a0=
-19,35,yAzQ2AZH4cwxNuc/as854IBqZ40=,fG6yUvWztiq6LUOXnAKXQIJI1a0=
-18,35,yAzQ2AZH4cwxNuc/as854IBqZ40=,fG6yUvWztiq6LUOXnAKXQIJI1a0=
-17,35,yAzQ2AZH4cwxNuc/as854IBqZ40=,fG6yUvWztiq6LUOXnAKXQIJI1a0=
-23,36,yAzQ2AZH4cwxNuc/as854IBqZ40=,fG6yUvWztiq6LUOXnAKXQIJI1a0=
-23,40,yAzQ2AZH4cwxNuc/as854IBqZ40=,HF8gcg7+X1A0/9WqihFMAOvUY+0=
-22,40,yAzQ2AZH4cwxNuc/as854IBqZ40=,HF8gcg7+X1A0/9WqihFMAOvUY+0=
-21,40,yAzQ2AZH4cwxNuc/as854IBqZ40=,HF8gcg7+X1A0/9WqihFMAOvUY+0=
-20,40,yAzQ2AZH4cwxNuc/as854IBqZ40=,HF8gcg7+X1A0/9WqihFMAOvUY+0=
-21,45,yAzQ2AZH4cwxNuc/as854IBqZ40=,HF8gcg7+X1A0/9WqihFMAOvUY+0=
-22,36,yAzQ2AZH4cwxNuc/as854IBqZ40=,fG6yUvWztiq6LUOXnAKXQIJI1a0=
-29,43,yAzQ2AZH4cwxNuc/as854IBqZ40=,69jVbivW9wc7JH8aKhanMWM2k2o=
-21,35,yAzQ2AZH4cwxNuc/as854IBqZ40=,fG6yUvWztiq6LUOXnAKXQIJI1a0=
-19,40,yAzQ2AZH4cwxNuc/as854IBqZ40=,HF8gcg7+X1A0/9WqihFMAOvUY+0=
-18,40,yAzQ2AZH4cwxNuc/as854IBqZ40=,HF8gcg7+X1A0/9WqihFMAOvUY+0=
-21,36,yAzQ2AZH4cwxNuc/as854IBqZ40=,fG6yUvWztiq6LUOXnAKXQIJI1a0=
-31,43,yAzQ2AZH4cwxNuc/as854IBqZ40=,69jVbivW9wc7JH8aKhanMWM2k2o=
-22,35,yAzQ2AZH4cwxNuc/as854IBqZ40=,fG6yUvWztiq6LUOXnAKXQIJI1a0=
-30,43,yAzQ2AZH4cwxNuc/as854IBqZ40=,69jVbivW9wc7JH8aKhanMWM2k2o=
-23,35,yAzQ2AZH4cwxNuc/as854IBqZ40=,fG6yUvWztiq6LUOXnAKXQIJI1a0=
-32,44,yAzQ2AZH4cwxNuc/as854IBqZ40=,69jVbivW9wc7JH8aKhanMWM2k2o=
-20,36,yAzQ2AZH4cwxNuc/as854IBqZ40=,fG6yUvWztiq6LUOXnAKXQIJI1a0=
-19,39,yAzQ2AZH4cwxNuc/as854IBqZ40=,fG6yUvWztiq6LUOXnAKXQIJI1a0=
-26,42,yAzQ2AZH4cwxNuc/as854IBqZ40=,69jVbivW9wc7JH8aKhanMWM2k2o=
-27,42,yAzQ2AZH4cwxNuc/as854IBqZ40=,69jVbivW9wc7JH8aKhanMWM2k2o=
-18,39,yAzQ2AZH4cwxNuc/as854IBqZ40=,fG6yUvWztiq6LUOXnAKXQIJI1a0=
-32,41,yAzQ2AZH4cwxNuc/as854IBqZ40=,69jVbivW9wc7JH8aKhanMWM2k2o=
-32,45,yAzQ2AZH4cwxNuc/as854IBqZ40=,69jVbivW9wc7JH8aKhanMWM2k2o=
-32,46,yAzQ2AZH4cwxNuc/as854IBqZ40=,69jVbivW9wc7JH8aKhanMWM2k2o=
-32,42,yAzQ2AZH4cwxNuc/as854IBqZ40=,69jVbivW9wc7JH8aKhanMWM2k2o=
-32,43,yAzQ2AZH4cwxNuc/as854IBqZ40=,69jVbivW9wc7JH8aKhanMWM2k2o=
-17,34,yAzQ2AZH4cwxNuc/as854IBqZ40=,fG6yUvWztiq6LUOXnAKXQIJI1a0=
-18,34,yAzQ2AZH4cwxNuc/as854IBqZ40=,fG6yUvWztiq6LUOXnAKXQIJI1a0=
-19,36,yAzQ2AZH4cwxNuc/as854IBqZ40=,fG6yUvWztiq6LUOXnAKXQIJI1a0=
-28,42,yAzQ2AZH4cwxNuc/as854IBqZ40=,69jVbivW9wc7JH8aKhanMWM2k2o=
-19,34,yAzQ2AZH4cwxNuc/as854IBqZ40=,fG6yUvWztiq6LUOXnAKXQIJI1a0=
-20,34,yAzQ2AZH4cwxNuc/as854IBqZ40=,fG6yUvWztiq6LUOXnAKXQIJI1a0=
-21,39,yAzQ2AZH4cwxNuc/as854IBqZ40=,fG6yUvWztiq6LUOXnAKXQIJI1a0=
-29,42,yAzQ2AZH4cwxNuc/as854IBqZ40=,69jVbivW9wc7JH8aKhanMWM2k2o=
-22,39,yAzQ2AZH4cwxNuc/as854IBqZ40=,fG6yUvWztiq6LUOXnAKXQIJI1a0=
-30,42,yAzQ2AZH4cwxNuc/as854IBqZ40=,69jVbivW9wc7JH8aKhanMWM2k2o=
-31,42,yAzQ2AZH4cwxNuc/as854IBqZ40=,69jVbivW9wc7JH8aKhanMWM2k2o=
-21,34,yAzQ2AZH4cwxNuc/as854IBqZ40=,fG6yUvWztiq6LUOXnAKXQIJI1a0=
-26,46,yAzQ2AZH4cwxNuc/as854IBqZ40=,69jVbivW9wc7JH8aKhanMWM2k2o=
-27,46,yAzQ2AZH4cwxNuc/as854IBqZ40=,69jVbivW9wc7JH8aKhanMWM2k2o=
-22,34,yAzQ2AZH4cwxNuc/as854IBqZ40=,fG6yUvWztiq6LUOXnAKXQIJI1a0=
-23,34,yAzQ2AZH4cwxNuc/as854IBqZ40=,fG6yUvWztiq6LUOXnAKXQIJI1a0=
-18,36,yAzQ2AZH4cwxNuc/as854IBqZ40=,fG6yUvWztiq6LUOXnAKXQIJI1a0=
-20,39,yAzQ2AZH4cwxNuc/as854IBqZ40=,fG6yUvWztiq6LUOXnAKXQIJI1a0=
-28,46,yAzQ2AZH4cwxNuc/as854IBqZ40=,69jVbivW9wc7JH8aKhanMWM2k2o=
-29,46,yAzQ2AZH4cwxNuc/as854IBqZ40=,69jVbivW9wc7JH8aKhanMWM2k2o=
-30,46,yAzQ2AZH4cwxNuc/as854IBqZ40=,69jVbivW9wc7JH8aKhanMWM2k2o=
-17,33,yAzQ2AZH4cwxNuc/as854IBqZ40=,fG6yUvWztiq6LUOXnAKXQIJI1a0=
-18,33,yAzQ2AZH4cwxNuc/as854IBqZ40=,fG6yUvWztiq6LUOXnAKXQIJI1a0=
-31,46,yAzQ2AZH4cwxNuc/as854IBqZ40=,69jVbivW9wc7JH8aKhanMWM2k2o=
-26,45,yAzQ2AZH4cwxNuc/as854IBqZ40=,69jVbivW9wc7JH8aKhanMWM2k2o=
-27,45,yAzQ2AZH4cwxNuc/as854IBqZ40=,69jVbivW9wc7JH8aKhanMWM2k2o=
-19,33,yAzQ2AZH4cwxNuc/as854IBqZ40=,fG6yUvWztiq6LUOXnAKXQIJI1a0=
-17,36,yAzQ2AZH4cwxNuc/as854IBqZ40=,fG6yUvWztiq6LUOXnAKXQIJI1a0=
-23,37,yAzQ2AZH4cwxNuc/as854IBqZ40=,fG6yUvWztiq6LUOXnAKXQIJI1a0=
-21,37,yAzQ2AZH4cwxNuc/as854IBqZ40=,fG6yUvWztiq6LUOXnAKXQIJI1a0=
-22,37,yAzQ2AZH4cwxNuc/as854IBqZ40=,fG6yUvWztiq6LUOXnAKXQIJI1a0=
-26,41,yAzQ2AZH4cwxNuc/as854IBqZ40=,69jVbivW9wc7JH8aKhanMWM2k2o=
-19,37,yAzQ2AZH4cwxNuc/as854IBqZ40=,fG6yUvWztiq6LUOXnAKXQIJI1a0=
-20,37,yAzQ2AZH4cwxNuc/as854IBqZ40=,fG6yUvWztiq6LUOXnAKXQIJI1a0=
-28,45,yAzQ2AZH4cwxNuc/as854IBqZ40=,69jVbivW9wc7JH8aKhanMWM2k2o=
-27,41,yAzQ2AZH4cwxNuc/as854IBqZ40=,69jVbivW9wc7JH8aKhanMWM2k2o=
-29,45,yAzQ2AZH4cwxNuc/as854IBqZ40=,69jVbivW9wc7JH8aKhanMWM2k2o=
-20,33,yAzQ2AZH4cwxNuc/as854IBqZ40=,fG6yUvWztiq6LUOXnAKXQIJI1a0=
-28,41,yAzQ2AZH4cwxNuc/as854IBqZ40=,69jVbivW9wc7JH8aKhanMWM2k2o=
-21,33,yAzQ2AZH4cwxNuc/as854IBqZ40=,fG6yUvWztiq6LUOXnAKXQIJI1a0=
-30,45,yAzQ2AZH4cwxNuc/as854IBqZ40=,69jVbivW9wc7JH8aKhanMWM2k2o=
-31,45,yAzQ2AZH4cwxNuc/as854IBqZ40=,69jVbivW9wc7JH8aKhanMWM2k2o=
-29,41,yAzQ2AZH4cwxNuc/as854IBqZ40=,69jVbivW9wc7JH8aKhanMWM2k2o=
-22,33,yAzQ2AZH4cwxNuc/as854IBqZ40=,fG6yUvWztiq6LUOXnAKXQIJI1a0=
-23,33,yAzQ2AZH4cwxNuc/as854IBqZ40=,fG6yUvWztiq6LUOXnAKXQIJI1a0=
-23,32,yAzQ2AZH4cwxNuc/as854IBqZ40=,fG6yUvWztiq6LUOXnAKXQIJI1a0=
-30,41,yAzQ2AZH4cwxNuc/as854IBqZ40=,69jVbivW9wc7JH8aKhanMWM2k2o=
-22,32,yAzQ2AZH4cwxNuc/as854IBqZ40=,fG6yUvWztiq6LUOXnAKXQIJI1a0=
-21,32,yAzQ2AZH4cwxNuc/as854IBqZ40=,fG6yUvWztiq6LUOXnAKXQIJI1a0=
-20,32,yAzQ2AZH4cwxNuc/as854IBqZ40=,fG6yUvWztiq6LUOXnAKXQIJI1a0=
-19,32,yAzQ2AZH4cwxNuc/as854IBqZ40=,fG6yUvWztiq6LUOXnAKXQIJI1a0=
-17,38,yAzQ2AZH4cwxNuc/as854IBqZ40=,fG6yUvWztiq6LUOXnAKXQIJI1a0=
-18,37,yAzQ2AZH4cwxNuc/as854IBqZ40=,fG6yUvWztiq6LUOXnAKXQIJI1a0=
-31,41,yAzQ2AZH4cwxNuc/as854IBqZ40=,69jVbivW9wc7JH8aKhanMWM2k2o=
-26,44,yAzQ2AZH4cwxNuc/as854IBqZ40=,69jVbivW9wc7JH8aKhanMWM2k2o=
-18,32,yAzQ2AZH4cwxNuc/as854IBqZ40=,fG6yUvWztiq6LUOXnAKXQIJI1a0=
-17,32,yAzQ2AZH4cwxNuc/as854IBqZ40=,fG6yUvWztiq6LUOXnAKXQIJI1a0=
-27,44,yAzQ2AZH4cwxNuc/as854IBqZ40=,69jVbivW9wc7JH8aKhanMWM2k2o=
-28,44,yAzQ2AZH4cwxNuc/as854IBqZ40=,69jVbivW9wc7JH8aKhanMWM2k2o=
-23,39,yAzQ2AZH4cwxNuc/as854IBqZ40=,fG6yUvWztiq6LUOXnAKXQIJI1a0=
-29,44,yAzQ2AZH4cwxNuc/as854IBqZ40=,69jVbivW9wc7JH8aKhanMWM2k2o=
-30,44,yAzQ2AZH4cwxNuc/as854IBqZ40=,69jVbivW9wc7JH8aKhanMWM2k2o=
-31,44,yAzQ2AZH4cwxNuc/as854IBqZ40=,69jVbivW9wc7JH8aKhanMWM2k2o=
-26,43,yAzQ2AZH4cwxNuc/as854IBqZ40=,69jVbivW9wc7JH8aKhanMWM2k2o=
-27,43,yAzQ2AZH4cwxNuc/as854IBqZ40=,69jVbivW9wc7JH8aKhanMWM2k2o=
-17,37,yAzQ2AZH4cwxNuc/as854IBqZ40=,fG6yUvWztiq6LUOXnAKXQIJI1a0=
-23,38,yAzQ2AZH4cwxNuc/as854IBqZ40=,fG6yUvWztiq6LUOXnAKXQIJI1a0=
-17,40,yAzQ2AZH4cwxNuc/as854IBqZ40=,HF8gcg7+X1A0/9WqihFMAOvUY+0=
-22,38,yAzQ2AZH4cwxNuc/as854IBqZ40=,fG6yUvWztiq6LUOXnAKXQIJI1a0=
-21,38,yAzQ2AZH4cwxNuc/as854IBqZ40=,fG6yUvWztiq6LUOXnAKXQIJI1a0=
-17,45,yAzQ2AZH4cwxNuc/as854IBqZ40=,HF8gcg7+X1A0/9WqihFMAOvUY+0=
-23,47,yAzQ2AZH4cwxNuc/as854IBqZ40=,HF8gcg7+X1A0/9WqihFMAOvUY+0=
-21,47,yAzQ2AZH4cwxNuc/as854IBqZ40=,HF8gcg7+X1A0/9WqihFMAOvUY+0=
-20,47,yAzQ2AZH4cwxNuc/as854IBqZ40=,HF8gcg7+X1A0/9WqihFMAOvUY+0=
-19,47,yAzQ2AZH4cwxNuc/as854IBqZ40=,HF8gcg7+X1A0/9WqihFMAOvUY+0=
-18,47,yAzQ2AZH4cwxNuc/as854IBqZ40=,HF8gcg7+X1A0/9WqihFMAOvUY+0=
-24,47,yAzQ2AZH4cwxNuc/as854IBqZ40=,HF8gcg7+X1A0/9WqihFMAOvUY+0=
-31,47,yAzQ2AZH4cwxNuc/as854IBqZ40=,69jVbivW9wc7JH8aKhanMWM2k2o=
-30,47,yAzQ2AZH4cwxNuc/as854IBqZ40=,69jVbivW9wc7JH8aKhanMWM2k2o=
-22,47,yAzQ2AZH4cwxNuc/as854IBqZ40=,HF8gcg7+X1A0/9WqihFMAOvUY+0=
-17,41,yAzQ2AZH4cwxNuc/as854IBqZ40=,HF8gcg7+X1A0/9WqihFMAOvUY+0=
-29,47,yAzQ2AZH4cwxNuc/as854IBqZ40=,69jVbivW9wc7JH8aKhanMWM2k2o=
-17,46,yAzQ2AZH4cwxNuc/as854IBqZ40=,HF8gcg7+X1A0/9WqihFMAOvUY+0=
-28,47,yAzQ2AZH4cwxNuc/as854IBqZ40=,69jVbivW9wc7JH8aKhanMWM2k2o=
-27,47,yAzQ2AZH4cwxNuc/as854IBqZ40=,69jVbivW9wc7JH8aKhanMWM2k2o=
-17,42,yAzQ2AZH4cwxNuc/as854IBqZ40=,HF8gcg7+X1A0/9WqihFMAOvUY+0=
-26,47,yAzQ2AZH4cwxNuc/as854IBqZ40=,69jVbivW9wc7JH8aKhanMWM2k2o=
-17,43,yAzQ2AZH4cwxNuc/as854IBqZ40=,HF8gcg7+X1A0/9WqihFMAOvUY+0=
-17,44,yAzQ2AZH4cwxNuc/as854IBqZ40=,HF8gcg7+X1A0/9WqihFMAOvUY+0=
-25,47,yAzQ2AZH4cwxNuc/as854IBqZ40=,69jVbivW9wc7JH8aKhanMWM2k2o=
-32,47,yAzQ2AZH4cwxNuc/as854IBqZ40=,69jVbivW9wc7JH8aKhanMWM2k2o=
-20,38,yAzQ2AZH4cwxNuc/as854IBqZ40=,fG6yUvWztiq6LUOXnAKXQIJI1a0=
-17,47,yAzQ2AZH4cwxNuc/as854IBqZ40=,HF8gcg7+X1A0/9WqihFMAOvUY+0=
-18,38,yAzQ2AZH4cwxNuc/as854IBqZ40=,fG6yUvWztiq6LUOXnAKXQIJI1a0=
-17,39,yAzQ2AZH4cwxNuc/as854IBqZ40=,fG6yUvWztiq6LUOXnAKXQIJI1a0=
-28,37,yAzQ2AZH4cwxNuc/as854IBqZ40=,b/WWAqvAtlnOODUKJocbmMvqNII=
-27,37,yAzQ2AZH4cwxNuc/as854IBqZ40=,b/WWAqvAtlnOODUKJocbmMvqNII=
-19,38,yAzQ2AZH4cwxNuc/as854IBqZ40=,fG6yUvWztiq6LUOXnAKXQIJI1a0=
-29,37,yAzQ2AZH4cwxNuc/as854IBqZ40=,b/WWAqvAtlnOODUKJocbmMvqNII=
-24,35,yAzQ2AZH4cwxNuc/as854IBqZ40=,fG6yUvWztiq6LUOXnAKXQIJI1a0=
-29,32,yAzQ2AZH4cwxNuc/as854IBqZ40=,b/WWAqvAtlnOODUKJocbmMvqNII=
-31,37,yAzQ2AZH4cwxNuc/as854IBqZ40=,b/WWAqvAtlnOODUKJocbmMvqNII=
-24,34,yAzQ2AZH4cwxNuc/as854IBqZ40=,fG6yUvWztiq6LUOXnAKXQIJI1a0=
-25,33,yAzQ2AZH4cwxNuc/as854IBqZ40=,b/WWAqvAtlnOODUKJocbmMvqNII=
-31,33,yAzQ2AZH4cwxNuc/as854IBqZ40=,b/WWAqvAtlnOODUKJocbmMvqNII=
-32,37,yAzQ2AZH4cwxNuc/as854IBqZ40=,b/WWAqvAtlnOODUKJocbmMvqNII=
-30,37,yAzQ2AZH4cwxNuc/as854IBqZ40=,b/WWAqvAtlnOODUKJocbmMvqNII=
-24,33,yAzQ2AZH4cwxNuc/as854IBqZ40=,fG6yUvWztiq6LUOXnAKXQIJI1a0=
-25,36,yAzQ2AZH4cwxNuc/as854IBqZ40=,b/WWAqvAtlnOODUKJocbmMvqNII=
-25,35,yAzQ2AZH4cwxNuc/as854IBqZ40=,b/WWAqvAtlnOODUKJocbmMvqNII=
-30,33,yAzQ2AZH4cwxNuc/as854IBqZ40=,b/WWAqvAtlnOODUKJocbmMvqNII=
-26,33,yAzQ2AZH4cwxNuc/as854IBqZ40=,b/WWAqvAtlnOODUKJocbmMvqNII=
-26,37,yAzQ2AZH4cwxNuc/as854IBqZ40=,b/WWAqvAtlnOODUKJocbmMvqNII=
-26,35,yAzQ2AZH4cwxNuc/as854IBqZ40=,b/WWAqvAtlnOODUKJocbmMvqNII=
-27,36,yAzQ2AZH4cwxNuc/as854IBqZ40=,b/WWAqvAtlnOODUKJocbmMvqNII=
-24,32,yAzQ2AZH4cwxNuc/as854IBqZ40=,fG6yUvWztiq6LUOXnAKXQIJI1a0=
-26,36,yAzQ2AZH4cwxNuc/as854IBqZ40=,b/WWAqvAtlnOODUKJocbmMvqNII=
-25,34,yAzQ2AZH4cwxNuc/as854IBqZ40=,b/WWAqvAtlnOODUKJocbmMvqNII=
-27,35,yAzQ2AZH4cwxNuc/as854IBqZ40=,b/WWAqvAtlnOODUKJocbmMvqNII=
-28,35,yAzQ2AZH4cwxNuc/as854IBqZ40=,b/WWAqvAtlnOODUKJocbmMvqNII=
-29,35,yAzQ2AZH4cwxNuc/as854IBqZ40=,b/WWAqvAtlnOODUKJocbmMvqNII=
-30,32,yAzQ2AZH4cwxNuc/as854IBqZ40=,b/WWAqvAtlnOODUKJocbmMvqNII=
-24,38,yAzQ2AZH4cwxNuc/as854IBqZ40=,fG6yUvWztiq6LUOXnAKXQIJI1a0=
-24,39,yAzQ2AZH4cwxNuc/as854IBqZ40=,fG6yUvWztiq6LUOXnAKXQIJI1a0=
-28,36,yAzQ2AZH4cwxNuc/as854IBqZ40=,b/WWAqvAtlnOODUKJocbmMvqNII=
-30,35,yAzQ2AZH4cwxNuc/as854IBqZ40=,b/WWAqvAtlnOODUKJocbmMvqNII=
-27,33,yAzQ2AZH4cwxNuc/as854IBqZ40=,b/WWAqvAtlnOODUKJocbmMvqNII=
-26,34,yAzQ2AZH4cwxNuc/as854IBqZ40=,b/WWAqvAtlnOODUKJocbmMvqNII=
-28,32,yAzQ2AZH4cwxNuc/as854IBqZ40=,b/WWAqvAtlnOODUKJocbmMvqNII=
-32,35,yAzQ2AZH4cwxNuc/as854IBqZ40=,b/WWAqvAtlnOODUKJocbmMvqNII=
-27,34,yAzQ2AZH4cwxNuc/as854IBqZ40=,b/WWAqvAtlnOODUKJocbmMvqNII=
-29,36,yAzQ2AZH4cwxNuc/as854IBqZ40=,b/WWAqvAtlnOODUKJocbmMvqNII=
-28,33,yAzQ2AZH4cwxNuc/as854IBqZ40=,b/WWAqvAtlnOODUKJocbmMvqNII=
-28,34,yAzQ2AZH4cwxNuc/as854IBqZ40=,b/WWAqvAtlnOODUKJocbmMvqNII=
-31,35,yAzQ2AZH4cwxNuc/as854IBqZ40=,b/WWAqvAtlnOODUKJocbmMvqNII=
-24,37,yAzQ2AZH4cwxNuc/as854IBqZ40=,fG6yUvWztiq6LUOXnAKXQIJI1a0=
-30,34,yAzQ2AZH4cwxNuc/as854IBqZ40=,b/WWAqvAtlnOODUKJocbmMvqNII=
-27,32,yAzQ2AZH4cwxNuc/as854IBqZ40=,b/WWAqvAtlnOODUKJocbmMvqNII=
-25,37,yAzQ2AZH4cwxNuc/as854IBqZ40=,b/WWAqvAtlnOODUKJocbmMvqNII=
-26,40,yAzQ2AZH4cwxNuc/as854IBqZ40=,69jVbivW9wc7JH8aKhanMWM2k2o=
-27,40,yAzQ2AZH4cwxNuc/as854IBqZ40=,69jVbivW9wc7JH8aKhanMWM2k2o=
-28,40,yAzQ2AZH4cwxNuc/as854IBqZ40=,69jVbivW9wc7JH8aKhanMWM2k2o=
-32,38,yAzQ2AZH4cwxNuc/as854IBqZ40=,b/WWAqvAtlnOODUKJocbmMvqNII=
-31,38,yAzQ2AZH4cwxNuc/as854IBqZ40=,b/WWAqvAtlnOODUKJocbmMvqNII=
-29,34,yAzQ2AZH4cwxNuc/as854IBqZ40=,b/WWAqvAtlnOODUKJocbmMvqNII=
-25,40,yAzQ2AZH4cwxNuc/as854IBqZ40=,69jVbivW9wc7JH8aKhanMWM2k2o=
-31,34,yAzQ2AZH4cwxNuc/as854IBqZ40=,b/WWAqvAtlnOODUKJocbmMvqNII=
-32,34,yAzQ2AZH4cwxNuc/as854IBqZ40=,b/WWAqvAtlnOODUKJocbmMvqNII=
-30,36,yAzQ2AZH4cwxNuc/as854IBqZ40=,b/WWAqvAtlnOODUKJocbmMvqNII=
-29,40,yAzQ2AZH4cwxNuc/as854IBqZ40=,69jVbivW9wc7JH8aKhanMWM2k2o=
-29,33,yAzQ2AZH4cwxNuc/as854IBqZ40=,b/WWAqvAtlnOODUKJocbmMvqNII=
-30,40,yAzQ2AZH4cwxNuc/as854IBqZ40=,69jVbivW9wc7JH8aKhanMWM2k2o=
-26,32,yAzQ2AZH4cwxNuc/as854IBqZ40=,b/WWAqvAtlnOODUKJocbmMvqNII=
-32,40,yAzQ2AZH4cwxNuc/as854IBqZ40=,69jVbivW9wc7JH8aKhanMWM2k2o=
-31,32,yAzQ2AZH4cwxNuc/as854IBqZ40=,b/WWAqvAtlnOODUKJocbmMvqNII=
-25,32,yAzQ2AZH4cwxNuc/as854IBqZ40=,b/WWAqvAtlnOODUKJocbmMvqNII=
-30,38,yAzQ2AZH4cwxNuc/as854IBqZ40=,b/WWAqvAtlnOODUKJocbmMvqNII=
-29,38,yAzQ2AZH4cwxNuc/as854IBqZ40=,b/WWAqvAtlnOODUKJocbmMvqNII=
-32,32,yAzQ2AZH4cwxNuc/as854IBqZ40=,b/WWAqvAtlnOODUKJocbmMvqNII=
-28,38,yAzQ2AZH4cwxNuc/as854IBqZ40=,b/WWAqvAtlnOODUKJocbmMvqNII=
-24,36,yAzQ2AZH4cwxNuc/as854IBqZ40=,fG6yUvWztiq6LUOXnAKXQIJI1a0=
-27,38,yAzQ2AZH4cwxNuc/as854IBqZ40=,b/WWAqvAtlnOODUKJocbmMvqNII=
-26,38,yAzQ2AZH4cwxNuc/as854IBqZ40=,b/WWAqvAtlnOODUKJocbmMvqNII=
-31,40,yAzQ2AZH4cwxNuc/as854IBqZ40=,69jVbivW9wc7JH8aKhanMWM2k2o=
-26,39,yAzQ2AZH4cwxNuc/as854IBqZ40=,b/WWAqvAtlnOODUKJocbmMvqNII=
-27,39,yAzQ2AZH4cwxNuc/as854IBqZ40=,b/WWAqvAtlnOODUKJocbmMvqNII=
-25,39,yAzQ2AZH4cwxNuc/as854IBqZ40=,b/WWAqvAtlnOODUKJocbmMvqNII=
-28,39,yAzQ2AZH4cwxNuc/as854IBqZ40=,b/WWAqvAtlnOODUKJocbmMvqNII=
-29,39,yAzQ2AZH4cwxNuc/as854IBqZ40=,b/WWAqvAtlnOODUKJocbmMvqNII=
-30,39,yAzQ2AZH4cwxNuc/as854IBqZ40=,b/WWAqvAtlnOODUKJocbmMvqNII=
-31,36,yAzQ2AZH4cwxNuc/as854IBqZ40=,b/WWAqvAtlnOODUKJocbmMvqNII=
-32,33,yAzQ2AZH4cwxNuc/as854IBqZ40=,b/WWAqvAtlnOODUKJocbmMvqNII=
-32,39,yAzQ2AZH4cwxNuc/as854IBqZ40=,b/WWAqvAtlnOODUKJocbmMvqNII=
-25,38,yAzQ2AZH4cwxNuc/as854IBqZ40=,b/WWAqvAtlnOODUKJocbmMvqNII=
-24,40,yAzQ2AZH4cwxNuc/as854IBqZ40=,HF8gcg7+X1A0/9WqihFMAOvUY+0=
-31,39,yAzQ2AZH4cwxNuc/as854IBqZ40=,b/WWAqvAtlnOODUKJocbmMvqNII=
-32,36,yAzQ2AZH4cwxNuc/as854IBqZ40=,b/WWAqvAtlnOODUKJocbmMvqNII=
