148,-5,0eQlBXY1qpQ81SXT29Y5fyrY8FQ=,7zDKLXbxoflF6SyKqRl0XJu3egk=
145,-5,0eQlBXY1qpQ81SXT29Y5fyrY8FQ=,7zDKLXbxoflF6SyKqRl0XJu3egk=
147,-5,0eQlBXY1qpQ81SXT29Y5fyrY8FQ=,7zDKLXbxoflF6SyKqRl0XJu3egk=
146,-5,0eQlBXY1qpQ81SXT29Y5fyrY8FQ=,7zDKLXbxoflF6SyKqRl0XJu3egk=
149,-6,0eQlBXY1qpQ81SXT29Y5fyrY8FQ=,7zDKLXbxoflF6SyKqRl0XJu3egk=
148,-6,0eQlBXY1qpQ81SXT29Y5fyrY8FQ=,7zDKLXbxoflF6SyKqRl0XJu3egk=
150,-6,0eQlBXY1qpQ81SXT29Y5fyrY8FQ=,7zDKLXbxoflF6SyKqRl0XJu3egk=
147,-6,0eQlBXY1qpQ81SXT29Y5fyrY8FQ=,7zDKLXbxoflF6SyKqRl0XJu3egk=
146,-6,0eQlBXY1qpQ81SXT29Y5fyrY8FQ=,7zDKLXbxoflF6SyKqRl0XJu3egk=
145,-6,0eQlBXY1qpQ81SXT29Y5fyrY8FQ=,7zDKLXbxoflF6SyKqRl0XJu3egk=
150,-7,0eQlBXY1qpQ81SXT29Y5fyrY8FQ=,7zDKLXbxoflF6SyKqRl0XJu3egk=
148,-7,0eQlBXY1qpQ81SXT29Y5fyrY8FQ=,7zDKLXbxoflF6SyKqRl0XJu3egk=
149,-7,0eQlBXY1qpQ81SXT29Y5fyrY8FQ=,7zDKLXbxoflF6SyKqRl0XJu3egk=
147,-7,0eQlBXY1qpQ81SXT29Y5fyrY8FQ=,7zDKLXbxoflF6SyKqRl0XJu3egk=
145,-7,0eQlBXY1qpQ81SXT29Y5fyrY8FQ=,7zDKLXbxoflF6SyKqRl0XJu3egk=
150,-2,0eQlBXY1qpQ81SXT29Y5fyrY8FQ=,7zDKLXbxoflF6SyKqRl0XJu3egk=
148,-2,0eQlBXY1qpQ81SXT29Y5fyrY8FQ=,7zDKLXbxoflF6SyKqRl0XJu3egk=
147,-2,0eQlBXY1qpQ81SXT29Y5fyrY8FQ=,7zDKLXbxoflF6SyKqRl0XJu3egk=
146,-2,0eQlBXY1qpQ81SXT29Y5fyrY8FQ=,7zDKLXbxoflF6SyKqRl0XJu3egk=
145,-2,0eQlBXY1qpQ81SXT29Y5fyrY8FQ=,7zDKLXbxoflF6SyKqRl0XJu3egk=
149,-2,0eQlBXY1qpQ81SXT29Y5fyrY8FQ=,7zDKLXbxoflF6SyKqRl0XJu3egk=
150,-3,0eQlBXY1qpQ81SXT29Y5fyrY8FQ=,7zDKLXbxoflF6SyKqRl0XJu3egk=
148,-3,0eQlBXY1qpQ81SXT29Y5fyrY8FQ=,7zDKLXbxoflF6SyKqRl0XJu3egk=
147,-3,0eQlBXY1qpQ81SXT29Y5fyrY8FQ=,7zDKLXbxoflF6SyKqRl0XJu3egk=
146,-3,0eQlBXY1qpQ81SXT29Y5fyrY8FQ=,7zDKLXbxoflF6SyKqRl0XJu3egk=
145,-3,0eQlBXY1qpQ81SXT29Y5fyrY8FQ=,7zDKLXbxoflF6SyKqRl0XJu3egk=
150,-4,0eQlBXY1qpQ81SXT29Y5fyrY8FQ=,7zDKLXbxoflF6SyKqRl0XJu3egk=
149,-4,0eQlBXY1qpQ81SXT29Y5fyrY8FQ=,7zDKLXbxoflF6SyKqRl0XJu3egk=
148,-4,0eQlBXY1qpQ81SXT29Y5fyrY8FQ=,7zDKLXbxoflF6SyKqRl0XJu3egk=
147,-4,0eQlBXY1qpQ81SXT29Y5fyrY8FQ=,7zDKLXbxoflF6SyKqRl0XJu3egk=
146,-4,0eQlBXY1qpQ81SXT29Y5fyrY8FQ=,7zDKLXbxoflF6SyKqRl0XJu3egk=
145,-4,0eQlBXY1qpQ81SXT29Y5fyrY8FQ=,7zDKLXbxoflF6SyKqRl0XJu3egk=
149,-3,0eQlBXY1qpQ81SXT29Y5fyrY8FQ=,7zDKLXbxoflF6SyKqRl0XJu3egk=
150,-5,0eQlBXY1qpQ81SXT29Y5fyrY8FQ=,7zDKLXbxoflF6SyKqRl0XJu3egk=
149,-5,0eQlBXY1qpQ81SXT29Y5fyrY8FQ=,7zDKLXbxoflF6SyKqRl0XJu3egk=
144,-3,0eQlBXY1qpQ81SXT29Y5fyrY8FQ=,7zDKLXbxoflF6SyKqRl0XJu3egk=
144,-2,0eQlBXY1qpQ81SXT29Y5fyrY8FQ=,7zDKLXbxoflF6SyKqRl0XJu3egk=
144,-4,0eQlBXY1qpQ81SXT29Y5fyrY8FQ=,7zDKLXbxoflF6SyKqRl0XJu3egk=
144,-7,0eQlBXY1qpQ81SXT29Y5fyrY8FQ=,7zDKLXbxoflF6SyKqRl0XJu3egk=
144,-6,0eQlBXY1qpQ81SXT29Y5fyrY8FQ=,7zDKLXbxoflF6SyKqRl0XJu3egk=
144,-5,0eQlBXY1qpQ81SXT29Y5fyrY8FQ=,7zDKLXbxoflF6SyKqRl0XJu3egk=
146,-7,0eQlBXY1qpQ81SXT29Y5fyrY8FQ=,7zDKLXbxoflF6SyKqRl0XJu3egk=
150,-1,0eQlBXY1qpQ81SXT29Y5fyrY8FQ=,7zDKLXbxoflF6SyKqRl0XJu3egk=
145,-1,0eQlBXY1qpQ81SXT29Y5fyrY8FQ=,7zDKLXbxoflF6SyKqRl0XJu3egk=
149,-1,0eQlBXY1qpQ81SXT29Y5fyrY8FQ=,7zDKLXbxoflF6SyKqRl0XJu3egk=
146,-1,0eQlBXY1qpQ81SXT29Y5fyrY8FQ=,7zDKLXbxoflF6SyKqRl0XJu3egk=
148,-1,0eQlBXY1qpQ81SXT29Y5fyrY8FQ=,7zDKLXbxoflF6SyKqRl0XJu3egk=
147,-1,0eQlBXY1qpQ81SXT29Y5fyrY8FQ=,7zDKLXbxoflF6SyKqRl0XJu3egk=
144,-1,0eQlBXY1qpQ81SXT29Y5fyrY8FQ=,7zDKLXbxoflF6SyKqRl0XJu3egk=
158,-4,0eQlBXY1qpQ81SXT29Y5fyrY8FQ=,3pzxC5kq+ekEog2fL7rDgrz1//o=
159,-4,0eQlBXY1qpQ81SXT29Y5fyrY8FQ=,3pzxC5kq+ekEog2fL7rDgrz1//o=
152,-3,0eQlBXY1qpQ81SXT29Y5fyrY8FQ=,3pzxC5kq+ekEog2fL7rDgrz1//o=
158,-5,0eQlBXY1qpQ81SXT29Y5fyrY8FQ=,3pzxC5kq+ekEog2fL7rDgrz1//o=
156,-3,0eQlBXY1qpQ81SXT29Y5fyrY8FQ=,3pzxC5kq+ekEog2fL7rDgrz1//o=
154,-7,0eQlBXY1qpQ81SXT29Y5fyrY8FQ=,3pzxC5kq+ekEog2fL7rDgrz1//o=
152,-6,0eQlBXY1qpQ81SXT29Y5fyrY8FQ=,3pzxC5kq+ekEog2fL7rDgrz1//o=
152,-5,0eQlBXY1qpQ81SXT29Y5fyrY8FQ=,3pzxC5kq+ekEog2fL7rDgrz1//o=
159,-5,0eQlBXY1qpQ81SXT29Y5fyrY8FQ=,3pzxC5kq+ekEog2fL7rDgrz1//o=
152,-4,0eQlBXY1qpQ81SXT29Y5fyrY8FQ=,3pzxC5kq+ekEog2fL7rDgrz1//o=
153,-6,0eQlBXY1qpQ81SXT29Y5fyrY8FQ=,3pzxC5kq+ekEog2fL7rDgrz1//o=
154,-6,0eQlBXY1qpQ81SXT29Y5fyrY8FQ=,3pzxC5kq+ekEog2fL7rDgrz1//o=
155,-6,0eQlBXY1qpQ81SXT29Y5fyrY8FQ=,3pzxC5kq+ekEog2fL7rDgrz1//o=
153,-4,0eQlBXY1qpQ81SXT29Y5fyrY8FQ=,3pzxC5kq+ekEog2fL7rDgrz1//o=
153,-5,0eQlBXY1qpQ81SXT29Y5fyrY8FQ=,3pzxC5kq+ekEog2fL7rDgrz1//o=
156,-6,0eQlBXY1qpQ81SXT29Y5fyrY8FQ=,3pzxC5kq+ekEog2fL7rDgrz1//o=
155,-7,0eQlBXY1qpQ81SXT29Y5fyrY8FQ=,3pzxC5kq+ekEog2fL7rDgrz1//o=
154,-4,0eQlBXY1qpQ81SXT29Y5fyrY8FQ=,3pzxC5kq+ekEog2fL7rDgrz1//o=
157,-3,0eQlBXY1qpQ81SXT29Y5fyrY8FQ=,3pzxC5kq+ekEog2fL7rDgrz1//o=
157,-6,0eQlBXY1qpQ81SXT29Y5fyrY8FQ=,3pzxC5kq+ekEog2fL7rDgrz1//o=
158,-6,0eQlBXY1qpQ81SXT29Y5fyrY8FQ=,3pzxC5kq+ekEog2fL7rDgrz1//o=
154,-5,0eQlBXY1qpQ81SXT29Y5fyrY8FQ=,3pzxC5kq+ekEog2fL7rDgrz1//o=
159,-6,0eQlBXY1qpQ81SXT29Y5fyrY8FQ=,3pzxC5kq+ekEog2fL7rDgrz1//o=
158,-3,0eQlBXY1qpQ81SXT29Y5fyrY8FQ=,3pzxC5kq+ekEog2fL7rDgrz1//o=
155,-5,0eQlBXY1qpQ81SXT29Y5fyrY8FQ=,3pzxC5kq+ekEog2fL7rDgrz1//o=
156,-7,0eQlBXY1qpQ81SXT29Y5fyrY8FQ=,3pzxC5kq+ekEog2fL7rDgrz1//o=
151,-5,0eQlBXY1qpQ81SXT29Y5fyrY8FQ=,7zDKLXbxoflF6SyKqRl0XJu3egk=
156,-5,0eQlBXY1qpQ81SXT29Y5fyrY8FQ=,3pzxC5kq+ekEog2fL7rDgrz1//o=
159,-3,0eQlBXY1qpQ81SXT29Y5fyrY8FQ=,3pzxC5kq+ekEog2fL7rDgrz1//o=
153,-3,0eQlBXY1qpQ81SXT29Y5fyrY8FQ=,3pzxC5kq+ekEog2fL7rDgrz1//o=
152,-2,0eQlBXY1qpQ81SXT29Y5fyrY8FQ=,3pzxC5kq+ekEog2fL7rDgrz1//o=
153,-2,0eQlBXY1qpQ81SXT29Y5fyrY8FQ=,3pzxC5kq+ekEog2fL7rDgrz1//o=
151,-4,0eQlBXY1qpQ81SXT29Y5fyrY8FQ=,7zDKLXbxoflF6SyKqRl0XJu3egk=
154,-2,0eQlBXY1qpQ81SXT29Y5fyrY8FQ=,3pzxC5kq+ekEog2fL7rDgrz1//o=
156,-2,0eQlBXY1qpQ81SXT29Y5fyrY8FQ=,3pzxC5kq+ekEog2fL7rDgrz1//o=
157,-2,0eQlBXY1qpQ81SXT29Y5fyrY8FQ=,3pzxC5kq+ekEog2fL7rDgrz1//o=
158,-2,0eQlBXY1qpQ81SXT29Y5fyrY8FQ=,3pzxC5kq+ekEog2fL7rDgrz1//o=
159,-2,0eQlBXY1qpQ81SXT29Y5fyrY8FQ=,3pzxC5kq+ekEog2fL7rDgrz1//o=
155,-2,0eQlBXY1qpQ81SXT29Y5fyrY8FQ=,3pzxC5kq+ekEog2fL7rDgrz1//o=
152,-1,0eQlBXY1qpQ81SXT29Y5fyrY8FQ=,3pzxC5kq+ekEog2fL7rDgrz1//o=
153,-1,0eQlBXY1qpQ81SXT29Y5fyrY8FQ=,3pzxC5kq+ekEog2fL7rDgrz1//o=
154,-1,0eQlBXY1qpQ81SXT29Y5fyrY8FQ=,3pzxC5kq+ekEog2fL7rDgrz1//o=
151,-3,0eQlBXY1qpQ81SXT29Y5fyrY8FQ=,7zDKLXbxoflF6SyKqRl0XJu3egk=
155,-1,0eQlBXY1qpQ81SXT29Y5fyrY8FQ=,3pzxC5kq+ekEog2fL7rDgrz1//o=
156,-1,0eQlBXY1qpQ81SXT29Y5fyrY8FQ=,3pzxC5kq+ekEog2fL7rDgrz1//o=
157,-1,0eQlBXY1qpQ81SXT29Y5fyrY8FQ=,3pzxC5kq+ekEog2fL7rDgrz1//o=
158,-1,0eQlBXY1qpQ81SXT29Y5fyrY8FQ=,3pzxC5kq+ekEog2fL7rDgrz1//o=
157,-7,0eQlBXY1qpQ81SXT29Y5fyrY8FQ=,3pzxC5kq+ekEog2fL7rDgrz1//o=
159,-1,0eQlBXY1qpQ81SXT29Y5fyrY8FQ=,3pzxC5kq+ekEog2fL7rDgrz1//o=
151,-2,0eQlBXY1qpQ81SXT29Y5fyrY8FQ=,7zDKLXbxoflF6SyKqRl0XJu3egk=
152,-7,0eQlBXY1qpQ81SXT29Y5fyrY8FQ=,3pzxC5kq+ekEog2fL7rDgrz1//o=
157,-5,0eQlBXY1qpQ81SXT29Y5fyrY8FQ=,3pzxC5kq+ekEog2fL7rDgrz1//o=
153,-7,0eQlBXY1qpQ81SXT29Y5fyrY8FQ=,3pzxC5kq+ekEog2fL7rDgrz1//o=
151,-1,0eQlBXY1qpQ81SXT29Y5fyrY8FQ=,7zDKLXbxoflF6SyKqRl0XJu3egk=
158,-7,0eQlBXY1qpQ81SXT29Y5fyrY8FQ=,3pzxC5kq+ekEog2fL7rDgrz1//o=
154,-3,0eQlBXY1qpQ81SXT29Y5fyrY8FQ=,3pzxC5kq+ekEog2fL7rDgrz1//o=
151,-7,0eQlBXY1qpQ81SXT29Y5fyrY8FQ=,7zDKLXbxoflF6SyKqRl0XJu3egk=
155,-4,0eQlBXY1qpQ81SXT29Y5fyrY8FQ=,3pzxC5kq+ekEog2fL7rDgrz1//o=
156,-4,0eQlBXY1qpQ81SXT29Y5fyrY8FQ=,3pzxC5kq+ekEog2fL7rDgrz1//o=
151,-6,0eQlBXY1qpQ81SXT29Y5fyrY8FQ=,7zDKLXbxoflF6SyKqRl0XJu3egk=
157,-4,0eQlBXY1qpQ81SXT29Y5fyrY8FQ=,3pzxC5kq+ekEog2fL7rDgrz1//o=
159,-7,0eQlBXY1qpQ81SXT29Y5fyrY8FQ=,3pzxC5kq+ekEog2fL7rDgrz1//o=
155,-3,0eQlBXY1qpQ81SXT29Y5fyrY8FQ=,3pzxC5kq+ekEog2fL7rDgrz1//o=
148,-11,0eQlBXY1qpQ81SXT29Y5fyrY8FQ=,gUvGRc06kBNW+m84HDMm2JXx1hY=
149,-11,0eQlBXY1qpQ81SXT29Y5fyrY8FQ=,gUvGRc06kBNW+m84HDMm2JXx1hY=
150,-11,0eQlBXY1qpQ81SXT29Y5fyrY8FQ=,gUvGRc06kBNW+m84HDMm2JXx1hY=
144,-10,0eQlBXY1qpQ81SXT29Y5fyrY8FQ=,gUvGRc06kBNW+m84HDMm2JXx1hY=
145,-10,0eQlBXY1qpQ81SXT29Y5fyrY8FQ=,gUvGRc06kBNW+m84HDMm2JXx1hY=
146,-10,0eQlBXY1qpQ81SXT29Y5fyrY8FQ=,gUvGRc06kBNW+m84HDMm2JXx1hY=
147,-10,0eQlBXY1qpQ81SXT29Y5fyrY8FQ=,gUvGRc06kBNW+m84HDMm2JXx1hY=
148,-10,0eQlBXY1qpQ81SXT29Y5fyrY8FQ=,gUvGRc06kBNW+m84HDMm2JXx1hY=
149,-10,0eQlBXY1qpQ81SXT29Y5fyrY8FQ=,gUvGRc06kBNW+m84HDMm2JXx1hY=
144,-9,0eQlBXY1qpQ81SXT29Y5fyrY8FQ=,gUvGRc06kBNW+m84HDMm2JXx1hY=
150,-10,0eQlBXY1qpQ81SXT29Y5fyrY8FQ=,gUvGRc06kBNW+m84HDMm2JXx1hY=
145,-9,0eQlBXY1qpQ81SXT29Y5fyrY8FQ=,gUvGRc06kBNW+m84HDMm2JXx1hY=
144,-16,0eQlBXY1qpQ81SXT29Y5fyrY8FQ=,gUvGRc06kBNW+m84HDMm2JXx1hY=
146,-9,0eQlBXY1qpQ81SXT29Y5fyrY8FQ=,gUvGRc06kBNW+m84HDMm2JXx1hY=
145,-16,0eQlBXY1qpQ81SXT29Y5fyrY8FQ=,gUvGRc06kBNW+m84HDMm2JXx1hY=
146,-16,0eQlBXY1qpQ81SXT29Y5fyrY8FQ=,gUvGRc06kBNW+m84HDMm2JXx1hY=
147,-9,0eQlBXY1qpQ81SXT29Y5fyrY8FQ=,gUvGRc06kBNW+m84HDMm2JXx1hY=
148,-9,0eQlBXY1qpQ81SXT29Y5fyrY8FQ=,gUvGRc06kBNW+m84HDMm2JXx1hY=
147,-16,0eQlBXY1qpQ81SXT29Y5fyrY8FQ=,gUvGRc06kBNW+m84HDMm2JXx1hY=
149,-9,0eQlBXY1qpQ81SXT29Y5fyrY8FQ=,gUvGRc06kBNW+m84HDMm2JXx1hY=
148,-16,0eQlBXY1qpQ81SXT29Y5fyrY8FQ=,gUvGRc06kBNW+m84HDMm2JXx1hY=
149,-16,0eQlBXY1qpQ81SXT29Y5fyrY8FQ=,gUvGRc06kBNW+m84HDMm2JXx1hY=
150,-16,0eQlBXY1qpQ81SXT29Y5fyrY8FQ=,gUvGRc06kBNW+m84HDMm2JXx1hY=
145,-15,0eQlBXY1qpQ81SXT29Y5fyrY8FQ=,gUvGRc06kBNW+m84HDMm2JXx1hY=
144,-15,0eQlBXY1qpQ81SXT29Y5fyrY8FQ=,gUvGRc06kBNW+m84HDMm2JXx1hY=
150,-9,0eQlBXY1qpQ81SXT29Y5fyrY8FQ=,gUvGRc06kBNW+m84HDMm2JXx1hY=
146,-15,0eQlBXY1qpQ81SXT29Y5fyrY8FQ=,gUvGRc06kBNW+m84HDMm2JXx1hY=
147,-15,0eQlBXY1qpQ81SXT29Y5fyrY8FQ=,gUvGRc06kBNW+m84HDMm2JXx1hY=
148,-15,0eQlBXY1qpQ81SXT29Y5fyrY8FQ=,gUvGRc06kBNW+m84HDMm2JXx1hY=
149,-15,0eQlBXY1qpQ81SXT29Y5fyrY8FQ=,gUvGRc06kBNW+m84HDMm2JXx1hY=
144,-8,0eQlBXY1qpQ81SXT29Y5fyrY8FQ=,7zDKLXbxoflF6SyKqRl0XJu3egk=
150,-15,0eQlBXY1qpQ81SXT29Y5fyrY8FQ=,gUvGRc06kBNW+m84HDMm2JXx1hY=
145,-8,0eQlBXY1qpQ81SXT29Y5fyrY8FQ=,7zDKLXbxoflF6SyKqRl0XJu3egk=
144,-14,0eQlBXY1qpQ81SXT29Y5fyrY8FQ=,gUvGRc06kBNW+m84HDMm2JXx1hY=
145,-14,0eQlBXY1qpQ81SXT29Y5fyrY8FQ=,gUvGRc06kBNW+m84HDMm2JXx1hY=
146,-14,0eQlBXY1qpQ81SXT29Y5fyrY8FQ=,gUvGRc06kBNW+m84HDMm2JXx1hY=
147,-14,0eQlBXY1qpQ81SXT29Y5fyrY8FQ=,gUvGRc06kBNW+m84HDMm2JXx1hY=
148,-14,0eQlBXY1qpQ81SXT29Y5fyrY8FQ=,gUvGRc06kBNW+m84HDMm2JXx1hY=
146,-8,0eQlBXY1qpQ81SXT29Y5fyrY8FQ=,7zDKLXbxoflF6SyKqRl0XJu3egk=
149,-14,0eQlBXY1qpQ81SXT29Y5fyrY8FQ=,gUvGRc06kBNW+m84HDMm2JXx1hY=
150,-14,0eQlBXY1qpQ81SXT29Y5fyrY8FQ=,gUvGRc06kBNW+m84HDMm2JXx1hY=
144,-13,0eQlBXY1qpQ81SXT29Y5fyrY8FQ=,gUvGRc06kBNW+m84HDMm2JXx1hY=
145,-13,0eQlBXY1qpQ81SXT29Y5fyrY8FQ=,gUvGRc06kBNW+m84HDMm2JXx1hY=
146,-13,0eQlBXY1qpQ81SXT29Y5fyrY8FQ=,gUvGRc06kBNW+m84HDMm2JXx1hY=
147,-13,0eQlBXY1qpQ81SXT29Y5fyrY8FQ=,gUvGRc06kBNW+m84HDMm2JXx1hY=
148,-13,0eQlBXY1qpQ81SXT29Y5fyrY8FQ=,gUvGRc06kBNW+m84HDMm2JXx1hY=
149,-13,0eQlBXY1qpQ81SXT29Y5fyrY8FQ=,gUvGRc06kBNW+m84HDMm2JXx1hY=
147,-8,0eQlBXY1qpQ81SXT29Y5fyrY8FQ=,7zDKLXbxoflF6SyKqRl0XJu3egk=
150,-13,0eQlBXY1qpQ81SXT29Y5fyrY8FQ=,gUvGRc06kBNW+m84HDMm2JXx1hY=
148,-8,0eQlBXY1qpQ81SXT29Y5fyrY8FQ=,7zDKLXbxoflF6SyKqRl0XJu3egk=
144,-12,0eQlBXY1qpQ81SXT29Y5fyrY8FQ=,gUvGRc06kBNW+m84HDMm2JXx1hY=
149,-8,0eQlBXY1qpQ81SXT29Y5fyrY8FQ=,7zDKLXbxoflF6SyKqRl0XJu3egk=
145,-12,0eQlBXY1qpQ81SXT29Y5fyrY8FQ=,gUvGRc06kBNW+m84HDMm2JXx1hY=
150,-8,0eQlBXY1qpQ81SXT29Y5fyrY8FQ=,7zDKLXbxoflF6SyKqRl0XJu3egk=
146,-12,0eQlBXY1qpQ81SXT29Y5fyrY8FQ=,gUvGRc06kBNW+m84HDMm2JXx1hY=
147,-12,0eQlBXY1qpQ81SXT29Y5fyrY8FQ=,gUvGRc06kBNW+m84HDMm2JXx1hY=
148,-12,0eQlBXY1qpQ81SXT29Y5fyrY8FQ=,gUvGRc06kBNW+m84HDMm2JXx1hY=
149,-12,0eQlBXY1qpQ81SXT29Y5fyrY8FQ=,gUvGRc06kBNW+m84HDMm2JXx1hY=
150,-12,0eQlBXY1qpQ81SXT29Y5fyrY8FQ=,gUvGRc06kBNW+m84HDMm2JXx1hY=
144,-11,0eQlBXY1qpQ81SXT29Y5fyrY8FQ=,gUvGRc06kBNW+m84HDMm2JXx1hY=
145,-11,0eQlBXY1qpQ81SXT29Y5fyrY8FQ=,gUvGRc06kBNW+m84HDMm2JXx1hY=
146,-11,0eQlBXY1qpQ81SXT29Y5fyrY8FQ=,gUvGRc06kBNW+m84HDMm2JXx1hY=
147,-11,0eQlBXY1qpQ81SXT29Y5fyrY8FQ=,gUvGRc06kBNW+m84HDMm2JXx1hY=
159,-9,0eQlBXY1qpQ81SXT29Y5fyrY8FQ=,5CEmUH2QPNhkO27tK7UptX+kgdk=
156,-13,0eQlBXY1qpQ81SXT29Y5fyrY8FQ=,5CEmUH2QPNhkO27tK7UptX+kgdk=
157,-13,0eQlBXY1qpQ81SXT29Y5fyrY8FQ=,5CEmUH2QPNhkO27tK7UptX+kgdk=
152,-8,0eQlBXY1qpQ81SXT29Y5fyrY8FQ=,3pzxC5kq+ekEog2fL7rDgrz1//o=
158,-13,0eQlBXY1qpQ81SXT29Y5fyrY8FQ=,5CEmUH2QPNhkO27tK7UptX+kgdk=
153,-8,0eQlBXY1qpQ81SXT29Y5fyrY8FQ=,3pzxC5kq+ekEog2fL7rDgrz1//o=
151,-11,0eQlBXY1qpQ81SXT29Y5fyrY8FQ=,gUvGRc06kBNW+m84HDMm2JXx1hY=
159,-13,0eQlBXY1qpQ81SXT29Y5fyrY8FQ=,5CEmUH2QPNhkO27tK7UptX+kgdk=
152,-12,0eQlBXY1qpQ81SXT29Y5fyrY8FQ=,5CEmUH2QPNhkO27tK7UptX+kgdk=
151,-10,0eQlBXY1qpQ81SXT29Y5fyrY8FQ=,gUvGRc06kBNW+m84HDMm2JXx1hY=
153,-12,0eQlBXY1qpQ81SXT29Y5fyrY8FQ=,5CEmUH2QPNhkO27tK7UptX+kgdk=
154,-12,0eQlBXY1qpQ81SXT29Y5fyrY8FQ=,5CEmUH2QPNhkO27tK7UptX+kgdk=
155,-8,0eQlBXY1qpQ81SXT29Y5fyrY8FQ=,3pzxC5kq+ekEog2fL7rDgrz1//o=
155,-12,0eQlBXY1qpQ81SXT29Y5fyrY8FQ=,5CEmUH2QPNhkO27tK7UptX+kgdk=
155,-13,0eQlBXY1qpQ81SXT29Y5fyrY8FQ=,5CEmUH2QPNhkO27tK7UptX+kgdk=
153,-13,0eQlBXY1qpQ81SXT29Y5fyrY8FQ=,5CEmUH2QPNhkO27tK7UptX+kgdk=
154,-13,0eQlBXY1qpQ81SXT29Y5fyrY8FQ=,5CEmUH2QPNhkO27tK7UptX+kgdk=
156,-12,0eQlBXY1qpQ81SXT29Y5fyrY8FQ=,5CEmUH2QPNhkO27tK7UptX+kgdk=
158,-9,0eQlBXY1qpQ81SXT29Y5fyrY8FQ=,5CEmUH2QPNhkO27tK7UptX+kgdk=
157,-12,0eQlBXY1qpQ81SXT29Y5fyrY8FQ=,5CEmUH2QPNhkO27tK7UptX+kgdk=
158,-12,0eQlBXY1qpQ81SXT29Y5fyrY8FQ=,5CEmUH2QPNhkO27tK7UptX+kgdk=
159,-12,0eQlBXY1qpQ81SXT29Y5fyrY8FQ=,5CEmUH2QPNhkO27tK7UptX+kgdk=
152,-11,0eQlBXY1qpQ81SXT29Y5fyrY8FQ=,5CEmUH2QPNhkO27tK7UptX+kgdk=
151,-16,0eQlBXY1qpQ81SXT29Y5fyrY8FQ=,gUvGRc06kBNW+m84HDMm2JXx1hY=
151,-9,0eQlBXY1qpQ81SXT29Y5fyrY8FQ=,gUvGRc06kBNW+m84HDMm2JXx1hY=
153,-11,0eQlBXY1qpQ81SXT29Y5fyrY8FQ=,5CEmUH2QPNhkO27tK7UptX+kgdk=
154,-11,0eQlBXY1qpQ81SXT29Y5fyrY8FQ=,5CEmUH2QPNhkO27tK7UptX+kgdk=
157,-9,0eQlBXY1qpQ81SXT29Y5fyrY8FQ=,5CEmUH2QPNhkO27tK7UptX+kgdk=
156,-8,0eQlBXY1qpQ81SXT29Y5fyrY8FQ=,3pzxC5kq+ekEog2fL7rDgrz1//o=
151,-15,0eQlBXY1qpQ81SXT29Y5fyrY8FQ=,gUvGRc06kBNW+m84HDMm2JXx1hY=
155,-9,0eQlBXY1qpQ81SXT29Y5fyrY8FQ=,5CEmUH2QPNhkO27tK7UptX+kgdk=
153,-9,0eQlBXY1qpQ81SXT29Y5fyrY8FQ=,5CEmUH2QPNhkO27tK7UptX+kgdk=
152,-9,0eQlBXY1qpQ81SXT29Y5fyrY8FQ=,5CEmUH2QPNhkO27tK7UptX+kgdk=
152,-13,0eQlBXY1qpQ81SXT29Y5fyrY8FQ=,5CEmUH2QPNhkO27tK7UptX+kgdk=
159,-14,0eQlBXY1qpQ81SXT29Y5fyrY8FQ=,5CEmUH2QPNhkO27tK7UptX+kgdk=
158,-14,0eQlBXY1qpQ81SXT29Y5fyrY8FQ=,5CEmUH2QPNhkO27tK7UptX+kgdk=
157,-14,0eQlBXY1qpQ81SXT29Y5fyrY8FQ=,5CEmUH2QPNhkO27tK7UptX+kgdk=
159,-10,0eQlBXY1qpQ81SXT29Y5fyrY8FQ=,5CEmUH2QPNhkO27tK7UptX+kgdk=
156,-14,0eQlBXY1qpQ81SXT29Y5fyrY8FQ=,5CEmUH2QPNhkO27tK7UptX+kgdk=
154,-9,0eQlBXY1qpQ81SXT29Y5fyrY8FQ=,5CEmUH2QPNhkO27tK7UptX+kgdk=
155,-14,0eQlBXY1qpQ81SXT29Y5fyrY8FQ=,5CEmUH2QPNhkO27tK7UptX+kgdk=
154,-14,0eQlBXY1qpQ81SXT29Y5fyrY8FQ=,5CEmUH2QPNhkO27tK7UptX+kgdk=
153,-14,0eQlBXY1qpQ81SXT29Y5fyrY8FQ=,5CEmUH2QPNhkO27tK7UptX+kgdk=
152,-14,0eQlBXY1qpQ81SXT29Y5fyrY8FQ=,5CEmUH2QPNhkO27tK7UptX+kgdk=
159,-15,0eQlBXY1qpQ81SXT29Y5fyrY8FQ=,5CEmUH2QPNhkO27tK7UptX+kgdk=
151,-12,0eQlBXY1qpQ81SXT29Y5fyrY8FQ=,gUvGRc06kBNW+m84HDMm2JXx1hY=
158,-15,0eQlBXY1qpQ81SXT29Y5fyrY8FQ=,5CEmUH2QPNhkO27tK7UptX+kgdk=
157,-15,0eQlBXY1qpQ81SXT29Y5fyrY8FQ=,5CEmUH2QPNhkO27tK7UptX+kgdk=
156,-15,0eQlBXY1qpQ81SXT29Y5fyrY8FQ=,5CEmUH2QPNhkO27tK7UptX+kgdk=
155,-15,0eQlBXY1qpQ81SXT29Y5fyrY8FQ=,5CEmUH2QPNhkO27tK7UptX+kgdk=
154,-15,0eQlBXY1qpQ81SXT29Y5fyrY8FQ=,5CEmUH2QPNhkO27tK7UptX+kgdk=
153,-15,0eQlBXY1qpQ81SXT29Y5fyrY8FQ=,5CEmUH2QPNhkO27tK7UptX+kgdk=
158,-10,0eQlBXY1qpQ81SXT29Y5fyrY8FQ=,5CEmUH2QPNhkO27tK7UptX+kgdk=
152,-15,0eQlBXY1qpQ81SXT29Y5fyrY8FQ=,5CEmUH2QPNhkO27tK7UptX+kgdk=
159,-16,0eQlBXY1qpQ81SXT29Y5fyrY8FQ=,5CEmUH2QPNhkO27tK7UptX+kgdk=
158,-16,0eQlBXY1qpQ81SXT29Y5fyrY8FQ=,5CEmUH2QPNhkO27tK7UptX+kgdk=
157,-16,0eQlBXY1qpQ81SXT29Y5fyrY8FQ=,5CEmUH2QPNhkO27tK7UptX+kgdk=
159,-8,0eQlBXY1qpQ81SXT29Y5fyrY8FQ=,3pzxC5kq+ekEog2fL7rDgrz1//o=
156,-16,0eQlBXY1qpQ81SXT29Y5fyrY8FQ=,5CEmUH2QPNhkO27tK7UptX+kgdk=
151,-8,0eQlBXY1qpQ81SXT29Y5fyrY8FQ=,7zDKLXbxoflF6SyKqRl0XJu3egk=
156,-9,0eQlBXY1qpQ81SXT29Y5fyrY8FQ=,5CEmUH2QPNhkO27tK7UptX+kgdk=
154,-16,0eQlBXY1qpQ81SXT29Y5fyrY8FQ=,5CEmUH2QPNhkO27tK7UptX+kgdk=
153,-16,0eQlBXY1qpQ81SXT29Y5fyrY8FQ=,5CEmUH2QPNhkO27tK7UptX+kgdk=
155,-16,0eQlBXY1qpQ81SXT29Y5fyrY8FQ=,5CEmUH2QPNhkO27tK7UptX+kgdk=
152,-16,0eQlBXY1qpQ81SXT29Y5fyrY8FQ=,5CEmUH2QPNhkO27tK7UptX+kgdk=
155,-11,0eQlBXY1qpQ81SXT29Y5fyrY8FQ=,5CEmUH2QPNhkO27tK7UptX+kgdk=
154,-8,0eQlBXY1qpQ81SXT29Y5fyrY8FQ=,3pzxC5kq+ekEog2fL7rDgrz1//o=
157,-10,0eQlBXY1qpQ81SXT29Y5fyrY8FQ=,5CEmUH2QPNhkO27tK7UptX+kgdk=
158,-8,0eQlBXY1qpQ81SXT29Y5fyrY8FQ=,3pzxC5kq+ekEog2fL7rDgrz1//o=
156,-10,0eQlBXY1qpQ81SXT29Y5fyrY8FQ=,5CEmUH2QPNhkO27tK7UptX+kgdk=
155,-10,0eQlBXY1qpQ81SXT29Y5fyrY8FQ=,5CEmUH2QPNhkO27tK7UptX+kgdk=
153,-10,0eQlBXY1qpQ81SXT29Y5fyrY8FQ=,5CEmUH2QPNhkO27tK7UptX+kgdk=
156,-11,0eQlBXY1qpQ81SXT29Y5fyrY8FQ=,5CEmUH2QPNhkO27tK7UptX+kgdk=
151,-14,0eQlBXY1qpQ81SXT29Y5fyrY8FQ=,gUvGRc06kBNW+m84HDMm2JXx1hY=
154,-10,0eQlBXY1qpQ81SXT29Y5fyrY8FQ=,5CEmUH2QPNhkO27tK7UptX+kgdk=
159,-11,0eQlBXY1qpQ81SXT29Y5fyrY8FQ=,5CEmUH2QPNhkO27tK7UptX+kgdk=
157,-8,0eQlBXY1qpQ81SXT29Y5fyrY8FQ=,3pzxC5kq+ekEog2fL7rDgrz1//o=
151,-13,0eQlBXY1qpQ81SXT29Y5fyrY8FQ=,gUvGRc06kBNW+m84HDMm2JXx1hY=
152,-10,0eQlBXY1qpQ81SXT29Y5fyrY8FQ=,5CEmUH2QPNhkO27tK7UptX+kgdk=
158,-11,0eQlBXY1qpQ81SXT29Y5fyrY8FQ=,5CEmUH2QPNhkO27tK7UptX+kgdk=
157,-11,0eQlBXY1qpQ81SXT29Y5fyrY8FQ=,5CEmUH2QPNhkO27tK7UptX+kgdk=
132,-3,hxEqwpO+Rfl8XvlzG6ArqkoikqA=,n9MEpLR30/0VS30NT+Ho23fm2Xo=
131,-3,hxEqwpO+Rfl8XvlzG6ArqkoikqA=,n9MEpLR30/0VS30NT+Ho23fm2Xo=
130,-3,hxEqwpO+Rfl8XvlzG6ArqkoikqA=,n9MEpLR30/0VS30NT+Ho23fm2Xo=
129,-3,hxEqwpO+Rfl8XvlzG6ArqkoikqA=,n9MEpLR30/0VS30NT+Ho23fm2Xo=
135,-4,hxEqwpO+Rfl8XvlzG6ArqkoikqA=,n9MEpLR30/0VS30NT+Ho23fm2Xo=
128,-3,hxEqwpO+Rfl8XvlzG6ArqkoikqA=,n9MEpLR30/0VS30NT+Ho23fm2Xo=
134,-4,hxEqwpO+Rfl8XvlzG6ArqkoikqA=,n9MEpLR30/0VS30NT+Ho23fm2Xo=
133,-4,ktNXsKwuGHxLxVbK7LzD8Dm14OM=,n9MEpLR30/0VS30NT+Ho23fm2Xo=
132,-4,ktNXsKwuGHxLxVbK7LzD8Dm14OM=,n9MEpLR30/0VS30NT+Ho23fm2Xo=
131,-4,ktNXsKwuGHxLxVbK7LzD8Dm14OM=,n9MEpLR30/0VS30NT+Ho23fm2Xo=
130,-4,ktNXsKwuGHxLxVbK7LzD8Dm14OM=,n9MEpLR30/0VS30NT+Ho23fm2Xo=
129,-4,ktNXsKwuGHxLxVbK7LzD8Dm14OM=,n9MEpLR30/0VS30NT+Ho23fm2Xo=
128,-4,ktNXsKwuGHxLxVbK7LzD8Dm14OM=,n9MEpLR30/0VS30NT+Ho23fm2Xo=
135,-5,ktNXsKwuGHxLxVbK7LzD8Dm14OM=,n9MEpLR30/0VS30NT+Ho23fm2Xo=
134,-5,ktNXsKwuGHxLxVbK7LzD8Dm14OM=,n9MEpLR30/0VS30NT+Ho23fm2Xo=
132,-5,ktNXsKwuGHxLxVbK7LzD8Dm14OM=,n9MEpLR30/0VS30NT+Ho23fm2Xo=
131,-5,ktNXsKwuGHxLxVbK7LzD8Dm14OM=,n9MEpLR30/0VS30NT+Ho23fm2Xo=
133,-5,ktNXsKwuGHxLxVbK7LzD8Dm14OM=,n9MEpLR30/0VS30NT+Ho23fm2Xo=
130,-5,ktNXsKwuGHxLxVbK7LzD8Dm14OM=,n9MEpLR30/0VS30NT+Ho23fm2Xo=
129,-5,ktNXsKwuGHxLxVbK7LzD8Dm14OM=,n9MEpLR30/0VS30NT+Ho23fm2Xo=
135,-6,ktNXsKwuGHxLxVbK7LzD8Dm14OM=,n9MEpLR30/0VS30NT+Ho23fm2Xo=
134,-6,ktNXsKwuGHxLxVbK7LzD8Dm14OM=,n9MEpLR30/0VS30NT+Ho23fm2Xo=
128,-5,ktNXsKwuGHxLxVbK7LzD8Dm14OM=,n9MEpLR30/0VS30NT+Ho23fm2Xo=
133,-6,ktNXsKwuGHxLxVbK7LzD8Dm14OM=,n9MEpLR30/0VS30NT+Ho23fm2Xo=
132,-6,ktNXsKwuGHxLxVbK7LzD8Dm14OM=,n9MEpLR30/0VS30NT+Ho23fm2Xo=
130,-6,ktNXsKwuGHxLxVbK7LzD8Dm14OM=,n9MEpLR30/0VS30NT+Ho23fm2Xo=
129,-6,ktNXsKwuGHxLxVbK7LzD8Dm14OM=,n9MEpLR30/0VS30NT+Ho23fm2Xo=
128,-6,ktNXsKwuGHxLxVbK7LzD8Dm14OM=,n9MEpLR30/0VS30NT+Ho23fm2Xo=
131,-6,ktNXsKwuGHxLxVbK7LzD8Dm14OM=,n9MEpLR30/0VS30NT+Ho23fm2Xo=
135,-7,ktNXsKwuGHxLxVbK7LzD8Dm14OM=,n9MEpLR30/0VS30NT+Ho23fm2Xo=
134,-7,ktNXsKwuGHxLxVbK7LzD8Dm14OM=,n9MEpLR30/0VS30NT+Ho23fm2Xo=
133,-7,ktNXsKwuGHxLxVbK7LzD8Dm14OM=,n9MEpLR30/0VS30NT+Ho23fm2Xo=
132,-7,ktNXsKwuGHxLxVbK7LzD8Dm14OM=,n9MEpLR30/0VS30NT+Ho23fm2Xo=
131,-7,ktNXsKwuGHxLxVbK7LzD8Dm14OM=,n9MEpLR30/0VS30NT+Ho23fm2Xo=
130,-7,ktNXsKwuGHxLxVbK7LzD8Dm14OM=,n9MEpLR30/0VS30NT+Ho23fm2Xo=
129,-7,ktNXsKwuGHxLxVbK7LzD8Dm14OM=,n9MEpLR30/0VS30NT+Ho23fm2Xo=
128,-7,ktNXsKwuGHxLxVbK7LzD8Dm14OM=,n9MEpLR30/0VS30NT+Ho23fm2Xo=
135,-1,ktNXsKwuGHxLxVbK7LzD8Dm14OM=,n9MEpLR30/0VS30NT+Ho23fm2Xo=
134,-1,ktNXsKwuGHxLxVbK7LzD8Dm14OM=,n9MEpLR30/0VS30NT+Ho23fm2Xo=
133,-1,ktNXsKwuGHxLxVbK7LzD8Dm14OM=,n9MEpLR30/0VS30NT+Ho23fm2Xo=
131,-1,ktNXsKwuGHxLxVbK7LzD8Dm14OM=,n9MEpLR30/0VS30NT+Ho23fm2Xo=
132,-1,ktNXsKwuGHxLxVbK7LzD8Dm14OM=,n9MEpLR30/0VS30NT+Ho23fm2Xo=
130,-1,ktNXsKwuGHxLxVbK7LzD8Dm14OM=,n9MEpLR30/0VS30NT+Ho23fm2Xo=
129,-1,ktNXsKwuGHxLxVbK7LzD8Dm14OM=,n9MEpLR30/0VS30NT+Ho23fm2Xo=
128,-1,ktNXsKwuGHxLxVbK7LzD8Dm14OM=,n9MEpLR30/0VS30NT+Ho23fm2Xo=
135,-2,ktNXsKwuGHxLxVbK7LzD8Dm14OM=,n9MEpLR30/0VS30NT+Ho23fm2Xo=
134,-2,ktNXsKwuGHxLxVbK7LzD8Dm14OM=,n9MEpLR30/0VS30NT+Ho23fm2Xo=
133,-2,ktNXsKwuGHxLxVbK7LzD8Dm14OM=,n9MEpLR30/0VS30NT+Ho23fm2Xo=
132,-2,ktNXsKwuGHxLxVbK7LzD8Dm14OM=,n9MEpLR30/0VS30NT+Ho23fm2Xo=
131,-2,ktNXsKwuGHxLxVbK7LzD8Dm14OM=,n9MEpLR30/0VS30NT+Ho23fm2Xo=
130,-2,ktNXsKwuGHxLxVbK7LzD8Dm14OM=,n9MEpLR30/0VS30NT+Ho23fm2Xo=
129,-2,ktNXsKwuGHxLxVbK7LzD8Dm14OM=,n9MEpLR30/0VS30NT+Ho23fm2Xo=
128,-2,ktNXsKwuGHxLxVbK7LzD8Dm14OM=,n9MEpLR30/0VS30NT+Ho23fm2Xo=
135,-3,ktNXsKwuGHxLxVbK7LzD8Dm14OM=,n9MEpLR30/0VS30NT+Ho23fm2Xo=
134,-3,ktNXsKwuGHxLxVbK7LzD8Dm14OM=,n9MEpLR30/0VS30NT+Ho23fm2Xo=
132,-13,ktNXsKwuGHxLxVbK7LzD8Dm14OM=,Ujcu9s806RWCawDj8Q1Vmml9IyA=
133,-3,ktNXsKwuGHxLxVbK7LzD8Dm14OM=,n9MEpLR30/0VS30NT+Ho23fm2Xo=
133,-13,ktNXsKwuGHxLxVbK7LzD8Dm14OM=,Ujcu9s806RWCawDj8Q1Vmml9IyA=
128,-8,ktNXsKwuGHxLxVbK7LzD8Dm14OM=,n9MEpLR30/0VS30NT+Ho23fm2Xo=
129,-8,ktNXsKwuGHxLxVbK7LzD8Dm14OM=,n9MEpLR30/0VS30NT+Ho23fm2Xo=
130,-8,ktNXsKwuGHxLxVbK7LzD8Dm14OM=,n9MEpLR30/0VS30NT+Ho23fm2Xo=
134,-13,ktNXsKwuGHxLxVbK7LzD8Dm14OM=,Ujcu9s806RWCawDj8Q1Vmml9IyA=
131,-8,ktNXsKwuGHxLxVbK7LzD8Dm14OM=,n9MEpLR30/0VS30NT+Ho23fm2Xo=
132,-8,ktNXsKwuGHxLxVbK7LzD8Dm14OM=,n9MEpLR30/0VS30NT+Ho23fm2Xo=
128,-12,ktNXsKwuGHxLxVbK7LzD8Dm14OM=,Ujcu9s806RWCawDj8Q1Vmml9IyA=
133,-8,ktNXsKwuGHxLxVbK7LzD8Dm14OM=,n9MEpLR30/0VS30NT+Ho23fm2Xo=
129,-12,ktNXsKwuGHxLxVbK7LzD8Dm14OM=,Ujcu9s806RWCawDj8Q1Vmml9IyA=
130,-12,ktNXsKwuGHxLxVbK7LzD8Dm14OM=,Ujcu9s806RWCawDj8Q1Vmml9IyA=
131,-12,ktNXsKwuGHxLxVbK7LzD8Dm14OM=,Ujcu9s806RWCawDj8Q1Vmml9IyA=
134,-8,ktNXsKwuGHxLxVbK7LzD8Dm14OM=,n9MEpLR30/0VS30NT+Ho23fm2Xo=
132,-12,ktNXsKwuGHxLxVbK7LzD8Dm14OM=,Ujcu9s806RWCawDj8Q1Vmml9IyA=
133,-12,ktNXsKwuGHxLxVbK7LzD8Dm14OM=,Ujcu9s806RWCawDj8Q1Vmml9IyA=
134,-12,ktNXsKwuGHxLxVbK7LzD8Dm14OM=,Ujcu9s806RWCawDj8Q1Vmml9IyA=
128,-11,ktNXsKwuGHxLxVbK7LzD8Dm14OM=,Ujcu9s806RWCawDj8Q1Vmml9IyA=
129,-11,ktNXsKwuGHxLxVbK7LzD8Dm14OM=,Ujcu9s806RWCawDj8Q1Vmml9IyA=
130,-11,ktNXsKwuGHxLxVbK7LzD8Dm14OM=,Ujcu9s806RWCawDj8Q1Vmml9IyA=
131,-11,ktNXsKwuGHxLxVbK7LzD8Dm14OM=,Ujcu9s806RWCawDj8Q1Vmml9IyA=
132,-11,ktNXsKwuGHxLxVbK7LzD8Dm14OM=,Ujcu9s806RWCawDj8Q1Vmml9IyA=
133,-11,ktNXsKwuGHxLxVbK7LzD8Dm14OM=,Ujcu9s806RWCawDj8Q1Vmml9IyA=
128,-16,ktNXsKwuGHxLxVbK7LzD8Dm14OM=,Ujcu9s806RWCawDj8Q1Vmml9IyA=
129,-16,ktNXsKwuGHxLxVbK7LzD8Dm14OM=,Ujcu9s806RWCawDj8Q1Vmml9IyA=
134,-11,ktNXsKwuGHxLxVbK7LzD8Dm14OM=,Ujcu9s806RWCawDj8Q1Vmml9IyA=
128,-10,ktNXsKwuGHxLxVbK7LzD8Dm14OM=,Ujcu9s806RWCawDj8Q1Vmml9IyA=
130,-16,ktNXsKwuGHxLxVbK7LzD8Dm14OM=,Ujcu9s806RWCawDj8Q1Vmml9IyA=
129,-10,ktNXsKwuGHxLxVbK7LzD8Dm14OM=,Ujcu9s806RWCawDj8Q1Vmml9IyA=
131,-16,ktNXsKwuGHxLxVbK7LzD8Dm14OM=,Ujcu9s806RWCawDj8Q1Vmml9IyA=
132,-16,ktNXsKwuGHxLxVbK7LzD8Dm14OM=,Ujcu9s806RWCawDj8Q1Vmml9IyA=
133,-16,ktNXsKwuGHxLxVbK7LzD8Dm14OM=,Ujcu9s806RWCawDj8Q1Vmml9IyA=
134,-16,ktNXsKwuGHxLxVbK7LzD8Dm14OM=,Ujcu9s806RWCawDj8Q1Vmml9IyA=
130,-10,ktNXsKwuGHxLxVbK7LzD8Dm14OM=,Ujcu9s806RWCawDj8Q1Vmml9IyA=
128,-15,ktNXsKwuGHxLxVbK7LzD8Dm14OM=,Ujcu9s806RWCawDj8Q1Vmml9IyA=
131,-10,ktNXsKwuGHxLxVbK7LzD8Dm14OM=,Ujcu9s806RWCawDj8Q1Vmml9IyA=
129,-15,ktNXsKwuGHxLxVbK7LzD8Dm14OM=,Ujcu9s806RWCawDj8Q1Vmml9IyA=
131,-15,ktNXsKwuGHxLxVbK7LzD8Dm14OM=,Ujcu9s806RWCawDj8Q1Vmml9IyA=
130,-15,ktNXsKwuGHxLxVbK7LzD8Dm14OM=,Ujcu9s806RWCawDj8Q1Vmml9IyA=
133,-10,ktNXsKwuGHxLxVbK7LzD8Dm14OM=,Ujcu9s806RWCawDj8Q1Vmml9IyA=
132,-15,ktNXsKwuGHxLxVbK7LzD8Dm14OM=,Ujcu9s806RWCawDj8Q1Vmml9IyA=
133,-15,ktNXsKwuGHxLxVbK7LzD8Dm14OM=,Ujcu9s806RWCawDj8Q1Vmml9IyA=
134,-10,ktNXsKwuGHxLxVbK7LzD8Dm14OM=,Ujcu9s806RWCawDj8Q1Vmml9IyA=
132,-10,ktNXsKwuGHxLxVbK7LzD8Dm14OM=,Ujcu9s806RWCawDj8Q1Vmml9IyA=
134,-15,ktNXsKwuGHxLxVbK7LzD8Dm14OM=,Ujcu9s806RWCawDj8Q1Vmml9IyA=
128,-9,ktNXsKwuGHxLxVbK7LzD8Dm14OM=,Ujcu9s806RWCawDj8Q1Vmml9IyA=
128,-14,ktNXsKwuGHxLxVbK7LzD8Dm14OM=,Ujcu9s806RWCawDj8Q1Vmml9IyA=
129,-9,ktNXsKwuGHxLxVbK7LzD8Dm14OM=,Ujcu9s806RWCawDj8Q1Vmml9IyA=
129,-14,ktNXsKwuGHxLxVbK7LzD8Dm14OM=,Ujcu9s806RWCawDj8Q1Vmml9IyA=
130,-14,ktNXsKwuGHxLxVbK7LzD8Dm14OM=,Ujcu9s806RWCawDj8Q1Vmml9IyA=
130,-9,ktNXsKwuGHxLxVbK7LzD8Dm14OM=,Ujcu9s806RWCawDj8Q1Vmml9IyA=
131,-13,ktNXsKwuGHxLxVbK7LzD8Dm14OM=,Ujcu9s806RWCawDj8Q1Vmml9IyA=
130,-13,ktNXsKwuGHxLxVbK7LzD8Dm14OM=,Ujcu9s806RWCawDj8Q1Vmml9IyA=
134,-9,ktNXsKwuGHxLxVbK7LzD8Dm14OM=,Ujcu9s806RWCawDj8Q1Vmml9IyA=
131,-9,ktNXsKwuGHxLxVbK7LzD8Dm14OM=,Ujcu9s806RWCawDj8Q1Vmml9IyA=
131,-14,ktNXsKwuGHxLxVbK7LzD8Dm14OM=,Ujcu9s806RWCawDj8Q1Vmml9IyA=
132,-14,ktNXsKwuGHxLxVbK7LzD8Dm14OM=,Ujcu9s806RWCawDj8Q1Vmml9IyA=
133,-14,ktNXsKwuGHxLxVbK7LzD8Dm14OM=,Ujcu9s806RWCawDj8Q1Vmml9IyA=
134,-14,ktNXsKwuGHxLxVbK7LzD8Dm14OM=,Ujcu9s806RWCawDj8Q1Vmml9IyA=
132,-9,ktNXsKwuGHxLxVbK7LzD8Dm14OM=,Ujcu9s806RWCawDj8Q1Vmml9IyA=
133,-9,ktNXsKwuGHxLxVbK7LzD8Dm14OM=,Ujcu9s806RWCawDj8Q1Vmml9IyA=
128,-13,ktNXsKwuGHxLxVbK7LzD8Dm14OM=,Ujcu9s806RWCawDj8Q1Vmml9IyA=
129,-13,ktNXsKwuGHxLxVbK7LzD8Dm14OM=,Ujcu9s806RWCawDj8Q1Vmml9IyA=
141,-12,ktNXsKwuGHxLxVbK7LzD8Dm14OM=,f/lH2n5SGaVeliuNQAkX1U0Rpic=
141,-13,ktNXsKwuGHxLxVbK7LzD8Dm14OM=,f/lH2n5SGaVeliuNQAkX1U0Rpic=
143,-15,ktNXsKwuGHxLxVbK7LzD8Dm14OM=,f/lH2n5SGaVeliuNQAkX1U0Rpic=
142,-15,ktNXsKwuGHxLxVbK7LzD8Dm14OM=,f/lH2n5SGaVeliuNQAkX1U0Rpic=
141,-15,ktNXsKwuGHxLxVbK7LzD8Dm14OM=,f/lH2n5SGaVeliuNQAkX1U0Rpic=
135,-14,ktNXsKwuGHxLxVbK7LzD8Dm14OM=,Ujcu9s806RWCawDj8Q1Vmml9IyA=
139,-16,ktNXsKwuGHxLxVbK7LzD8Dm14OM=,f/lH2n5SGaVeliuNQAkX1U0Rpic=
135,-9,ktNXsKwuGHxLxVbK7LzD8Dm14OM=,Ujcu9s806RWCawDj8Q1Vmml9IyA=
143,-14,ktNXsKwuGHxLxVbK7LzD8Dm14OM=,f/lH2n5SGaVeliuNQAkX1U0Rpic=
142,-14,ktNXsKwuGHxLxVbK7LzD8Dm14OM=,f/lH2n5SGaVeliuNQAkX1U0Rpic=
139,-11,ktNXsKwuGHxLxVbK7LzD8Dm14OM=,f/lH2n5SGaVeliuNQAkX1U0Rpic=
140,-13,ktNXsKwuGHxLxVbK7LzD8Dm14OM=,f/lH2n5SGaVeliuNQAkX1U0Rpic=
135,-15,ktNXsKwuGHxLxVbK7LzD8Dm14OM=,Ujcu9s806RWCawDj8Q1Vmml9IyA=
140,-12,ktNXsKwuGHxLxVbK7LzD8Dm14OM=,f/lH2n5SGaVeliuNQAkX1U0Rpic=
138,-11,ktNXsKwuGHxLxVbK7LzD8Dm14OM=,f/lH2n5SGaVeliuNQAkX1U0Rpic=
139,-13,ktNXsKwuGHxLxVbK7LzD8Dm14OM=,f/lH2n5SGaVeliuNQAkX1U0Rpic=
141,-14,ktNXsKwuGHxLxVbK7LzD8Dm14OM=,f/lH2n5SGaVeliuNQAkX1U0Rpic=
139,-12,ktNXsKwuGHxLxVbK7LzD8Dm14OM=,f/lH2n5SGaVeliuNQAkX1U0Rpic=
135,-16,ktNXsKwuGHxLxVbK7LzD8Dm14OM=,Ujcu9s806RWCawDj8Q1Vmml9IyA=
137,-11,ktNXsKwuGHxLxVbK7LzD8Dm14OM=,f/lH2n5SGaVeliuNQAkX1U0Rpic=
138,-13,ktNXsKwuGHxLxVbK7LzD8Dm14OM=,f/lH2n5SGaVeliuNQAkX1U0Rpic=
138,-12,ktNXsKwuGHxLxVbK7LzD8Dm14OM=,f/lH2n5SGaVeliuNQAkX1U0Rpic=
140,-14,ktNXsKwuGHxLxVbK7LzD8Dm14OM=,f/lH2n5SGaVeliuNQAkX1U0Rpic=
139,-14,ktNXsKwuGHxLxVbK7LzD8Dm14OM=,f/lH2n5SGaVeliuNQAkX1U0Rpic=
135,-11,ktNXsKwuGHxLxVbK7LzD8Dm14OM=,Ujcu9s806RWCawDj8Q1Vmml9IyA=
136,-11,ktNXsKwuGHxLxVbK7LzD8Dm14OM=,f/lH2n5SGaVeliuNQAkX1U0Rpic=
137,-13,ktNXsKwuGHxLxVbK7LzD8Dm14OM=,f/lH2n5SGaVeliuNQAkX1U0Rpic=
143,-9,ktNXsKwuGHxLxVbK7LzD8Dm14OM=,f/lH2n5SGaVeliuNQAkX1U0Rpic=
135,-10,ktNXsKwuGHxLxVbK7LzD8Dm14OM=,Ujcu9s806RWCawDj8Q1Vmml9IyA=
140,-11,ktNXsKwuGHxLxVbK7LzD8Dm14OM=,f/lH2n5SGaVeliuNQAkX1U0Rpic=
142,-9,ktNXsKwuGHxLxVbK7LzD8Dm14OM=,f/lH2n5SGaVeliuNQAkX1U0Rpic=
139,-9,ktNXsKwuGHxLxVbK7LzD8Dm14OM=,f/lH2n5SGaVeliuNQAkX1U0Rpic=
138,-9,ktNXsKwuGHxLxVbK7LzD8Dm14OM=,f/lH2n5SGaVeliuNQAkX1U0Rpic=
137,-9,ktNXsKwuGHxLxVbK7LzD8Dm14OM=,f/lH2n5SGaVeliuNQAkX1U0Rpic=
143,-12,ktNXsKwuGHxLxVbK7LzD8Dm14OM=,f/lH2n5SGaVeliuNQAkX1U0Rpic=
136,-13,ktNXsKwuGHxLxVbK7LzD8Dm14OM=,f/lH2n5SGaVeliuNQAkX1U0Rpic=
136,-9,ktNXsKwuGHxLxVbK7LzD8Dm14OM=,f/lH2n5SGaVeliuNQAkX1U0Rpic=
140,-9,ktNXsKwuGHxLxVbK7LzD8Dm14OM=,f/lH2n5SGaVeliuNQAkX1U0Rpic=
141,-11,ktNXsKwuGHxLxVbK7LzD8Dm14OM=,f/lH2n5SGaVeliuNQAkX1U0Rpic=
141,-9,ktNXsKwuGHxLxVbK7LzD8Dm14OM=,f/lH2n5SGaVeliuNQAkX1U0Rpic=
137,-12,ktNXsKwuGHxLxVbK7LzD8Dm14OM=,f/lH2n5SGaVeliuNQAkX1U0Rpic=
142,-11,ktNXsKwuGHxLxVbK7LzD8Dm14OM=,f/lH2n5SGaVeliuNQAkX1U0Rpic=
138,-15,ktNXsKwuGHxLxVbK7LzD8Dm14OM=,f/lH2n5SGaVeliuNQAkX1U0Rpic=
139,-15,ktNXsKwuGHxLxVbK7LzD8Dm14OM=,f/lH2n5SGaVeliuNQAkX1U0Rpic=
140,-15,ktNXsKwuGHxLxVbK7LzD8Dm14OM=,f/lH2n5SGaVeliuNQAkX1U0Rpic=
136,-16,ktNXsKwuGHxLxVbK7LzD8Dm14OM=,f/lH2n5SGaVeliuNQAkX1U0Rpic=
136,-14,ktNXsKwuGHxLxVbK7LzD8Dm14OM=,f/lH2n5SGaVeliuNQAkX1U0Rpic=
142,-13,ktNXsKwuGHxLxVbK7LzD8Dm14OM=,f/lH2n5SGaVeliuNQAkX1U0Rpic=
137,-16,ktNXsKwuGHxLxVbK7LzD8Dm14OM=,f/lH2n5SGaVeliuNQAkX1U0Rpic=
140,-16,ktNXsKwuGHxLxVbK7LzD8Dm14OM=,f/lH2n5SGaVeliuNQAkX1U0Rpic=
141,-16,ktNXsKwuGHxLxVbK7LzD8Dm14OM=,f/lH2n5SGaVeliuNQAkX1U0Rpic=
142,-16,ktNXsKwuGHxLxVbK7LzD8Dm14OM=,f/lH2n5SGaVeliuNQAkX1U0Rpic=
143,-16,ktNXsKwuGHxLxVbK7LzD8Dm14OM=,f/lH2n5SGaVeliuNQAkX1U0Rpic=
136,-15,ktNXsKwuGHxLxVbK7LzD8Dm14OM=,f/lH2n5SGaVeliuNQAkX1U0Rpic=
137,-15,ktNXsKwuGHxLxVbK7LzD8Dm14OM=,f/lH2n5SGaVeliuNQAkX1U0Rpic=
135,-13,ktNXsKwuGHxLxVbK7LzD8Dm14OM=,Ujcu9s806RWCawDj8Q1Vmml9IyA=
138,-16,ktNXsKwuGHxLxVbK7LzD8Dm14OM=,f/lH2n5SGaVeliuNQAkX1U0Rpic=
142,-12,ktNXsKwuGHxLxVbK7LzD8Dm14OM=,f/lH2n5SGaVeliuNQAkX1U0Rpic=
143,-11,ktNXsKwuGHxLxVbK7LzD8Dm14OM=,f/lH2n5SGaVeliuNQAkX1U0Rpic=
137,-14,ktNXsKwuGHxLxVbK7LzD8Dm14OM=,f/lH2n5SGaVeliuNQAkX1U0Rpic=
143,-13,ktNXsKwuGHxLxVbK7LzD8Dm14OM=,f/lH2n5SGaVeliuNQAkX1U0Rpic=
135,-8,ktNXsKwuGHxLxVbK7LzD8Dm14OM=,n9MEpLR30/0VS30NT+Ho23fm2Xo=
135,-12,ktNXsKwuGHxLxVbK7LzD8Dm14OM=,Ujcu9s806RWCawDj8Q1Vmml9IyA=
136,-10,ktNXsKwuGHxLxVbK7LzD8Dm14OM=,f/lH2n5SGaVeliuNQAkX1U0Rpic=
143,-10,ktNXsKwuGHxLxVbK7LzD8Dm14OM=,f/lH2n5SGaVeliuNQAkX1U0Rpic=
136,-12,ktNXsKwuGHxLxVbK7LzD8Dm14OM=,f/lH2n5SGaVeliuNQAkX1U0Rpic=
138,-14,ktNXsKwuGHxLxVbK7LzD8Dm14OM=,f/lH2n5SGaVeliuNQAkX1U0Rpic=
137,-10,ktNXsKwuGHxLxVbK7LzD8Dm14OM=,f/lH2n5SGaVeliuNQAkX1U0Rpic=
142,-10,ktNXsKwuGHxLxVbK7LzD8Dm14OM=,f/lH2n5SGaVeliuNQAkX1U0Rpic=
141,-10,ktNXsKwuGHxLxVbK7LzD8Dm14OM=,f/lH2n5SGaVeliuNQAkX1U0Rpic=
138,-10,ktNXsKwuGHxLxVbK7LzD8Dm14OM=,f/lH2n5SGaVeliuNQAkX1U0Rpic=
140,-10,ktNXsKwuGHxLxVbK7LzD8Dm14OM=,f/lH2n5SGaVeliuNQAkX1U0Rpic=
139,-10,ktNXsKwuGHxLxVbK7LzD8Dm14OM=,f/lH2n5SGaVeliuNQAkX1U0Rpic=
