6,38,jdJWtT3H+tPnrrNkGOZAwOC/u2E=,aqo7jemPuPJLzq14ySMEtDinlJo=
5,37,jdJWtT3H+tPnrrNkGOZAwOC/u2E=,aqo7jemPuPJLzq14ySMEtDinlJo=
6,37,jdJWtT3H+tPnrrNkGOZAwOC/u2E=,aqo7jemPuPJLzq14ySMEtDinlJo=
5,38,jdJWtT3H+tPnrrNkGOZAwOC/u2E=,aqo7jemPuPJLzq14ySMEtDinlJo=
1,41,jdJWtT3H+tPnrrNkGOZAwOC/u2E=,Y47a0LIurtTkkTVuxf5kKAhXgHE=
2,41,jdJWtT3H+tPnrrNkGOZAwOC/u2E=,Y47a0LIurtTkkTVuxf5kKAhXgHE=
2,42,jdJWtT3H+tPnrrNkGOZAwOC/u2E=,Y47a0LIurtTkkTVuxf5kKAhXgHE=
1,42,jdJWtT3H+tPnrrNkGOZAwOC/u2E=,Y47a0LIurtTkkTVuxf5kKAhXgHE=
2,33,jdJWtT3H+tPnrrNkGOZAwOC/u2E=,yzVIv5JY1G2NOrYtz2YJ43dpHIU=
1,34,jdJWtT3H+tPnrrNkGOZAwOC/u2E=,yzVIv5JY1G2NOrYtz2YJ43dpHIU=
2,34,jdJWtT3H+tPnrrNkGOZAwOC/u2E=,yzVIv5JY1G2NOrYtz2YJ43dpHIU=
1,33,jdJWtT3H+tPnrrNkGOZAwOC/u2E=,yzVIv5JY1G2NOrYtz2YJ43dpHIU=
7,38,jdJWtT3H+tPnrrNkGOZAwOC/u2E=,aqo7jemPuPJLzq14ySMEtDinlJo=
7,37,jdJWtT3H+tPnrrNkGOZAwOC/u2E=,aqo7jemPuPJLzq14ySMEtDinlJo=
6,34,jdJWtT3H+tPnrrNkGOZAwOC/u2E=,wC4/wQK/Ir8S7V99thfAit3vipI=
3,33,jdJWtT3H+tPnrrNkGOZAwOC/u2E=,yzVIv5JY1G2NOrYtz2YJ43dpHIU=
6,36,jdJWtT3H+tPnrrNkGOZAwOC/u2E=,aqo7jemPuPJLzq14ySMEtDinlJo=
5,32,jdJWtT3H+tPnrrNkGOZAwOC/u2E=,wC4/wQK/Ir8S7V99thfAit3vipI=
6,32,jdJWtT3H+tPnrrNkGOZAwOC/u2E=,wC4/wQK/Ir8S7V99thfAit3vipI=
4,33,jdJWtT3H+tPnrrNkGOZAwOC/u2E=,wC4/wQK/Ir8S7V99thfAit3vipI=
5,35,jdJWtT3H+tPnrrNkGOZAwOC/u2E=,wC4/wQK/Ir8S7V99thfAit3vipI=
5,39,jdJWtT3H+tPnrrNkGOZAwOC/u2E=,aqo7jemPuPJLzq14ySMEtDinlJo=
5,33,jdJWtT3H+tPnrrNkGOZAwOC/u2E=,wC4/wQK/Ir8S7V99thfAit3vipI=
6,33,jdJWtT3H+tPnrrNkGOZAwOC/u2E=,wC4/wQK/Ir8S7V99thfAit3vipI=
6,35,jdJWtT3H+tPnrrNkGOZAwOC/u2E=,wC4/wQK/Ir8S7V99thfAit3vipI=
4,34,jdJWtT3H+tPnrrNkGOZAwOC/u2E=,wC4/wQK/Ir8S7V99thfAit3vipI=
3,34,jdJWtT3H+tPnrrNkGOZAwOC/u2E=,yzVIv5JY1G2NOrYtz2YJ43dpHIU=
5,34,jdJWtT3H+tPnrrNkGOZAwOC/u2E=,wC4/wQK/Ir8S7V99thfAit3vipI=
5,36,jdJWtT3H+tPnrrNkGOZAwOC/u2E=,aqo7jemPuPJLzq14ySMEtDinlJo=
0,41,jdJWtT3H+tPnrrNkGOZAwOC/u2E=,Y47a0LIurtTkkTVuxf5kKAhXgHE=
0,42,jdJWtT3H+tPnrrNkGOZAwOC/u2E=,Y47a0LIurtTkkTVuxf5kKAhXgHE=
0,33,jdJWtT3H+tPnrrNkGOZAwOC/u2E=,yzVIv5JY1G2NOrYtz2YJ43dpHIU=
0,34,jdJWtT3H+tPnrrNkGOZAwOC/u2E=,yzVIv5JY1G2NOrYtz2YJ43dpHIU=
1,43,jdJWtT3H+tPnrrNkGOZAwOC/u2E=,Y47a0LIurtTkkTVuxf5kKAhXgHE=
2,43,jdJWtT3H+tPnrrNkGOZAwOC/u2E=,Y47a0LIurtTkkTVuxf5kKAhXgHE=
3,43,jdJWtT3H+tPnrrNkGOZAwOC/u2E=,Y47a0LIurtTkkTVuxf5kKAhXgHE=
8,32,jdJWtT3H+tPnrrNkGOZAwOC/u2E=,xsVnrldzoA8qWTaTXIAaj8IuEe4=
4,32,jdJWtT3H+tPnrrNkGOZAwOC/u2E=,wC4/wQK/Ir8S7V99thfAit3vipI=
7,35,jdJWtT3H+tPnrrNkGOZAwOC/u2E=,wC4/wQK/Ir8S7V99thfAit3vipI=
10,35,jdJWtT3H+tPnrrNkGOZAwOC/u2E=,xsVnrldzoA8qWTaTXIAaj8IuEe4=
9,32,jdJWtT3H+tPnrrNkGOZAwOC/u2E=,xsVnrldzoA8qWTaTXIAaj8IuEe4=
1,40,jdJWtT3H+tPnrrNkGOZAwOC/u2E=,Y47a0LIurtTkkTVuxf5kKAhXgHE=
1,32,jdJWtT3H+tPnrrNkGOZAwOC/u2E=,yzVIv5JY1G2NOrYtz2YJ43dpHIU=
0,32,jdJWtT3H+tPnrrNkGOZAwOC/u2E=,yzVIv5JY1G2NOrYtz2YJ43dpHIU=
2,32,jdJWtT3H+tPnrrNkGOZAwOC/u2E=,yzVIv5JY1G2NOrYtz2YJ43dpHIU=
11,35,jdJWtT3H+tPnrrNkGOZAwOC/u2E=,xsVnrldzoA8qWTaTXIAaj8IuEe4=
0,43,jdJWtT3H+tPnrrNkGOZAwOC/u2E=,Y47a0LIurtTkkTVuxf5kKAhXgHE=
7,39,jdJWtT3H+tPnrrNkGOZAwOC/u2E=,aqo7jemPuPJLzq14ySMEtDinlJo=
10,32,jdJWtT3H+tPnrrNkGOZAwOC/u2E=,xsVnrldzoA8qWTaTXIAaj8IuEe4=
3,32,jdJWtT3H+tPnrrNkGOZAwOC/u2E=,yzVIv5JY1G2NOrYtz2YJ43dpHIU=
9,35,jdJWtT3H+tPnrrNkGOZAwOC/u2E=,xsVnrldzoA8qWTaTXIAaj8IuEe4=
8,35,jdJWtT3H+tPnrrNkGOZAwOC/u2E=,xsVnrldzoA8qWTaTXIAaj8IuEe4=
3,41,jdJWtT3H+tPnrrNkGOZAwOC/u2E=,Y47a0LIurtTkkTVuxf5kKAhXgHE=
0,37,jdJWtT3H+tPnrrNkGOZAwOC/u2E=,27YoF41O88lLSPM3HqgnCREWr6A=
3,39,jdJWtT3H+tPnrrNkGOZAwOC/u2E=,27YoF41O88lLSPM3HqgnCREWr6A=
4,39,jdJWtT3H+tPnrrNkGOZAwOC/u2E=,aqo7jemPuPJLzq14ySMEtDinlJo=
2,40,jdJWtT3H+tPnrrNkGOZAwOC/u2E=,Y47a0LIurtTkkTVuxf5kKAhXgHE=
3,40,jdJWtT3H+tPnrrNkGOZAwOC/u2E=,Y47a0LIurtTkkTVuxf5kKAhXgHE=
0,35,jdJWtT3H+tPnrrNkGOZAwOC/u2E=,yzVIv5JY1G2NOrYtz2YJ43dpHIU=
0,40,jdJWtT3H+tPnrrNkGOZAwOC/u2E=,Y47a0LIurtTkkTVuxf5kKAhXgHE=
4,36,jdJWtT3H+tPnrrNkGOZAwOC/u2E=,aqo7jemPuPJLzq14ySMEtDinlJo=
11,34,jdJWtT3H+tPnrrNkGOZAwOC/u2E=,xsVnrldzoA8qWTaTXIAaj8IuEe4=
7,33,jdJWtT3H+tPnrrNkGOZAwOC/u2E=,wC4/wQK/Ir8S7V99thfAit3vipI=
3,42,jdJWtT3H+tPnrrNkGOZAwOC/u2E=,Y47a0LIurtTkkTVuxf5kKAhXgHE=
6,39,jdJWtT3H+tPnrrNkGOZAwOC/u2E=,aqo7jemPuPJLzq14ySMEtDinlJo=
11,32,jdJWtT3H+tPnrrNkGOZAwOC/u2E=,xsVnrldzoA8qWTaTXIAaj8IuEe4=
0,36,jdJWtT3H+tPnrrNkGOZAwOC/u2E=,27YoF41O88lLSPM3HqgnCREWr6A=
10,34,jdJWtT3H+tPnrrNkGOZAwOC/u2E=,xsVnrldzoA8qWTaTXIAaj8IuEe4=
7,32,jdJWtT3H+tPnrrNkGOZAwOC/u2E=,wC4/wQK/Ir8S7V99thfAit3vipI=
9,34,jdJWtT3H+tPnrrNkGOZAwOC/u2E=,xsVnrldzoA8qWTaTXIAaj8IuEe4=
11,33,jdJWtT3H+tPnrrNkGOZAwOC/u2E=,xsVnrldzoA8qWTaTXIAaj8IuEe4=
3,36,jdJWtT3H+tPnrrNkGOZAwOC/u2E=,27YoF41O88lLSPM3HqgnCREWr6A=
8,34,jdJWtT3H+tPnrrNkGOZAwOC/u2E=,xsVnrldzoA8qWTaTXIAaj8IuEe4=
2,38,jdJWtT3H+tPnrrNkGOZAwOC/u2E=,27YoF41O88lLSPM3HqgnCREWr6A=
1,37,jdJWtT3H+tPnrrNkGOZAwOC/u2E=,27YoF41O88lLSPM3HqgnCREWr6A=
4,38,jdJWtT3H+tPnrrNkGOZAwOC/u2E=,aqo7jemPuPJLzq14ySMEtDinlJo=
4,37,jdJWtT3H+tPnrrNkGOZAwOC/u2E=,aqo7jemPuPJLzq14ySMEtDinlJo=
1,38,jdJWtT3H+tPnrrNkGOZAwOC/u2E=,27YoF41O88lLSPM3HqgnCREWr6A=
7,36,jdJWtT3H+tPnrrNkGOZAwOC/u2E=,aqo7jemPuPJLzq14ySMEtDinlJo=
10,33,jdJWtT3H+tPnrrNkGOZAwOC/u2E=,xsVnrldzoA8qWTaTXIAaj8IuEe4=
1,35,jdJWtT3H+tPnrrNkGOZAwOC/u2E=,yzVIv5JY1G2NOrYtz2YJ43dpHIU=
3,38,jdJWtT3H+tPnrrNkGOZAwOC/u2E=,27YoF41O88lLSPM3HqgnCREWr6A=
9,33,jdJWtT3H+tPnrrNkGOZAwOC/u2E=,xsVnrldzoA8qWTaTXIAaj8IuEe4=
0,38,jdJWtT3H+tPnrrNkGOZAwOC/u2E=,27YoF41O88lLSPM3HqgnCREWr6A=
2,39,jdJWtT3H+tPnrrNkGOZAwOC/u2E=,27YoF41O88lLSPM3HqgnCREWr6A=
3,37,jdJWtT3H+tPnrrNkGOZAwOC/u2E=,27YoF41O88lLSPM3HqgnCREWr6A=
7,34,jdJWtT3H+tPnrrNkGOZAwOC/u2E=,wC4/wQK/Ir8S7V99thfAit3vipI=
1,36,jdJWtT3H+tPnrrNkGOZAwOC/u2E=,27YoF41O88lLSPM3HqgnCREWr6A=
1,39,jdJWtT3H+tPnrrNkGOZAwOC/u2E=,27YoF41O88lLSPM3HqgnCREWr6A=
2,36,jdJWtT3H+tPnrrNkGOZAwOC/u2E=,27YoF41O88lLSPM3HqgnCREWr6A=
0,39,jdJWtT3H+tPnrrNkGOZAwOC/u2E=,27YoF41O88lLSPM3HqgnCREWr6A=
2,35,jdJWtT3H+tPnrrNkGOZAwOC/u2E=,yzVIv5JY1G2NOrYtz2YJ43dpHIU=
3,35,jdJWtT3H+tPnrrNkGOZAwOC/u2E=,yzVIv5JY1G2NOrYtz2YJ43dpHIU=
4,35,jdJWtT3H+tPnrrNkGOZAwOC/u2E=,wC4/wQK/Ir8S7V99thfAit3vipI=
8,33,jdJWtT3H+tPnrrNkGOZAwOC/u2E=,xsVnrldzoA8qWTaTXIAaj8IuEe4=
2,37,jdJWtT3H+tPnrrNkGOZAwOC/u2E=,27YoF41O88lLSPM3HqgnCREWr6A=
