-49,15,Yq3FCGe8d4obhy6lxmT8cbgYCk8=,Nlb4NiL9bg4UY6AWzffGDF2VABo=
-50,10,Yq3FCGe8d4obhy6lxmT8cbgYCk8=,Nlb4NiL9bg4UY6AWzffGDF2VABo=
-50,15,Yq3FCGe8d4obhy6lxmT8cbgYCk8=,Nlb4NiL9bg4UY6AWzffGDF2VABo=
-51,15,Yq3FCGe8d4obhy6lxmT8cbgYCk8=,Nlb4NiL9bg4UY6AWzffGDF2VABo=
-49,10,Yq3FCGe8d4obhy6lxmT8cbgYCk8=,Nlb4NiL9bg4UY6AWzffGDF2VABo=
-52,15,Yq3FCGe8d4obhy6lxmT8cbgYCk8=,Nlb4NiL9bg4UY6AWzffGDF2VABo=
-53,8,Yq3FCGe8d4obhy6lxmT8cbgYCk8=,Nlb4NiL9bg4UY6AWzffGDF2VABo=
-56,11,Yq3FCGe8d4obhy6lxmT8cbgYCk8=,Nlb4NiL9bg4UY6AWzffGDF2VABo=
-53,15,Yq3FCGe8d4obhy6lxmT8cbgYCk8=,Nlb4NiL9bg4UY6AWzffGDF2VABo=
-49,9,Yq3FCGe8d4obhy6lxmT8cbgYCk8=,Nlb4NiL9bg4UY6AWzffGDF2VABo=
-55,11,Yq3FCGe8d4obhy6lxmT8cbgYCk8=,Nlb4NiL9bg4UY6AWzffGDF2VABo=
-54,15,Yq3FCGe8d4obhy6lxmT8cbgYCk8=,Nlb4NiL9bg4UY6AWzffGDF2VABo=
-56,8,Yq3FCGe8d4obhy6lxmT8cbgYCk8=,Nlb4NiL9bg4UY6AWzffGDF2VABo=
-55,9,Yq3FCGe8d4obhy6lxmT8cbgYCk8=,Nlb4NiL9bg4UY6AWzffGDF2VABo=
-55,15,Yq3FCGe8d4obhy6lxmT8cbgYCk8=,Nlb4NiL9bg4UY6AWzffGDF2VABo=
-54,11,Yq3FCGe8d4obhy6lxmT8cbgYCk8=,Nlb4NiL9bg4UY6AWzffGDF2VABo=
-50,9,Yq3FCGe8d4obhy6lxmT8cbgYCk8=,Nlb4NiL9bg4UY6AWzffGDF2VABo=
-51,9,Yq3FCGe8d4obhy6lxmT8cbgYCk8=,Nlb4NiL9bg4UY6AWzffGDF2VABo=
-53,11,Yq3FCGe8d4obhy6lxmT8cbgYCk8=,Nlb4NiL9bg4UY6AWzffGDF2VABo=
-56,15,Yq3FCGe8d4obhy6lxmT8cbgYCk8=,Nlb4NiL9bg4UY6AWzffGDF2VABo=
-49,14,Yq3FCGe8d4obhy6lxmT8cbgYCk8=,Nlb4NiL9bg4UY6AWzffGDF2VABo=
-52,11,Yq3FCGe8d4obhy6lxmT8cbgYCk8=,Nlb4NiL9bg4UY6AWzffGDF2VABo=
-52,9,Yq3FCGe8d4obhy6lxmT8cbgYCk8=,Nlb4NiL9bg4UY6AWzffGDF2VABo=
-53,9,Yq3FCGe8d4obhy6lxmT8cbgYCk8=,Nlb4NiL9bg4UY6AWzffGDF2VABo=
-51,11,Yq3FCGe8d4obhy6lxmT8cbgYCk8=,Nlb4NiL9bg4UY6AWzffGDF2VABo=
-54,9,Yq3FCGe8d4obhy6lxmT8cbgYCk8=,Nlb4NiL9bg4UY6AWzffGDF2VABo=
-50,11,Yq3FCGe8d4obhy6lxmT8cbgYCk8=,Nlb4NiL9bg4UY6AWzffGDF2VABo=
-51,10,Yq3FCGe8d4obhy6lxmT8cbgYCk8=,Nlb4NiL9bg4UY6AWzffGDF2VABo=
-54,8,Yq3FCGe8d4obhy6lxmT8cbgYCk8=,Nlb4NiL9bg4UY6AWzffGDF2VABo=
-49,11,Yq3FCGe8d4obhy6lxmT8cbgYCk8=,Nlb4NiL9bg4UY6AWzffGDF2VABo=
-56,10,Yq3FCGe8d4obhy6lxmT8cbgYCk8=,Nlb4NiL9bg4UY6AWzffGDF2VABo=
-55,10,Yq3FCGe8d4obhy6lxmT8cbgYCk8=,Nlb4NiL9bg4UY6AWzffGDF2VABo=
-56,12,Yq3FCGe8d4obhy6lxmT8cbgYCk8=,Nlb4NiL9bg4UY6AWzffGDF2VABo=
-52,8,Yq3FCGe8d4obhy6lxmT8cbgYCk8=,Nlb4NiL9bg4UY6AWzffGDF2VABo=
-55,12,Yq3FCGe8d4obhy6lxmT8cbgYCk8=,Nlb4NiL9bg4UY6AWzffGDF2VABo=
-54,12,Yq3FCGe8d4obhy6lxmT8cbgYCk8=,Nlb4NiL9bg4UY6AWzffGDF2VABo=
-53,12,Yq3FCGe8d4obhy6lxmT8cbgYCk8=,Nlb4NiL9bg4UY6AWzffGDF2VABo=
-55,8,Yq3FCGe8d4obhy6lxmT8cbgYCk8=,Nlb4NiL9bg4UY6AWzffGDF2VABo=
-52,12,Yq3FCGe8d4obhy6lxmT8cbgYCk8=,Nlb4NiL9bg4UY6AWzffGDF2VABo=
-51,12,Yq3FCGe8d4obhy6lxmT8cbgYCk8=,Nlb4NiL9bg4UY6AWzffGDF2VABo=
-50,12,Yq3FCGe8d4obhy6lxmT8cbgYCk8=,Nlb4NiL9bg4UY6AWzffGDF2VABo=
-51,8,Yq3FCGe8d4obhy6lxmT8cbgYCk8=,Nlb4NiL9bg4UY6AWzffGDF2VABo=
-49,12,Yq3FCGe8d4obhy6lxmT8cbgYCk8=,Nlb4NiL9bg4UY6AWzffGDF2VABo=
-54,10,Yq3FCGe8d4obhy6lxmT8cbgYCk8=,Nlb4NiL9bg4UY6AWzffGDF2VABo=
-56,13,Yq3FCGe8d4obhy6lxmT8cbgYCk8=,Nlb4NiL9bg4UY6AWzffGDF2VABo=
-50,8,Yq3FCGe8d4obhy6lxmT8cbgYCk8=,Nlb4NiL9bg4UY6AWzffGDF2VABo=
-55,13,Yq3FCGe8d4obhy6lxmT8cbgYCk8=,Nlb4NiL9bg4UY6AWzffGDF2VABo=
-54,13,Yq3FCGe8d4obhy6lxmT8cbgYCk8=,Nlb4NiL9bg4UY6AWzffGDF2VABo=
-53,13,Yq3FCGe8d4obhy6lxmT8cbgYCk8=,Nlb4NiL9bg4UY6AWzffGDF2VABo=
-52,13,Yq3FCGe8d4obhy6lxmT8cbgYCk8=,Nlb4NiL9bg4UY6AWzffGDF2VABo=
-51,13,Yq3FCGe8d4obhy6lxmT8cbgYCk8=,Nlb4NiL9bg4UY6AWzffGDF2VABo=
-50,13,Yq3FCGe8d4obhy6lxmT8cbgYCk8=,Nlb4NiL9bg4UY6AWzffGDF2VABo=
-49,8,Yq3FCGe8d4obhy6lxmT8cbgYCk8=,Nlb4NiL9bg4UY6AWzffGDF2VABo=
-49,13,Yq3FCGe8d4obhy6lxmT8cbgYCk8=,Nlb4NiL9bg4UY6AWzffGDF2VABo=
-53,10,Yq3FCGe8d4obhy6lxmT8cbgYCk8=,Nlb4NiL9bg4UY6AWzffGDF2VABo=
-56,9,Yq3FCGe8d4obhy6lxmT8cbgYCk8=,Nlb4NiL9bg4UY6AWzffGDF2VABo=
-56,14,Yq3FCGe8d4obhy6lxmT8cbgYCk8=,Nlb4NiL9bg4UY6AWzffGDF2VABo=
-55,14,Yq3FCGe8d4obhy6lxmT8cbgYCk8=,Nlb4NiL9bg4UY6AWzffGDF2VABo=
-54,14,Yq3FCGe8d4obhy6lxmT8cbgYCk8=,Nlb4NiL9bg4UY6AWzffGDF2VABo=
-53,14,Yq3FCGe8d4obhy6lxmT8cbgYCk8=,Nlb4NiL9bg4UY6AWzffGDF2VABo=
-50,14,Yq3FCGe8d4obhy6lxmT8cbgYCk8=,Nlb4NiL9bg4UY6AWzffGDF2VABo=
-51,14,Yq3FCGe8d4obhy6lxmT8cbgYCk8=,Nlb4NiL9bg4UY6AWzffGDF2VABo=
-52,10,Yq3FCGe8d4obhy6lxmT8cbgYCk8=,Nlb4NiL9bg4UY6AWzffGDF2VABo=
-52,14,Yq3FCGe8d4obhy6lxmT8cbgYCk8=,Nlb4NiL9bg4UY6AWzffGDF2VABo=
-52,29,Yq3FCGe8d4obhy6lxmT8cbgYCk8=,2HQwaaOsXg83ah3bRCyE+m25Fec=
-51,29,Yq3FCGe8d4obhy6lxmT8cbgYCk8=,2HQwaaOsXg83ah3bRCyE+m25Fec=
-50,29,Yq3FCGe8d4obhy6lxmT8cbgYCk8=,2HQwaaOsXg83ah3bRCyE+m25Fec=
-49,29,Yq3FCGe8d4obhy6lxmT8cbgYCk8=,2HQwaaOsXg83ah3bRCyE+m25Fec=
-50,27,Yq3FCGe8d4obhy6lxmT8cbgYCk8=,2HQwaaOsXg83ah3bRCyE+m25Fec=
-56,30,Yq3FCGe8d4obhy6lxmT8cbgYCk8=,2HQwaaOsXg83ah3bRCyE+m25Fec=
-56,26,Yq3FCGe8d4obhy6lxmT8cbgYCk8=,2HQwaaOsXg83ah3bRCyE+m25Fec=
-56,25,Yq3FCGe8d4obhy6lxmT8cbgYCk8=,2HQwaaOsXg83ah3bRCyE+m25Fec=
-49,27,Yq3FCGe8d4obhy6lxmT8cbgYCk8=,2HQwaaOsXg83ah3bRCyE+m25Fec=
-55,30,Yq3FCGe8d4obhy6lxmT8cbgYCk8=,2HQwaaOsXg83ah3bRCyE+m25Fec=
-55,25,Yq3FCGe8d4obhy6lxmT8cbgYCk8=,2HQwaaOsXg83ah3bRCyE+m25Fec=
-54,30,Yq3FCGe8d4obhy6lxmT8cbgYCk8=,2HQwaaOsXg83ah3bRCyE+m25Fec=
-50,28,Yq3FCGe8d4obhy6lxmT8cbgYCk8=,2HQwaaOsXg83ah3bRCyE+m25Fec=
-55,26,Yq3FCGe8d4obhy6lxmT8cbgYCk8=,2HQwaaOsXg83ah3bRCyE+m25Fec=
-53,30,Yq3FCGe8d4obhy6lxmT8cbgYCk8=,2HQwaaOsXg83ah3bRCyE+m25Fec=
-52,30,Yq3FCGe8d4obhy6lxmT8cbgYCk8=,2HQwaaOsXg83ah3bRCyE+m25Fec=
-51,28,Yq3FCGe8d4obhy6lxmT8cbgYCk8=,2HQwaaOsXg83ah3bRCyE+m25Fec=
-49,26,Yq3FCGe8d4obhy6lxmT8cbgYCk8=,2HQwaaOsXg83ah3bRCyE+m25Fec=
-51,27,Yq3FCGe8d4obhy6lxmT8cbgYCk8=,2HQwaaOsXg83ah3bRCyE+m25Fec=
-53,29,Yq3FCGe8d4obhy6lxmT8cbgYCk8=,2HQwaaOsXg83ah3bRCyE+m25Fec=
-52,28,Yq3FCGe8d4obhy6lxmT8cbgYCk8=,2HQwaaOsXg83ah3bRCyE+m25Fec=
-49,25,Yq3FCGe8d4obhy6lxmT8cbgYCk8=,2HQwaaOsXg83ah3bRCyE+m25Fec=
-52,27,Yq3FCGe8d4obhy6lxmT8cbgYCk8=,2HQwaaOsXg83ah3bRCyE+m25Fec=
-50,25,Yq3FCGe8d4obhy6lxmT8cbgYCk8=,2HQwaaOsXg83ah3bRCyE+m25Fec=
-51,25,Yq3FCGe8d4obhy6lxmT8cbgYCk8=,2HQwaaOsXg83ah3bRCyE+m25Fec=
-52,25,Yq3FCGe8d4obhy6lxmT8cbgYCk8=,2HQwaaOsXg83ah3bRCyE+m25Fec=
-54,25,Yq3FCGe8d4obhy6lxmT8cbgYCk8=,2HQwaaOsXg83ah3bRCyE+m25Fec=
-50,26,Yq3FCGe8d4obhy6lxmT8cbgYCk8=,2HQwaaOsXg83ah3bRCyE+m25Fec=
-53,25,Yq3FCGe8d4obhy6lxmT8cbgYCk8=,2HQwaaOsXg83ah3bRCyE+m25Fec=
-54,29,Yq3FCGe8d4obhy6lxmT8cbgYCk8=,2HQwaaOsXg83ah3bRCyE+m25Fec=
-53,27,Yq3FCGe8d4obhy6lxmT8cbgYCk8=,2HQwaaOsXg83ah3bRCyE+m25Fec=
-53,28,Yq3FCGe8d4obhy6lxmT8cbgYCk8=,2HQwaaOsXg83ah3bRCyE+m25Fec=
-54,28,Yq3FCGe8d4obhy6lxmT8cbgYCk8=,2HQwaaOsXg83ah3bRCyE+m25Fec=
-55,29,Yq3FCGe8d4obhy6lxmT8cbgYCk8=,2HQwaaOsXg83ah3bRCyE+m25Fec=
-54,27,Yq3FCGe8d4obhy6lxmT8cbgYCk8=,2HQwaaOsXg83ah3bRCyE+m25Fec=
-51,26,Yq3FCGe8d4obhy6lxmT8cbgYCk8=,2HQwaaOsXg83ah3bRCyE+m25Fec=
-52,26,Yq3FCGe8d4obhy6lxmT8cbgYCk8=,2HQwaaOsXg83ah3bRCyE+m25Fec=
-55,27,Yq3FCGe8d4obhy6lxmT8cbgYCk8=,2HQwaaOsXg83ah3bRCyE+m25Fec=
-55,28,Yq3FCGe8d4obhy6lxmT8cbgYCk8=,2HQwaaOsXg83ah3bRCyE+m25Fec=
-50,31,Yq3FCGe8d4obhy6lxmT8cbgYCk8=,2HQwaaOsXg83ah3bRCyE+m25Fec=
-56,29,Yq3FCGe8d4obhy6lxmT8cbgYCk8=,2HQwaaOsXg83ah3bRCyE+m25Fec=
-49,31,Yq3FCGe8d4obhy6lxmT8cbgYCk8=,2HQwaaOsXg83ah3bRCyE+m25Fec=
-56,28,Yq3FCGe8d4obhy6lxmT8cbgYCk8=,2HQwaaOsXg83ah3bRCyE+m25Fec=
-53,26,Yq3FCGe8d4obhy6lxmT8cbgYCk8=,2HQwaaOsXg83ah3bRCyE+m25Fec=
-51,31,Yq3FCGe8d4obhy6lxmT8cbgYCk8=,2HQwaaOsXg83ah3bRCyE+m25Fec=
-52,31,Yq3FCGe8d4obhy6lxmT8cbgYCk8=,2HQwaaOsXg83ah3bRCyE+m25Fec=
-54,26,Yq3FCGe8d4obhy6lxmT8cbgYCk8=,2HQwaaOsXg83ah3bRCyE+m25Fec=
-53,31,Yq3FCGe8d4obhy6lxmT8cbgYCk8=,2HQwaaOsXg83ah3bRCyE+m25Fec=
-54,31,Yq3FCGe8d4obhy6lxmT8cbgYCk8=,2HQwaaOsXg83ah3bRCyE+m25Fec=
-55,31,Yq3FCGe8d4obhy6lxmT8cbgYCk8=,2HQwaaOsXg83ah3bRCyE+m25Fec=
-56,31,Yq3FCGe8d4obhy6lxmT8cbgYCk8=,2HQwaaOsXg83ah3bRCyE+m25Fec=
-49,28,Yq3FCGe8d4obhy6lxmT8cbgYCk8=,2HQwaaOsXg83ah3bRCyE+m25Fec=
-49,30,Yq3FCGe8d4obhy6lxmT8cbgYCk8=,2HQwaaOsXg83ah3bRCyE+m25Fec=
-50,30,Yq3FCGe8d4obhy6lxmT8cbgYCk8=,2HQwaaOsXg83ah3bRCyE+m25Fec=
-51,30,Yq3FCGe8d4obhy6lxmT8cbgYCk8=,2HQwaaOsXg83ah3bRCyE+m25Fec=
-56,24,Yq3FCGe8d4obhy6lxmT8cbgYCk8=,2HQwaaOsXg83ah3bRCyE+m25Fec=
-56,27,Yq3FCGe8d4obhy6lxmT8cbgYCk8=,2HQwaaOsXg83ah3bRCyE+m25Fec=
-52,24,Yq3FCGe8d4obhy6lxmT8cbgYCk8=,2HQwaaOsXg83ah3bRCyE+m25Fec=
-50,24,Yq3FCGe8d4obhy6lxmT8cbgYCk8=,2HQwaaOsXg83ah3bRCyE+m25Fec=
-51,24,Yq3FCGe8d4obhy6lxmT8cbgYCk8=,2HQwaaOsXg83ah3bRCyE+m25Fec=
-49,24,Yq3FCGe8d4obhy6lxmT8cbgYCk8=,2HQwaaOsXg83ah3bRCyE+m25Fec=
-55,24,Yq3FCGe8d4obhy6lxmT8cbgYCk8=,2HQwaaOsXg83ah3bRCyE+m25Fec=
-54,19,Yq3FCGe8d4obhy6lxmT8cbgYCk8=,8wgfvHpI0I+fskd36ChzFAiTt7A=
-53,19,Yq3FCGe8d4obhy6lxmT8cbgYCk8=,8wgfvHpI0I+fskd36ChzFAiTt7A=
-55,19,Yq3FCGe8d4obhy6lxmT8cbgYCk8=,8wgfvHpI0I+fskd36ChzFAiTt7A=
-51,19,Yq3FCGe8d4obhy6lxmT8cbgYCk8=,8wgfvHpI0I+fskd36ChzFAiTt7A=
-56,19,Yq3FCGe8d4obhy6lxmT8cbgYCk8=,8wgfvHpI0I+fskd36ChzFAiTt7A=
-52,19,Yq3FCGe8d4obhy6lxmT8cbgYCk8=,8wgfvHpI0I+fskd36ChzFAiTt7A=
-50,18,Yq3FCGe8d4obhy6lxmT8cbgYCk8=,8wgfvHpI0I+fskd36ChzFAiTt7A=
-50,19,Yq3FCGe8d4obhy6lxmT8cbgYCk8=,8wgfvHpI0I+fskd36ChzFAiTt7A=
-51,18,Yq3FCGe8d4obhy6lxmT8cbgYCk8=,8wgfvHpI0I+fskd36ChzFAiTt7A=
-52,18,Yq3FCGe8d4obhy6lxmT8cbgYCk8=,8wgfvHpI0I+fskd36ChzFAiTt7A=
-53,18,Yq3FCGe8d4obhy6lxmT8cbgYCk8=,8wgfvHpI0I+fskd36ChzFAiTt7A=
-50,23,Yq3FCGe8d4obhy6lxmT8cbgYCk8=,8wgfvHpI0I+fskd36ChzFAiTt7A=
-51,23,Yq3FCGe8d4obhy6lxmT8cbgYCk8=,8wgfvHpI0I+fskd36ChzFAiTt7A=
-52,23,Yq3FCGe8d4obhy6lxmT8cbgYCk8=,8wgfvHpI0I+fskd36ChzFAiTt7A=
-53,23,Yq3FCGe8d4obhy6lxmT8cbgYCk8=,8wgfvHpI0I+fskd36ChzFAiTt7A=
-54,23,Yq3FCGe8d4obhy6lxmT8cbgYCk8=,8wgfvHpI0I+fskd36ChzFAiTt7A=
-54,18,Yq3FCGe8d4obhy6lxmT8cbgYCk8=,8wgfvHpI0I+fskd36ChzFAiTt7A=
-53,24,Yq3FCGe8d4obhy6lxmT8cbgYCk8=,2HQwaaOsXg83ah3bRCyE+m25Fec=
-55,18,Yq3FCGe8d4obhy6lxmT8cbgYCk8=,8wgfvHpI0I+fskd36ChzFAiTt7A=
-56,18,Yq3FCGe8d4obhy6lxmT8cbgYCk8=,8wgfvHpI0I+fskd36ChzFAiTt7A=
-55,23,Yq3FCGe8d4obhy6lxmT8cbgYCk8=,8wgfvHpI0I+fskd36ChzFAiTt7A=
-49,23,Yq3FCGe8d4obhy6lxmT8cbgYCk8=,8wgfvHpI0I+fskd36ChzFAiTt7A=
-56,23,Yq3FCGe8d4obhy6lxmT8cbgYCk8=,8wgfvHpI0I+fskd36ChzFAiTt7A=
-49,19,Yq3FCGe8d4obhy6lxmT8cbgYCk8=,8wgfvHpI0I+fskd36ChzFAiTt7A=
-56,20,Yq3FCGe8d4obhy6lxmT8cbgYCk8=,8wgfvHpI0I+fskd36ChzFAiTt7A=
-55,20,Yq3FCGe8d4obhy6lxmT8cbgYCk8=,8wgfvHpI0I+fskd36ChzFAiTt7A=
-54,20,Yq3FCGe8d4obhy6lxmT8cbgYCk8=,8wgfvHpI0I+fskd36ChzFAiTt7A=
-53,20,Yq3FCGe8d4obhy6lxmT8cbgYCk8=,8wgfvHpI0I+fskd36ChzFAiTt7A=
-52,20,Yq3FCGe8d4obhy6lxmT8cbgYCk8=,8wgfvHpI0I+fskd36ChzFAiTt7A=
-51,20,Yq3FCGe8d4obhy6lxmT8cbgYCk8=,8wgfvHpI0I+fskd36ChzFAiTt7A=
-50,20,Yq3FCGe8d4obhy6lxmT8cbgYCk8=,8wgfvHpI0I+fskd36ChzFAiTt7A=
-49,18,Yq3FCGe8d4obhy6lxmT8cbgYCk8=,8wgfvHpI0I+fskd36ChzFAiTt7A=
-54,24,Yq3FCGe8d4obhy6lxmT8cbgYCk8=,2HQwaaOsXg83ah3bRCyE+m25Fec=
-50,22,Yq3FCGe8d4obhy6lxmT8cbgYCk8=,8wgfvHpI0I+fskd36ChzFAiTt7A=
-50,17,Yq3FCGe8d4obhy6lxmT8cbgYCk8=,8wgfvHpI0I+fskd36ChzFAiTt7A=
-51,17,Yq3FCGe8d4obhy6lxmT8cbgYCk8=,8wgfvHpI0I+fskd36ChzFAiTt7A=
-51,22,Yq3FCGe8d4obhy6lxmT8cbgYCk8=,8wgfvHpI0I+fskd36ChzFAiTt7A=
-52,22,Yq3FCGe8d4obhy6lxmT8cbgYCk8=,8wgfvHpI0I+fskd36ChzFAiTt7A=
-52,17,Yq3FCGe8d4obhy6lxmT8cbgYCk8=,8wgfvHpI0I+fskd36ChzFAiTt7A=
-53,17,Yq3FCGe8d4obhy6lxmT8cbgYCk8=,8wgfvHpI0I+fskd36ChzFAiTt7A=
-53,22,Yq3FCGe8d4obhy6lxmT8cbgYCk8=,8wgfvHpI0I+fskd36ChzFAiTt7A=
-54,17,Yq3FCGe8d4obhy6lxmT8cbgYCk8=,8wgfvHpI0I+fskd36ChzFAiTt7A=
-54,22,Yq3FCGe8d4obhy6lxmT8cbgYCk8=,8wgfvHpI0I+fskd36ChzFAiTt7A=
-55,17,Yq3FCGe8d4obhy6lxmT8cbgYCk8=,8wgfvHpI0I+fskd36ChzFAiTt7A=
-55,22,Yq3FCGe8d4obhy6lxmT8cbgYCk8=,8wgfvHpI0I+fskd36ChzFAiTt7A=
-56,17,Yq3FCGe8d4obhy6lxmT8cbgYCk8=,8wgfvHpI0I+fskd36ChzFAiTt7A=
-56,22,Yq3FCGe8d4obhy6lxmT8cbgYCk8=,8wgfvHpI0I+fskd36ChzFAiTt7A=
-49,17,Yq3FCGe8d4obhy6lxmT8cbgYCk8=,8wgfvHpI0I+fskd36ChzFAiTt7A=
-49,22,Yq3FCGe8d4obhy6lxmT8cbgYCk8=,8wgfvHpI0I+fskd36ChzFAiTt7A=
-50,21,Yq3FCGe8d4obhy6lxmT8cbgYCk8=,8wgfvHpI0I+fskd36ChzFAiTt7A=
-50,16,Yq3FCGe8d4obhy6lxmT8cbgYCk8=,8wgfvHpI0I+fskd36ChzFAiTt7A=
-51,21,Yq3FCGe8d4obhy6lxmT8cbgYCk8=,8wgfvHpI0I+fskd36ChzFAiTt7A=
-52,21,Yq3FCGe8d4obhy6lxmT8cbgYCk8=,8wgfvHpI0I+fskd36ChzFAiTt7A=
-53,21,Yq3FCGe8d4obhy6lxmT8cbgYCk8=,8wgfvHpI0I+fskd36ChzFAiTt7A=
-51,16,Yq3FCGe8d4obhy6lxmT8cbgYCk8=,8wgfvHpI0I+fskd36ChzFAiTt7A=
-54,21,Yq3FCGe8d4obhy6lxmT8cbgYCk8=,8wgfvHpI0I+fskd36ChzFAiTt7A=
-55,21,Yq3FCGe8d4obhy6lxmT8cbgYCk8=,8wgfvHpI0I+fskd36ChzFAiTt7A=
-56,21,Yq3FCGe8d4obhy6lxmT8cbgYCk8=,8wgfvHpI0I+fskd36ChzFAiTt7A=
-52,16,Yq3FCGe8d4obhy6lxmT8cbgYCk8=,8wgfvHpI0I+fskd36ChzFAiTt7A=
-53,16,Yq3FCGe8d4obhy6lxmT8cbgYCk8=,8wgfvHpI0I+fskd36ChzFAiTt7A=
-54,16,Yq3FCGe8d4obhy6lxmT8cbgYCk8=,8wgfvHpI0I+fskd36ChzFAiTt7A=
-55,16,Yq3FCGe8d4obhy6lxmT8cbgYCk8=,8wgfvHpI0I+fskd36ChzFAiTt7A=
-56,16,Yq3FCGe8d4obhy6lxmT8cbgYCk8=,8wgfvHpI0I+fskd36ChzFAiTt7A=
-49,20,Yq3FCGe8d4obhy6lxmT8cbgYCk8=,8wgfvHpI0I+fskd36ChzFAiTt7A=
-49,16,Yq3FCGe8d4obhy6lxmT8cbgYCk8=,8wgfvHpI0I+fskd36ChzFAiTt7A=
-49,21,Yq3FCGe8d4obhy6lxmT8cbgYCk8=,8wgfvHpI0I+fskd36ChzFAiTt7A=
-36,19,8XkxZiKIq+FtC2C7j/P0svZbu+s=,OTQRPF5Q+iYhfUqF0rBWMNoftpQ=
-35,19,8XkxZiKIq+FtC2C7j/P0svZbu+s=,OTQRPF5Q+iYhfUqF0rBWMNoftpQ=
-34,19,8XkxZiKIq+FtC2C7j/P0svZbu+s=,OTQRPF5Q+iYhfUqF0rBWMNoftpQ=
-39,20,8XkxZiKIq+FtC2C7j/P0svZbu+s=,OTQRPF5Q+iYhfUqF0rBWMNoftpQ=
-38,20,8XkxZiKIq+FtC2C7j/P0svZbu+s=,OTQRPF5Q+iYhfUqF0rBWMNoftpQ=
-37,20,8XkxZiKIq+FtC2C7j/P0svZbu+s=,OTQRPF5Q+iYhfUqF0rBWMNoftpQ=
-36,20,8XkxZiKIq+FtC2C7j/P0svZbu+s=,OTQRPF5Q+iYhfUqF0rBWMNoftpQ=
-35,20,8XkxZiKIq+FtC2C7j/P0svZbu+s=,OTQRPF5Q+iYhfUqF0rBWMNoftpQ=
-34,20,8XkxZiKIq+FtC2C7j/P0svZbu+s=,OTQRPF5Q+iYhfUqF0rBWMNoftpQ=
-39,21,8XkxZiKIq+FtC2C7j/P0svZbu+s=,OTQRPF5Q+iYhfUqF0rBWMNoftpQ=
-38,21,8XkxZiKIq+FtC2C7j/P0svZbu+s=,OTQRPF5Q+iYhfUqF0rBWMNoftpQ=
-37,21,8XkxZiKIq+FtC2C7j/P0svZbu+s=,OTQRPF5Q+iYhfUqF0rBWMNoftpQ=
-36,21,8XkxZiKIq+FtC2C7j/P0svZbu+s=,OTQRPF5Q+iYhfUqF0rBWMNoftpQ=
-35,21,8XkxZiKIq+FtC2C7j/P0svZbu+s=,OTQRPF5Q+iYhfUqF0rBWMNoftpQ=
-34,21,8XkxZiKIq+FtC2C7j/P0svZbu+s=,OTQRPF5Q+iYhfUqF0rBWMNoftpQ=
-39,22,8XkxZiKIq+FtC2C7j/P0svZbu+s=,OTQRPF5Q+iYhfUqF0rBWMNoftpQ=
-38,22,8XkxZiKIq+FtC2C7j/P0svZbu+s=,OTQRPF5Q+iYhfUqF0rBWMNoftpQ=
-37,22,8XkxZiKIq+FtC2C7j/P0svZbu+s=,OTQRPF5Q+iYhfUqF0rBWMNoftpQ=
-36,22,8XkxZiKIq+FtC2C7j/P0svZbu+s=,OTQRPF5Q+iYhfUqF0rBWMNoftpQ=
-39,17,8XkxZiKIq+FtC2C7j/P0svZbu+s=,OTQRPF5Q+iYhfUqF0rBWMNoftpQ=
-38,17,8XkxZiKIq+FtC2C7j/P0svZbu+s=,OTQRPF5Q+iYhfUqF0rBWMNoftpQ=
-37,17,8XkxZiKIq+FtC2C7j/P0svZbu+s=,OTQRPF5Q+iYhfUqF0rBWMNoftpQ=
-36,17,8XkxZiKIq+FtC2C7j/P0svZbu+s=,OTQRPF5Q+iYhfUqF0rBWMNoftpQ=
-35,22,8XkxZiKIq+FtC2C7j/P0svZbu+s=,OTQRPF5Q+iYhfUqF0rBWMNoftpQ=
-35,17,8XkxZiKIq+FtC2C7j/P0svZbu+s=,OTQRPF5Q+iYhfUqF0rBWMNoftpQ=
-34,17,8XkxZiKIq+FtC2C7j/P0svZbu+s=,OTQRPF5Q+iYhfUqF0rBWMNoftpQ=
-34,22,8XkxZiKIq+FtC2C7j/P0svZbu+s=,OTQRPF5Q+iYhfUqF0rBWMNoftpQ=
-39,18,8XkxZiKIq+FtC2C7j/P0svZbu+s=,OTQRPF5Q+iYhfUqF0rBWMNoftpQ=
-38,18,8XkxZiKIq+FtC2C7j/P0svZbu+s=,OTQRPF5Q+iYhfUqF0rBWMNoftpQ=
-37,18,8XkxZiKIq+FtC2C7j/P0svZbu+s=,OTQRPF5Q+iYhfUqF0rBWMNoftpQ=
-36,18,8XkxZiKIq+FtC2C7j/P0svZbu+s=,OTQRPF5Q+iYhfUqF0rBWMNoftpQ=
-35,18,8XkxZiKIq+FtC2C7j/P0svZbu+s=,OTQRPF5Q+iYhfUqF0rBWMNoftpQ=
-34,18,8XkxZiKIq+FtC2C7j/P0svZbu+s=,OTQRPF5Q+iYhfUqF0rBWMNoftpQ=
-39,19,8XkxZiKIq+FtC2C7j/P0svZbu+s=,OTQRPF5Q+iYhfUqF0rBWMNoftpQ=
-38,19,8XkxZiKIq+FtC2C7j/P0svZbu+s=,OTQRPF5Q+iYhfUqF0rBWMNoftpQ=
-37,19,8XkxZiKIq+FtC2C7j/P0svZbu+s=,OTQRPF5Q+iYhfUqF0rBWMNoftpQ=
-36,29,8XkxZiKIq+FtC2C7j/P0svZbu+s=,L/yyCz81WS4SZkL0XCxRjrNJdqQ=
-35,29,8XkxZiKIq+FtC2C7j/P0svZbu+s=,L/yyCz81WS4SZkL0XCxRjrNJdqQ=
-34,29,8XkxZiKIq+FtC2C7j/P0svZbu+s=,L/yyCz81WS4SZkL0XCxRjrNJdqQ=
-39,30,8XkxZiKIq+FtC2C7j/P0svZbu+s=,L/yyCz81WS4SZkL0XCxRjrNJdqQ=
-33,29,8XkxZiKIq+FtC2C7j/P0svZbu+s=,L/yyCz81WS4SZkL0XCxRjrNJdqQ=
-38,30,8XkxZiKIq+FtC2C7j/P0svZbu+s=,L/yyCz81WS4SZkL0XCxRjrNJdqQ=
-37,30,8XkxZiKIq+FtC2C7j/P0svZbu+s=,L/yyCz81WS4SZkL0XCxRjrNJdqQ=
-42,22,8XkxZiKIq+FtC2C7j/P0svZbu+s=,Yrtw/86cneSfxmIOIh4p46jVqhw=
-36,30,8XkxZiKIq+FtC2C7j/P0svZbu+s=,L/yyCz81WS4SZkL0XCxRjrNJdqQ=
-39,24,8XkxZiKIq+FtC2C7j/P0svZbu+s=,L/yyCz81WS4SZkL0XCxRjrNJdqQ=
-37,29,8XkxZiKIq+FtC2C7j/P0svZbu+s=,L/yyCz81WS4SZkL0XCxRjrNJdqQ=
-46,16,8XkxZiKIq+FtC2C7j/P0svZbu+s=,Yrtw/86cneSfxmIOIh4p46jVqhw=
-35,30,8XkxZiKIq+FtC2C7j/P0svZbu+s=,L/yyCz81WS4SZkL0XCxRjrNJdqQ=
-38,24,8XkxZiKIq+FtC2C7j/P0svZbu+s=,L/yyCz81WS4SZkL0XCxRjrNJdqQ=
-43,19,8XkxZiKIq+FtC2C7j/P0svZbu+s=,Yrtw/86cneSfxmIOIh4p46jVqhw=
-44,19,8XkxZiKIq+FtC2C7j/P0svZbu+s=,Yrtw/86cneSfxmIOIh4p46jVqhw=
-42,19,8XkxZiKIq+FtC2C7j/P0svZbu+s=,Yrtw/86cneSfxmIOIh4p46jVqhw=
-41,19,8XkxZiKIq+FtC2C7j/P0svZbu+s=,Yrtw/86cneSfxmIOIh4p46jVqhw=
-44,20,8XkxZiKIq+FtC2C7j/P0svZbu+s=,Yrtw/86cneSfxmIOIh4p46jVqhw=
-40,20,8XkxZiKIq+FtC2C7j/P0svZbu+s=,OTQRPF5Q+iYhfUqF0rBWMNoftpQ=
-43,20,8XkxZiKIq+FtC2C7j/P0svZbu+s=,Yrtw/86cneSfxmIOIh4p46jVqhw=
-42,20,8XkxZiKIq+FtC2C7j/P0svZbu+s=,Yrtw/86cneSfxmIOIh4p46jVqhw=
-41,20,8XkxZiKIq+FtC2C7j/P0svZbu+s=,Yrtw/86cneSfxmIOIh4p46jVqhw=
-44,17,8XkxZiKIq+FtC2C7j/P0svZbu+s=,Yrtw/86cneSfxmIOIh4p46jVqhw=
-44,16,8XkxZiKIq+FtC2C7j/P0svZbu+s=,Yrtw/86cneSfxmIOIh4p46jVqhw=
-46,21,8XkxZiKIq+FtC2C7j/P0svZbu+s=,Yrtw/86cneSfxmIOIh4p46jVqhw=
-41,22,8XkxZiKIq+FtC2C7j/P0svZbu+s=,Yrtw/86cneSfxmIOIh4p46jVqhw=
-47,20,8XkxZiKIq+FtC2C7j/P0svZbu+s=,Yrtw/86cneSfxmIOIh4p46jVqhw=
-46,20,8XkxZiKIq+FtC2C7j/P0svZbu+s=,Yrtw/86cneSfxmIOIh4p46jVqhw=
-47,21,8XkxZiKIq+FtC2C7j/P0svZbu+s=,Yrtw/86cneSfxmIOIh4p46jVqhw=
-43,16,8XkxZiKIq+FtC2C7j/P0svZbu+s=,Yrtw/86cneSfxmIOIh4p46jVqhw=
-45,21,8XkxZiKIq+FtC2C7j/P0svZbu+s=,Yrtw/86cneSfxmIOIh4p46jVqhw=
-34,23,8XkxZiKIq+FtC2C7j/P0svZbu+s=,OTQRPF5Q+iYhfUqF0rBWMNoftpQ=
-35,23,8XkxZiKIq+FtC2C7j/P0svZbu+s=,OTQRPF5Q+iYhfUqF0rBWMNoftpQ=
-36,23,8XkxZiKIq+FtC2C7j/P0svZbu+s=,OTQRPF5Q+iYhfUqF0rBWMNoftpQ=
-38,29,8XkxZiKIq+FtC2C7j/P0svZbu+s=,L/yyCz81WS4SZkL0XCxRjrNJdqQ=
-33,28,8XkxZiKIq+FtC2C7j/P0svZbu+s=,L/yyCz81WS4SZkL0XCxRjrNJdqQ=
-44,21,8XkxZiKIq+FtC2C7j/P0svZbu+s=,Yrtw/86cneSfxmIOIh4p46jVqhw=
-42,16,8XkxZiKIq+FtC2C7j/P0svZbu+s=,Yrtw/86cneSfxmIOIh4p46jVqhw=
-40,21,8XkxZiKIq+FtC2C7j/P0svZbu+s=,OTQRPF5Q+iYhfUqF0rBWMNoftpQ=
-43,21,8XkxZiKIq+FtC2C7j/P0svZbu+s=,Yrtw/86cneSfxmIOIh4p46jVqhw=
-45,20,8XkxZiKIq+FtC2C7j/P0svZbu+s=,Yrtw/86cneSfxmIOIh4p46jVqhw=
-42,21,8XkxZiKIq+FtC2C7j/P0svZbu+s=,Yrtw/86cneSfxmIOIh4p46jVqhw=
-40,22,8XkxZiKIq+FtC2C7j/P0svZbu+s=,OTQRPF5Q+iYhfUqF0rBWMNoftpQ=
-43,17,8XkxZiKIq+FtC2C7j/P0svZbu+s=,Yrtw/86cneSfxmIOIh4p46jVqhw=
-42,17,8XkxZiKIq+FtC2C7j/P0svZbu+s=,Yrtw/86cneSfxmIOIh4p46jVqhw=
-41,17,8XkxZiKIq+FtC2C7j/P0svZbu+s=,Yrtw/86cneSfxmIOIh4p46jVqhw=
-47,18,8XkxZiKIq+FtC2C7j/P0svZbu+s=,Yrtw/86cneSfxmIOIh4p46jVqhw=
-45,18,8XkxZiKIq+FtC2C7j/P0svZbu+s=,Yrtw/86cneSfxmIOIh4p46jVqhw=
-40,17,8XkxZiKIq+FtC2C7j/P0svZbu+s=,OTQRPF5Q+iYhfUqF0rBWMNoftpQ=
-46,18,8XkxZiKIq+FtC2C7j/P0svZbu+s=,Yrtw/86cneSfxmIOIh4p46jVqhw=
-45,16,8XkxZiKIq+FtC2C7j/P0svZbu+s=,Yrtw/86cneSfxmIOIh4p46jVqhw=
-47,22,8XkxZiKIq+FtC2C7j/P0svZbu+s=,Yrtw/86cneSfxmIOIh4p46jVqhw=
-47,17,8XkxZiKIq+FtC2C7j/P0svZbu+s=,Yrtw/86cneSfxmIOIh4p46jVqhw=
-41,21,8XkxZiKIq+FtC2C7j/P0svZbu+s=,Yrtw/86cneSfxmIOIh4p46jVqhw=
-44,18,8XkxZiKIq+FtC2C7j/P0svZbu+s=,Yrtw/86cneSfxmIOIh4p46jVqhw=
-43,18,8XkxZiKIq+FtC2C7j/P0svZbu+s=,Yrtw/86cneSfxmIOIh4p46jVqhw=
-42,18,8XkxZiKIq+FtC2C7j/P0svZbu+s=,Yrtw/86cneSfxmIOIh4p46jVqhw=
-40,18,8XkxZiKIq+FtC2C7j/P0svZbu+s=,OTQRPF5Q+iYhfUqF0rBWMNoftpQ=
-46,22,8XkxZiKIq+FtC2C7j/P0svZbu+s=,Yrtw/86cneSfxmIOIh4p46jVqhw=
-45,22,8XkxZiKIq+FtC2C7j/P0svZbu+s=,Yrtw/86cneSfxmIOIh4p46jVqhw=
-41,18,8XkxZiKIq+FtC2C7j/P0svZbu+s=,Yrtw/86cneSfxmIOIh4p46jVqhw=
-37,24,8XkxZiKIq+FtC2C7j/P0svZbu+s=,L/yyCz81WS4SZkL0XCxRjrNJdqQ=
-34,30,8XkxZiKIq+FtC2C7j/P0svZbu+s=,L/yyCz81WS4SZkL0XCxRjrNJdqQ=
-36,24,8XkxZiKIq+FtC2C7j/P0svZbu+s=,L/yyCz81WS4SZkL0XCxRjrNJdqQ=
-35,24,8XkxZiKIq+FtC2C7j/P0svZbu+s=,L/yyCz81WS4SZkL0XCxRjrNJdqQ=
-39,25,8XkxZiKIq+FtC2C7j/P0svZbu+s=,L/yyCz81WS4SZkL0XCxRjrNJdqQ=
-38,25,8XkxZiKIq+FtC2C7j/P0svZbu+s=,L/yyCz81WS4SZkL0XCxRjrNJdqQ=
-34,24,8XkxZiKIq+FtC2C7j/P0svZbu+s=,L/yyCz81WS4SZkL0XCxRjrNJdqQ=
-37,25,8XkxZiKIq+FtC2C7j/P0svZbu+s=,L/yyCz81WS4SZkL0XCxRjrNJdqQ=
-36,25,8XkxZiKIq+FtC2C7j/P0svZbu+s=,L/yyCz81WS4SZkL0XCxRjrNJdqQ=
-34,25,8XkxZiKIq+FtC2C7j/P0svZbu+s=,L/yyCz81WS4SZkL0XCxRjrNJdqQ=
-39,26,8XkxZiKIq+FtC2C7j/P0svZbu+s=,L/yyCz81WS4SZkL0XCxRjrNJdqQ=
-35,25,8XkxZiKIq+FtC2C7j/P0svZbu+s=,L/yyCz81WS4SZkL0XCxRjrNJdqQ=
-38,26,8XkxZiKIq+FtC2C7j/P0svZbu+s=,L/yyCz81WS4SZkL0XCxRjrNJdqQ=
-37,26,8XkxZiKIq+FtC2C7j/P0svZbu+s=,L/yyCz81WS4SZkL0XCxRjrNJdqQ=
-35,26,8XkxZiKIq+FtC2C7j/P0svZbu+s=,L/yyCz81WS4SZkL0XCxRjrNJdqQ=
-36,26,8XkxZiKIq+FtC2C7j/P0svZbu+s=,L/yyCz81WS4SZkL0XCxRjrNJdqQ=
-46,17,8XkxZiKIq+FtC2C7j/P0svZbu+s=,Yrtw/86cneSfxmIOIh4p46jVqhw=
-40,19,8XkxZiKIq+FtC2C7j/P0svZbu+s=,OTQRPF5Q+iYhfUqF0rBWMNoftpQ=
-34,26,8XkxZiKIq+FtC2C7j/P0svZbu+s=,L/yyCz81WS4SZkL0XCxRjrNJdqQ=
-39,27,8XkxZiKIq+FtC2C7j/P0svZbu+s=,L/yyCz81WS4SZkL0XCxRjrNJdqQ=
-47,19,8XkxZiKIq+FtC2C7j/P0svZbu+s=,Yrtw/86cneSfxmIOIh4p46jVqhw=
-46,19,8XkxZiKIq+FtC2C7j/P0svZbu+s=,Yrtw/86cneSfxmIOIh4p46jVqhw=
-43,22,8XkxZiKIq+FtC2C7j/P0svZbu+s=,Yrtw/86cneSfxmIOIh4p46jVqhw=
-45,19,8XkxZiKIq+FtC2C7j/P0svZbu+s=,Yrtw/86cneSfxmIOIh4p46jVqhw=
-44,22,8XkxZiKIq+FtC2C7j/P0svZbu+s=,Yrtw/86cneSfxmIOIh4p46jVqhw=
-47,16,8XkxZiKIq+FtC2C7j/P0svZbu+s=,Yrtw/86cneSfxmIOIh4p46jVqhw=
-38,27,8XkxZiKIq+FtC2C7j/P0svZbu+s=,L/yyCz81WS4SZkL0XCxRjrNJdqQ=
-45,17,8XkxZiKIq+FtC2C7j/P0svZbu+s=,Yrtw/86cneSfxmIOIh4p46jVqhw=
-39,29,8XkxZiKIq+FtC2C7j/P0svZbu+s=,L/yyCz81WS4SZkL0XCxRjrNJdqQ=
-37,23,8XkxZiKIq+FtC2C7j/P0svZbu+s=,OTQRPF5Q+iYhfUqF0rBWMNoftpQ=
-38,23,8XkxZiKIq+FtC2C7j/P0svZbu+s=,OTQRPF5Q+iYhfUqF0rBWMNoftpQ=
-44,23,8XkxZiKIq+FtC2C7j/P0svZbu+s=,Yrtw/86cneSfxmIOIh4p46jVqhw=
-39,23,8XkxZiKIq+FtC2C7j/P0svZbu+s=,OTQRPF5Q+iYhfUqF0rBWMNoftpQ=
-43,23,8XkxZiKIq+FtC2C7j/P0svZbu+s=,Yrtw/86cneSfxmIOIh4p46jVqhw=
-42,23,8XkxZiKIq+FtC2C7j/P0svZbu+s=,Yrtw/86cneSfxmIOIh4p46jVqhw=
-40,29,8XkxZiKIq+FtC2C7j/P0svZbu+s=,L/yyCz81WS4SZkL0XCxRjrNJdqQ=
-34,28,8XkxZiKIq+FtC2C7j/P0svZbu+s=,L/yyCz81WS4SZkL0XCxRjrNJdqQ=
-41,23,8XkxZiKIq+FtC2C7j/P0svZbu+s=,Yrtw/86cneSfxmIOIh4p46jVqhw=
-37,27,8XkxZiKIq+FtC2C7j/P0svZbu+s=,L/yyCz81WS4SZkL0XCxRjrNJdqQ=
-47,24,8XkxZiKIq+FtC2C7j/P0svZbu+s=,dNlxdLGsI0p4VhYEV+Wh5rU3Fko=
-33,27,8XkxZiKIq+FtC2C7j/P0svZbu+s=,L/yyCz81WS4SZkL0XCxRjrNJdqQ=
-35,28,8XkxZiKIq+FtC2C7j/P0svZbu+s=,L/yyCz81WS4SZkL0XCxRjrNJdqQ=
-33,25,8XkxZiKIq+FtC2C7j/P0svZbu+s=,L/yyCz81WS4SZkL0XCxRjrNJdqQ=
-33,26,8XkxZiKIq+FtC2C7j/P0svZbu+s=,L/yyCz81WS4SZkL0XCxRjrNJdqQ=
-46,24,8XkxZiKIq+FtC2C7j/P0svZbu+s=,dNlxdLGsI0p4VhYEV+Wh5rU3Fko=
-37,28,8XkxZiKIq+FtC2C7j/P0svZbu+s=,L/yyCz81WS4SZkL0XCxRjrNJdqQ=
-45,24,8XkxZiKIq+FtC2C7j/P0svZbu+s=,dNlxdLGsI0p4VhYEV+Wh5rU3Fko=
-38,28,8XkxZiKIq+FtC2C7j/P0svZbu+s=,L/yyCz81WS4SZkL0XCxRjrNJdqQ=
-44,24,8XkxZiKIq+FtC2C7j/P0svZbu+s=,dNlxdLGsI0p4VhYEV+Wh5rU3Fko=
-36,27,8XkxZiKIq+FtC2C7j/P0svZbu+s=,L/yyCz81WS4SZkL0XCxRjrNJdqQ=
-39,28,8XkxZiKIq+FtC2C7j/P0svZbu+s=,L/yyCz81WS4SZkL0XCxRjrNJdqQ=
-43,24,8XkxZiKIq+FtC2C7j/P0svZbu+s=,dNlxdLGsI0p4VhYEV+Wh5rU3Fko=
-41,24,8XkxZiKIq+FtC2C7j/P0svZbu+s=,dNlxdLGsI0p4VhYEV+Wh5rU3Fko=
-42,24,8XkxZiKIq+FtC2C7j/P0svZbu+s=,dNlxdLGsI0p4VhYEV+Wh5rU3Fko=
-34,27,8XkxZiKIq+FtC2C7j/P0svZbu+s=,L/yyCz81WS4SZkL0XCxRjrNJdqQ=
-47,25,8XkxZiKIq+FtC2C7j/P0svZbu+s=,dNlxdLGsI0p4VhYEV+Wh5rU3Fko=
-41,30,8XkxZiKIq+FtC2C7j/P0svZbu+s=,dNlxdLGsI0p4VhYEV+Wh5rU3Fko=
-46,25,8XkxZiKIq+FtC2C7j/P0svZbu+s=,dNlxdLGsI0p4VhYEV+Wh5rU3Fko=
-36,28,8XkxZiKIq+FtC2C7j/P0svZbu+s=,L/yyCz81WS4SZkL0XCxRjrNJdqQ=
-45,25,8XkxZiKIq+FtC2C7j/P0svZbu+s=,dNlxdLGsI0p4VhYEV+Wh5rU3Fko=
-33,30,8XkxZiKIq+FtC2C7j/P0svZbu+s=,L/yyCz81WS4SZkL0XCxRjrNJdqQ=
-44,25,8XkxZiKIq+FtC2C7j/P0svZbu+s=,dNlxdLGsI0p4VhYEV+Wh5rU3Fko=
-48,25,8XkxZiKIq+FtC2C7j/P0svZbu+s=,dNlxdLGsI0p4VhYEV+Wh5rU3Fko=
-48,26,8XkxZiKIq+FtC2C7j/P0svZbu+s=,dNlxdLGsI0p4VhYEV+Wh5rU3Fko=
-48,27,8XkxZiKIq+FtC2C7j/P0svZbu+s=,dNlxdLGsI0p4VhYEV+Wh5rU3Fko=
-48,28,8XkxZiKIq+FtC2C7j/P0svZbu+s=,dNlxdLGsI0p4VhYEV+Wh5rU3Fko=
-48,29,8XkxZiKIq+FtC2C7j/P0svZbu+s=,dNlxdLGsI0p4VhYEV+Wh5rU3Fko=
-48,30,8XkxZiKIq+FtC2C7j/P0svZbu+s=,dNlxdLGsI0p4VhYEV+Wh5rU3Fko=
-43,25,8XkxZiKIq+FtC2C7j/P0svZbu+s=,dNlxdLGsI0p4VhYEV+Wh5rU3Fko=
-41,25,8XkxZiKIq+FtC2C7j/P0svZbu+s=,dNlxdLGsI0p4VhYEV+Wh5rU3Fko=
-42,25,8XkxZiKIq+FtC2C7j/P0svZbu+s=,dNlxdLGsI0p4VhYEV+Wh5rU3Fko=
-44,31,8XkxZiKIq+FtC2C7j/P0svZbu+s=,dNlxdLGsI0p4VhYEV+Wh5rU3Fko=
-47,26,8XkxZiKIq+FtC2C7j/P0svZbu+s=,dNlxdLGsI0p4VhYEV+Wh5rU3Fko=
-43,31,8XkxZiKIq+FtC2C7j/P0svZbu+s=,dNlxdLGsI0p4VhYEV+Wh5rU3Fko=
-46,26,8XkxZiKIq+FtC2C7j/P0svZbu+s=,dNlxdLGsI0p4VhYEV+Wh5rU3Fko=
-40,24,8XkxZiKIq+FtC2C7j/P0svZbu+s=,L/yyCz81WS4SZkL0XCxRjrNJdqQ=
-42,31,8XkxZiKIq+FtC2C7j/P0svZbu+s=,dNlxdLGsI0p4VhYEV+Wh5rU3Fko=
-47,31,8XkxZiKIq+FtC2C7j/P0svZbu+s=,dNlxdLGsI0p4VhYEV+Wh5rU3Fko=
-46,31,8XkxZiKIq+FtC2C7j/P0svZbu+s=,dNlxdLGsI0p4VhYEV+Wh5rU3Fko=
-45,31,8XkxZiKIq+FtC2C7j/P0svZbu+s=,dNlxdLGsI0p4VhYEV+Wh5rU3Fko=
-41,31,8XkxZiKIq+FtC2C7j/P0svZbu+s=,dNlxdLGsI0p4VhYEV+Wh5rU3Fko=
-40,30,8XkxZiKIq+FtC2C7j/P0svZbu+s=,L/yyCz81WS4SZkL0XCxRjrNJdqQ=
-45,23,8XkxZiKIq+FtC2C7j/P0svZbu+s=,Yrtw/86cneSfxmIOIh4p46jVqhw=
-48,31,8XkxZiKIq+FtC2C7j/P0svZbu+s=,dNlxdLGsI0p4VhYEV+Wh5rU3Fko=
-45,26,8XkxZiKIq+FtC2C7j/P0svZbu+s=,dNlxdLGsI0p4VhYEV+Wh5rU3Fko=
-40,31,8XkxZiKIq+FtC2C7j/P0svZbu+s=,L/yyCz81WS4SZkL0XCxRjrNJdqQ=
-44,26,8XkxZiKIq+FtC2C7j/P0svZbu+s=,dNlxdLGsI0p4VhYEV+Wh5rU3Fko=
-39,31,8XkxZiKIq+FtC2C7j/P0svZbu+s=,L/yyCz81WS4SZkL0XCxRjrNJdqQ=
-43,26,8XkxZiKIq+FtC2C7j/P0svZbu+s=,dNlxdLGsI0p4VhYEV+Wh5rU3Fko=
-42,26,8XkxZiKIq+FtC2C7j/P0svZbu+s=,dNlxdLGsI0p4VhYEV+Wh5rU3Fko=
-41,26,8XkxZiKIq+FtC2C7j/P0svZbu+s=,dNlxdLGsI0p4VhYEV+Wh5rU3Fko=
-47,27,8XkxZiKIq+FtC2C7j/P0svZbu+s=,dNlxdLGsI0p4VhYEV+Wh5rU3Fko=
-38,31,8XkxZiKIq+FtC2C7j/P0svZbu+s=,L/yyCz81WS4SZkL0XCxRjrNJdqQ=
-35,27,8XkxZiKIq+FtC2C7j/P0svZbu+s=,L/yyCz81WS4SZkL0XCxRjrNJdqQ=
-46,27,8XkxZiKIq+FtC2C7j/P0svZbu+s=,dNlxdLGsI0p4VhYEV+Wh5rU3Fko=
-37,31,8XkxZiKIq+FtC2C7j/P0svZbu+s=,L/yyCz81WS4SZkL0XCxRjrNJdqQ=
-40,23,8XkxZiKIq+FtC2C7j/P0svZbu+s=,OTQRPF5Q+iYhfUqF0rBWMNoftpQ=
-36,31,8XkxZiKIq+FtC2C7j/P0svZbu+s=,L/yyCz81WS4SZkL0XCxRjrNJdqQ=
-45,27,8XkxZiKIq+FtC2C7j/P0svZbu+s=,dNlxdLGsI0p4VhYEV+Wh5rU3Fko=
-34,31,8XkxZiKIq+FtC2C7j/P0svZbu+s=,L/yyCz81WS4SZkL0XCxRjrNJdqQ=
-35,31,8XkxZiKIq+FtC2C7j/P0svZbu+s=,L/yyCz81WS4SZkL0XCxRjrNJdqQ=
-33,19,8XkxZiKIq+FtC2C7j/P0svZbu+s=,OTQRPF5Q+iYhfUqF0rBWMNoftpQ=
-33,23,8XkxZiKIq+FtC2C7j/P0svZbu+s=,OTQRPF5Q+iYhfUqF0rBWMNoftpQ=
-44,27,8XkxZiKIq+FtC2C7j/P0svZbu+s=,dNlxdLGsI0p4VhYEV+Wh5rU3Fko=
-33,20,8XkxZiKIq+FtC2C7j/P0svZbu+s=,OTQRPF5Q+iYhfUqF0rBWMNoftpQ=
-33,18,8XkxZiKIq+FtC2C7j/P0svZbu+s=,OTQRPF5Q+iYhfUqF0rBWMNoftpQ=
-33,21,8XkxZiKIq+FtC2C7j/P0svZbu+s=,OTQRPF5Q+iYhfUqF0rBWMNoftpQ=
-33,24,8XkxZiKIq+FtC2C7j/P0svZbu+s=,L/yyCz81WS4SZkL0XCxRjrNJdqQ=
-33,22,8XkxZiKIq+FtC2C7j/P0svZbu+s=,OTQRPF5Q+iYhfUqF0rBWMNoftpQ=
-33,17,8XkxZiKIq+FtC2C7j/P0svZbu+s=,OTQRPF5Q+iYhfUqF0rBWMNoftpQ=
-42,27,8XkxZiKIq+FtC2C7j/P0svZbu+s=,dNlxdLGsI0p4VhYEV+Wh5rU3Fko=
-41,27,8XkxZiKIq+FtC2C7j/P0svZbu+s=,dNlxdLGsI0p4VhYEV+Wh5rU3Fko=
-47,28,8XkxZiKIq+FtC2C7j/P0svZbu+s=,dNlxdLGsI0p4VhYEV+Wh5rU3Fko=
-46,28,8XkxZiKIq+FtC2C7j/P0svZbu+s=,dNlxdLGsI0p4VhYEV+Wh5rU3Fko=
-40,25,8XkxZiKIq+FtC2C7j/P0svZbu+s=,L/yyCz81WS4SZkL0XCxRjrNJdqQ=
-43,27,8XkxZiKIq+FtC2C7j/P0svZbu+s=,dNlxdLGsI0p4VhYEV+Wh5rU3Fko=
-33,31,8XkxZiKIq+FtC2C7j/P0svZbu+s=,L/yyCz81WS4SZkL0XCxRjrNJdqQ=
-45,28,8XkxZiKIq+FtC2C7j/P0svZbu+s=,dNlxdLGsI0p4VhYEV+Wh5rU3Fko=
-48,19,8XkxZiKIq+FtC2C7j/P0svZbu+s=,Yrtw/86cneSfxmIOIh4p46jVqhw=
-48,24,8XkxZiKIq+FtC2C7j/P0svZbu+s=,dNlxdLGsI0p4VhYEV+Wh5rU3Fko=
-42,30,8XkxZiKIq+FtC2C7j/P0svZbu+s=,dNlxdLGsI0p4VhYEV+Wh5rU3Fko=
-41,16,8XkxZiKIq+FtC2C7j/P0svZbu+s=,Yrtw/86cneSfxmIOIh4p46jVqhw=
-40,16,8XkxZiKIq+FtC2C7j/P0svZbu+s=,OTQRPF5Q+iYhfUqF0rBWMNoftpQ=
-33,16,8XkxZiKIq+FtC2C7j/P0svZbu+s=,OTQRPF5Q+iYhfUqF0rBWMNoftpQ=
-44,28,8XkxZiKIq+FtC2C7j/P0svZbu+s=,dNlxdLGsI0p4VhYEV+Wh5rU3Fko=
-48,20,8XkxZiKIq+FtC2C7j/P0svZbu+s=,Yrtw/86cneSfxmIOIh4p46jVqhw=
-46,23,8XkxZiKIq+FtC2C7j/P0svZbu+s=,Yrtw/86cneSfxmIOIh4p46jVqhw=
-48,22,8XkxZiKIq+FtC2C7j/P0svZbu+s=,Yrtw/86cneSfxmIOIh4p46jVqhw=
-43,28,8XkxZiKIq+FtC2C7j/P0svZbu+s=,dNlxdLGsI0p4VhYEV+Wh5rU3Fko=
-34,16,8XkxZiKIq+FtC2C7j/P0svZbu+s=,OTQRPF5Q+iYhfUqF0rBWMNoftpQ=
-43,30,8XkxZiKIq+FtC2C7j/P0svZbu+s=,dNlxdLGsI0p4VhYEV+Wh5rU3Fko=
-42,28,8XkxZiKIq+FtC2C7j/P0svZbu+s=,dNlxdLGsI0p4VhYEV+Wh5rU3Fko=
-48,16,8XkxZiKIq+FtC2C7j/P0svZbu+s=,Yrtw/86cneSfxmIOIh4p46jVqhw=
-39,16,8XkxZiKIq+FtC2C7j/P0svZbu+s=,OTQRPF5Q+iYhfUqF0rBWMNoftpQ=
-35,16,8XkxZiKIq+FtC2C7j/P0svZbu+s=,OTQRPF5Q+iYhfUqF0rBWMNoftpQ=
-36,16,8XkxZiKIq+FtC2C7j/P0svZbu+s=,OTQRPF5Q+iYhfUqF0rBWMNoftpQ=
-41,28,8XkxZiKIq+FtC2C7j/P0svZbu+s=,dNlxdLGsI0p4VhYEV+Wh5rU3Fko=
-40,26,8XkxZiKIq+FtC2C7j/P0svZbu+s=,L/yyCz81WS4SZkL0XCxRjrNJdqQ=
-47,29,8XkxZiKIq+FtC2C7j/P0svZbu+s=,dNlxdLGsI0p4VhYEV+Wh5rU3Fko=
-46,29,8XkxZiKIq+FtC2C7j/P0svZbu+s=,dNlxdLGsI0p4VhYEV+Wh5rU3Fko=
-44,30,8XkxZiKIq+FtC2C7j/P0svZbu+s=,dNlxdLGsI0p4VhYEV+Wh5rU3Fko=
-37,16,8XkxZiKIq+FtC2C7j/P0svZbu+s=,OTQRPF5Q+iYhfUqF0rBWMNoftpQ=
-45,29,8XkxZiKIq+FtC2C7j/P0svZbu+s=,dNlxdLGsI0p4VhYEV+Wh5rU3Fko=
-38,16,8XkxZiKIq+FtC2C7j/P0svZbu+s=,OTQRPF5Q+iYhfUqF0rBWMNoftpQ=
-45,30,8XkxZiKIq+FtC2C7j/P0svZbu+s=,dNlxdLGsI0p4VhYEV+Wh5rU3Fko=
-48,17,8XkxZiKIq+FtC2C7j/P0svZbu+s=,Yrtw/86cneSfxmIOIh4p46jVqhw=
-44,29,8XkxZiKIq+FtC2C7j/P0svZbu+s=,dNlxdLGsI0p4VhYEV+Wh5rU3Fko=
-48,18,8XkxZiKIq+FtC2C7j/P0svZbu+s=,Yrtw/86cneSfxmIOIh4p46jVqhw=
-46,30,8XkxZiKIq+FtC2C7j/P0svZbu+s=,dNlxdLGsI0p4VhYEV+Wh5rU3Fko=
-40,28,8XkxZiKIq+FtC2C7j/P0svZbu+s=,L/yyCz81WS4SZkL0XCxRjrNJdqQ=
-47,30,8XkxZiKIq+FtC2C7j/P0svZbu+s=,dNlxdLGsI0p4VhYEV+Wh5rU3Fko=
-40,27,8XkxZiKIq+FtC2C7j/P0svZbu+s=,L/yyCz81WS4SZkL0XCxRjrNJdqQ=
-48,23,8XkxZiKIq+FtC2C7j/P0svZbu+s=,Yrtw/86cneSfxmIOIh4p46jVqhw=
-47,23,8XkxZiKIq+FtC2C7j/P0svZbu+s=,Yrtw/86cneSfxmIOIh4p46jVqhw=
-42,29,8XkxZiKIq+FtC2C7j/P0svZbu+s=,dNlxdLGsI0p4VhYEV+Wh5rU3Fko=
-43,29,8XkxZiKIq+FtC2C7j/P0svZbu+s=,dNlxdLGsI0p4VhYEV+Wh5rU3Fko=
-41,29,8XkxZiKIq+FtC2C7j/P0svZbu+s=,dNlxdLGsI0p4VhYEV+Wh5rU3Fko=
-48,21,8XkxZiKIq+FtC2C7j/P0svZbu+s=,Yrtw/86cneSfxmIOIh4p46jVqhw=
-43,5,HgkayYczj7PJWN4x9YRgT4SRPjw=,EbDDvNmD0B2iZHCQDIlN1XwEXqE=
-42,5,HgkayYczj7PJWN4x9YRgT4SRPjw=,EbDDvNmD0B2iZHCQDIlN1XwEXqE=
-46,1,HgkayYczj7PJWN4x9YRgT4SRPjw=,EbDDvNmD0B2iZHCQDIlN1XwEXqE=
-47,4,HgkayYczj7PJWN4x9YRgT4SRPjw=,EbDDvNmD0B2iZHCQDIlN1XwEXqE=
-46,4,HgkayYczj7PJWN4x9YRgT4SRPjw=,EbDDvNmD0B2iZHCQDIlN1XwEXqE=
-47,2,HgkayYczj7PJWN4x9YRgT4SRPjw=,EbDDvNmD0B2iZHCQDIlN1XwEXqE=
-46,2,HgkayYczj7PJWN4x9YRgT4SRPjw=,EbDDvNmD0B2iZHCQDIlN1XwEXqE=
-45,2,HgkayYczj7PJWN4x9YRgT4SRPjw=,EbDDvNmD0B2iZHCQDIlN1XwEXqE=
-45,4,HgkayYczj7PJWN4x9YRgT4SRPjw=,EbDDvNmD0B2iZHCQDIlN1XwEXqE=
-45,1,HgkayYczj7PJWN4x9YRgT4SRPjw=,EbDDvNmD0B2iZHCQDIlN1XwEXqE=
-44,2,HgkayYczj7PJWN4x9YRgT4SRPjw=,EbDDvNmD0B2iZHCQDIlN1XwEXqE=
-43,2,HgkayYczj7PJWN4x9YRgT4SRPjw=,EbDDvNmD0B2iZHCQDIlN1XwEXqE=
-42,2,HgkayYczj7PJWN4x9YRgT4SRPjw=,EbDDvNmD0B2iZHCQDIlN1XwEXqE=
-47,6,HgkayYczj7PJWN4x9YRgT4SRPjw=,EbDDvNmD0B2iZHCQDIlN1XwEXqE=
-46,6,HgkayYczj7PJWN4x9YRgT4SRPjw=,EbDDvNmD0B2iZHCQDIlN1XwEXqE=
-44,4,HgkayYczj7PJWN4x9YRgT4SRPjw=,EbDDvNmD0B2iZHCQDIlN1XwEXqE=
-44,1,HgkayYczj7PJWN4x9YRgT4SRPjw=,EbDDvNmD0B2iZHCQDIlN1XwEXqE=
-47,5,HgkayYczj7PJWN4x9YRgT4SRPjw=,EbDDvNmD0B2iZHCQDIlN1XwEXqE=
-45,6,HgkayYczj7PJWN4x9YRgT4SRPjw=,EbDDvNmD0B2iZHCQDIlN1XwEXqE=
-44,6,HgkayYczj7PJWN4x9YRgT4SRPjw=,EbDDvNmD0B2iZHCQDIlN1XwEXqE=
-43,6,HgkayYczj7PJWN4x9YRgT4SRPjw=,EbDDvNmD0B2iZHCQDIlN1XwEXqE=
-42,6,HgkayYczj7PJWN4x9YRgT4SRPjw=,EbDDvNmD0B2iZHCQDIlN1XwEXqE=
-43,4,HgkayYczj7PJWN4x9YRgT4SRPjw=,EbDDvNmD0B2iZHCQDIlN1XwEXqE=
-47,1,HgkayYczj7PJWN4x9YRgT4SRPjw=,EbDDvNmD0B2iZHCQDIlN1XwEXqE=
-42,4,HgkayYczj7PJWN4x9YRgT4SRPjw=,EbDDvNmD0B2iZHCQDIlN1XwEXqE=
-47,3,HgkayYczj7PJWN4x9YRgT4SRPjw=,EbDDvNmD0B2iZHCQDIlN1XwEXqE=
-46,3,HgkayYczj7PJWN4x9YRgT4SRPjw=,EbDDvNmD0B2iZHCQDIlN1XwEXqE=
-45,3,HgkayYczj7PJWN4x9YRgT4SRPjw=,EbDDvNmD0B2iZHCQDIlN1XwEXqE=
-43,1,HgkayYczj7PJWN4x9YRgT4SRPjw=,EbDDvNmD0B2iZHCQDIlN1XwEXqE=
-44,3,HgkayYczj7PJWN4x9YRgT4SRPjw=,EbDDvNmD0B2iZHCQDIlN1XwEXqE=
-43,3,HgkayYczj7PJWN4x9YRgT4SRPjw=,EbDDvNmD0B2iZHCQDIlN1XwEXqE=
-46,5,HgkayYczj7PJWN4x9YRgT4SRPjw=,EbDDvNmD0B2iZHCQDIlN1XwEXqE=
-42,1,HgkayYczj7PJWN4x9YRgT4SRPjw=,EbDDvNmD0B2iZHCQDIlN1XwEXqE=
-42,3,HgkayYczj7PJWN4x9YRgT4SRPjw=,EbDDvNmD0B2iZHCQDIlN1XwEXqE=
-45,5,HgkayYczj7PJWN4x9YRgT4SRPjw=,EbDDvNmD0B2iZHCQDIlN1XwEXqE=
-44,5,HgkayYczj7PJWN4x9YRgT4SRPjw=,EbDDvNmD0B2iZHCQDIlN1XwEXqE=
-41,3,HgkayYczj7PJWN4x9YRgT4SRPjw=,EbDDvNmD0B2iZHCQDIlN1XwEXqE=
-36,3,HgkayYczj7PJWN4x9YRgT4SRPjw=,67mCHWMG8iGW4krbKdug7ODWG/E=
-35,3,HgkayYczj7PJWN4x9YRgT4SRPjw=,67mCHWMG8iGW4krbKdug7ODWG/E=
-34,3,HgkayYczj7PJWN4x9YRgT4SRPjw=,67mCHWMG8iGW4krbKdug7ODWG/E=
-33,3,HgkayYczj7PJWN4x9YRgT4SRPjw=,67mCHWMG8iGW4krbKdug7ODWG/E=
-40,4,HgkayYczj7PJWN4x9YRgT4SRPjw=,67mCHWMG8iGW4krbKdug7ODWG/E=
-39,4,HgkayYczj7PJWN4x9YRgT4SRPjw=,67mCHWMG8iGW4krbKdug7ODWG/E=
-38,4,HgkayYczj7PJWN4x9YRgT4SRPjw=,67mCHWMG8iGW4krbKdug7ODWG/E=
-37,4,HgkayYczj7PJWN4x9YRgT4SRPjw=,67mCHWMG8iGW4krbKdug7ODWG/E=
-41,5,HgkayYczj7PJWN4x9YRgT4SRPjw=,EbDDvNmD0B2iZHCQDIlN1XwEXqE=
-36,4,HgkayYczj7PJWN4x9YRgT4SRPjw=,67mCHWMG8iGW4krbKdug7ODWG/E=
-41,4,HgkayYczj7PJWN4x9YRgT4SRPjw=,EbDDvNmD0B2iZHCQDIlN1XwEXqE=
-48,4,HgkayYczj7PJWN4x9YRgT4SRPjw=,EbDDvNmD0B2iZHCQDIlN1XwEXqE=
-35,4,HgkayYczj7PJWN4x9YRgT4SRPjw=,67mCHWMG8iGW4krbKdug7ODWG/E=
-34,4,HgkayYczj7PJWN4x9YRgT4SRPjw=,67mCHWMG8iGW4krbKdug7ODWG/E=
-33,4,HgkayYczj7PJWN4x9YRgT4SRPjw=,67mCHWMG8iGW4krbKdug7ODWG/E=
-41,2,HgkayYczj7PJWN4x9YRgT4SRPjw=,EbDDvNmD0B2iZHCQDIlN1XwEXqE=
-40,5,HgkayYczj7PJWN4x9YRgT4SRPjw=,67mCHWMG8iGW4krbKdug7ODWG/E=
-39,5,HgkayYczj7PJWN4x9YRgT4SRPjw=,67mCHWMG8iGW4krbKdug7ODWG/E=
-41,6,HgkayYczj7PJWN4x9YRgT4SRPjw=,EbDDvNmD0B2iZHCQDIlN1XwEXqE=
-38,5,HgkayYczj7PJWN4x9YRgT4SRPjw=,67mCHWMG8iGW4krbKdug7ODWG/E=
-37,5,HgkayYczj7PJWN4x9YRgT4SRPjw=,67mCHWMG8iGW4krbKdug7ODWG/E=
-36,5,HgkayYczj7PJWN4x9YRgT4SRPjw=,67mCHWMG8iGW4krbKdug7ODWG/E=
-39,0,HgkayYczj7PJWN4x9YRgT4SRPjw=,67mCHWMG8iGW4krbKdug7ODWG/E=
-38,0,HgkayYczj7PJWN4x9YRgT4SRPjw=,67mCHWMG8iGW4krbKdug7ODWG/E=
-35,5,HgkayYczj7PJWN4x9YRgT4SRPjw=,67mCHWMG8iGW4krbKdug7ODWG/E=
-34,5,HgkayYczj7PJWN4x9YRgT4SRPjw=,67mCHWMG8iGW4krbKdug7ODWG/E=
-37,0,HgkayYczj7PJWN4x9YRgT4SRPjw=,67mCHWMG8iGW4krbKdug7ODWG/E=
-36,0,HgkayYczj7PJWN4x9YRgT4SRPjw=,67mCHWMG8iGW4krbKdug7ODWG/E=
-33,5,HgkayYczj7PJWN4x9YRgT4SRPjw=,67mCHWMG8iGW4krbKdug7ODWG/E=
-40,6,HgkayYczj7PJWN4x9YRgT4SRPjw=,67mCHWMG8iGW4krbKdug7ODWG/E=
-39,6,HgkayYczj7PJWN4x9YRgT4SRPjw=,67mCHWMG8iGW4krbKdug7ODWG/E=
-35,0,HgkayYczj7PJWN4x9YRgT4SRPjw=,67mCHWMG8iGW4krbKdug7ODWG/E=
-34,0,HgkayYczj7PJWN4x9YRgT4SRPjw=,67mCHWMG8iGW4krbKdug7ODWG/E=
-40,1,HgkayYczj7PJWN4x9YRgT4SRPjw=,67mCHWMG8iGW4krbKdug7ODWG/E=
-39,1,HgkayYczj7PJWN4x9YRgT4SRPjw=,67mCHWMG8iGW4krbKdug7ODWG/E=
-38,1,HgkayYczj7PJWN4x9YRgT4SRPjw=,67mCHWMG8iGW4krbKdug7ODWG/E=
-38,6,HgkayYczj7PJWN4x9YRgT4SRPjw=,67mCHWMG8iGW4krbKdug7ODWG/E=
-37,1,HgkayYczj7PJWN4x9YRgT4SRPjw=,67mCHWMG8iGW4krbKdug7ODWG/E=
-36,1,HgkayYczj7PJWN4x9YRgT4SRPjw=,67mCHWMG8iGW4krbKdug7ODWG/E=
-35,1,HgkayYczj7PJWN4x9YRgT4SRPjw=,67mCHWMG8iGW4krbKdug7ODWG/E=
-34,1,HgkayYczj7PJWN4x9YRgT4SRPjw=,67mCHWMG8iGW4krbKdug7ODWG/E=
-37,6,HgkayYczj7PJWN4x9YRgT4SRPjw=,67mCHWMG8iGW4krbKdug7ODWG/E=
-36,6,HgkayYczj7PJWN4x9YRgT4SRPjw=,67mCHWMG8iGW4krbKdug7ODWG/E=
-33,1,HgkayYczj7PJWN4x9YRgT4SRPjw=,67mCHWMG8iGW4krbKdug7ODWG/E=
-35,6,HgkayYczj7PJWN4x9YRgT4SRPjw=,67mCHWMG8iGW4krbKdug7ODWG/E=
-40,2,HgkayYczj7PJWN4x9YRgT4SRPjw=,67mCHWMG8iGW4krbKdug7ODWG/E=
-39,2,HgkayYczj7PJWN4x9YRgT4SRPjw=,67mCHWMG8iGW4krbKdug7ODWG/E=
-38,2,HgkayYczj7PJWN4x9YRgT4SRPjw=,67mCHWMG8iGW4krbKdug7ODWG/E=
-34,6,HgkayYczj7PJWN4x9YRgT4SRPjw=,67mCHWMG8iGW4krbKdug7ODWG/E=
-37,2,HgkayYczj7PJWN4x9YRgT4SRPjw=,67mCHWMG8iGW4krbKdug7ODWG/E=
-36,2,HgkayYczj7PJWN4x9YRgT4SRPjw=,67mCHWMG8iGW4krbKdug7ODWG/E=
-35,2,HgkayYczj7PJWN4x9YRgT4SRPjw=,67mCHWMG8iGW4krbKdug7ODWG/E=
-34,2,HgkayYczj7PJWN4x9YRgT4SRPjw=,67mCHWMG8iGW4krbKdug7ODWG/E=
-33,6,HgkayYczj7PJWN4x9YRgT4SRPjw=,67mCHWMG8iGW4krbKdug7ODWG/E=
-41,1,HgkayYczj7PJWN4x9YRgT4SRPjw=,EbDDvNmD0B2iZHCQDIlN1XwEXqE=
-33,2,HgkayYczj7PJWN4x9YRgT4SRPjw=,67mCHWMG8iGW4krbKdug7ODWG/E=
-40,3,HgkayYczj7PJWN4x9YRgT4SRPjw=,67mCHWMG8iGW4krbKdug7ODWG/E=
-39,3,HgkayYczj7PJWN4x9YRgT4SRPjw=,67mCHWMG8iGW4krbKdug7ODWG/E=
-38,3,HgkayYczj7PJWN4x9YRgT4SRPjw=,67mCHWMG8iGW4krbKdug7ODWG/E=
-37,3,HgkayYczj7PJWN4x9YRgT4SRPjw=,67mCHWMG8iGW4krbKdug7ODWG/E=
-45,0,HgkayYczj7PJWN4x9YRgT4SRPjw=,EbDDvNmD0B2iZHCQDIlN1XwEXqE=
-44,0,HgkayYczj7PJWN4x9YRgT4SRPjw=,EbDDvNmD0B2iZHCQDIlN1XwEXqE=
-43,0,HgkayYczj7PJWN4x9YRgT4SRPjw=,EbDDvNmD0B2iZHCQDIlN1XwEXqE=
-47,0,HgkayYczj7PJWN4x9YRgT4SRPjw=,EbDDvNmD0B2iZHCQDIlN1XwEXqE=
-40,0,HgkayYczj7PJWN4x9YRgT4SRPjw=,67mCHWMG8iGW4krbKdug7ODWG/E=
-46,0,HgkayYczj7PJWN4x9YRgT4SRPjw=,EbDDvNmD0B2iZHCQDIlN1XwEXqE=
-42,0,HgkayYczj7PJWN4x9YRgT4SRPjw=,EbDDvNmD0B2iZHCQDIlN1XwEXqE=
-41,0,HgkayYczj7PJWN4x9YRgT4SRPjw=,EbDDvNmD0B2iZHCQDIlN1XwEXqE=
-33,0,HgkayYczj7PJWN4x9YRgT4SRPjw=,67mCHWMG8iGW4krbKdug7ODWG/E=
-48,0,HgkayYczj7PJWN4x9YRgT4SRPjw=,EbDDvNmD0B2iZHCQDIlN1XwEXqE=
-48,6,HgkayYczj7PJWN4x9YRgT4SRPjw=,EbDDvNmD0B2iZHCQDIlN1XwEXqE=
-48,5,HgkayYczj7PJWN4x9YRgT4SRPjw=,EbDDvNmD0B2iZHCQDIlN1XwEXqE=
-48,2,HgkayYczj7PJWN4x9YRgT4SRPjw=,EbDDvNmD0B2iZHCQDIlN1XwEXqE=
-48,3,HgkayYczj7PJWN4x9YRgT4SRPjw=,EbDDvNmD0B2iZHCQDIlN1XwEXqE=
-48,1,HgkayYczj7PJWN4x9YRgT4SRPjw=,EbDDvNmD0B2iZHCQDIlN1XwEXqE=
-44,13,HgkayYczj7PJWN4x9YRgT4SRPjw=,cST670Uj20gjdWWRgBIkIwCScYo=
-45,13,HgkayYczj7PJWN4x9YRgT4SRPjw=,cST670Uj20gjdWWRgBIkIwCScYo=
-43,13,HgkayYczj7PJWN4x9YRgT4SRPjw=,cST670Uj20gjdWWRgBIkIwCScYo=
-44,7,HgkayYczj7PJWN4x9YRgT4SRPjw=,EbDDvNmD0B2iZHCQDIlN1XwEXqE=
-42,13,HgkayYczj7PJWN4x9YRgT4SRPjw=,cST670Uj20gjdWWRgBIkIwCScYo=
-48,14,HgkayYczj7PJWN4x9YRgT4SRPjw=,cST670Uj20gjdWWRgBIkIwCScYo=
-47,14,HgkayYczj7PJWN4x9YRgT4SRPjw=,cST670Uj20gjdWWRgBIkIwCScYo=
-46,14,HgkayYczj7PJWN4x9YRgT4SRPjw=,cST670Uj20gjdWWRgBIkIwCScYo=
-45,14,HgkayYczj7PJWN4x9YRgT4SRPjw=,cST670Uj20gjdWWRgBIkIwCScYo=
-44,14,HgkayYczj7PJWN4x9YRgT4SRPjw=,cST670Uj20gjdWWRgBIkIwCScYo=
-46,13,HgkayYczj7PJWN4x9YRgT4SRPjw=,cST670Uj20gjdWWRgBIkIwCScYo=
-43,14,HgkayYczj7PJWN4x9YRgT4SRPjw=,cST670Uj20gjdWWRgBIkIwCScYo=
-43,7,HgkayYczj7PJWN4x9YRgT4SRPjw=,EbDDvNmD0B2iZHCQDIlN1XwEXqE=
-42,14,HgkayYczj7PJWN4x9YRgT4SRPjw=,cST670Uj20gjdWWRgBIkIwCScYo=
-48,13,HgkayYczj7PJWN4x9YRgT4SRPjw=,cST670Uj20gjdWWRgBIkIwCScYo=
-47,13,HgkayYczj7PJWN4x9YRgT4SRPjw=,cST670Uj20gjdWWRgBIkIwCScYo=
-42,7,HgkayYczj7PJWN4x9YRgT4SRPjw=,EbDDvNmD0B2iZHCQDIlN1XwEXqE=
-48,8,HgkayYczj7PJWN4x9YRgT4SRPjw=,cST670Uj20gjdWWRgBIkIwCScYo=
-48,15,HgkayYczj7PJWN4x9YRgT4SRPjw=,cST670Uj20gjdWWRgBIkIwCScYo=
-47,8,HgkayYczj7PJWN4x9YRgT4SRPjw=,cST670Uj20gjdWWRgBIkIwCScYo=
-42,12,HgkayYczj7PJWN4x9YRgT4SRPjw=,cST670Uj20gjdWWRgBIkIwCScYo=
-43,12,HgkayYczj7PJWN4x9YRgT4SRPjw=,cST670Uj20gjdWWRgBIkIwCScYo=
-44,12,HgkayYczj7PJWN4x9YRgT4SRPjw=,cST670Uj20gjdWWRgBIkIwCScYo=
-47,15,HgkayYczj7PJWN4x9YRgT4SRPjw=,cST670Uj20gjdWWRgBIkIwCScYo=
-45,12,HgkayYczj7PJWN4x9YRgT4SRPjw=,cST670Uj20gjdWWRgBIkIwCScYo=
-46,15,HgkayYczj7PJWN4x9YRgT4SRPjw=,cST670Uj20gjdWWRgBIkIwCScYo=
-46,8,HgkayYczj7PJWN4x9YRgT4SRPjw=,cST670Uj20gjdWWRgBIkIwCScYo=
-45,8,HgkayYczj7PJWN4x9YRgT4SRPjw=,cST670Uj20gjdWWRgBIkIwCScYo=
-44,8,HgkayYczj7PJWN4x9YRgT4SRPjw=,cST670Uj20gjdWWRgBIkIwCScYo=
-46,12,HgkayYczj7PJWN4x9YRgT4SRPjw=,cST670Uj20gjdWWRgBIkIwCScYo=
-45,7,HgkayYczj7PJWN4x9YRgT4SRPjw=,EbDDvNmD0B2iZHCQDIlN1XwEXqE=
-48,12,HgkayYczj7PJWN4x9YRgT4SRPjw=,cST670Uj20gjdWWRgBIkIwCScYo=
-47,12,HgkayYczj7PJWN4x9YRgT4SRPjw=,cST670Uj20gjdWWRgBIkIwCScYo=
-45,15,HgkayYczj7PJWN4x9YRgT4SRPjw=,cST670Uj20gjdWWRgBIkIwCScYo=
-42,11,HgkayYczj7PJWN4x9YRgT4SRPjw=,cST670Uj20gjdWWRgBIkIwCScYo=
-44,15,HgkayYczj7PJWN4x9YRgT4SRPjw=,cST670Uj20gjdWWRgBIkIwCScYo=
-43,11,HgkayYczj7PJWN4x9YRgT4SRPjw=,cST670Uj20gjdWWRgBIkIwCScYo=
-43,15,HgkayYczj7PJWN4x9YRgT4SRPjw=,cST670Uj20gjdWWRgBIkIwCScYo=
-42,15,HgkayYczj7PJWN4x9YRgT4SRPjw=,cST670Uj20gjdWWRgBIkIwCScYo=
-43,8,HgkayYczj7PJWN4x9YRgT4SRPjw=,cST670Uj20gjdWWRgBIkIwCScYo=
-42,8,HgkayYczj7PJWN4x9YRgT4SRPjw=,cST670Uj20gjdWWRgBIkIwCScYo=
-48,9,HgkayYczj7PJWN4x9YRgT4SRPjw=,cST670Uj20gjdWWRgBIkIwCScYo=
-47,9,HgkayYczj7PJWN4x9YRgT4SRPjw=,cST670Uj20gjdWWRgBIkIwCScYo=
-46,9,HgkayYczj7PJWN4x9YRgT4SRPjw=,cST670Uj20gjdWWRgBIkIwCScYo=
-45,9,HgkayYczj7PJWN4x9YRgT4SRPjw=,cST670Uj20gjdWWRgBIkIwCScYo=
-44,9,HgkayYczj7PJWN4x9YRgT4SRPjw=,cST670Uj20gjdWWRgBIkIwCScYo=
-44,11,HgkayYczj7PJWN4x9YRgT4SRPjw=,cST670Uj20gjdWWRgBIkIwCScYo=
-46,11,HgkayYczj7PJWN4x9YRgT4SRPjw=,cST670Uj20gjdWWRgBIkIwCScYo=
-48,11,HgkayYczj7PJWN4x9YRgT4SRPjw=,cST670Uj20gjdWWRgBIkIwCScYo=
-46,7,HgkayYczj7PJWN4x9YRgT4SRPjw=,EbDDvNmD0B2iZHCQDIlN1XwEXqE=
-47,11,HgkayYczj7PJWN4x9YRgT4SRPjw=,cST670Uj20gjdWWRgBIkIwCScYo=
-43,9,HgkayYczj7PJWN4x9YRgT4SRPjw=,cST670Uj20gjdWWRgBIkIwCScYo=
-45,11,HgkayYczj7PJWN4x9YRgT4SRPjw=,cST670Uj20gjdWWRgBIkIwCScYo=
-47,7,HgkayYczj7PJWN4x9YRgT4SRPjw=,EbDDvNmD0B2iZHCQDIlN1XwEXqE=
-48,7,HgkayYczj7PJWN4x9YRgT4SRPjw=,EbDDvNmD0B2iZHCQDIlN1XwEXqE=
-45,10,HgkayYczj7PJWN4x9YRgT4SRPjw=,cST670Uj20gjdWWRgBIkIwCScYo=
-46,10,HgkayYczj7PJWN4x9YRgT4SRPjw=,cST670Uj20gjdWWRgBIkIwCScYo=
-47,10,HgkayYczj7PJWN4x9YRgT4SRPjw=,cST670Uj20gjdWWRgBIkIwCScYo=
-48,10,HgkayYczj7PJWN4x9YRgT4SRPjw=,cST670Uj20gjdWWRgBIkIwCScYo=
-44,10,HgkayYczj7PJWN4x9YRgT4SRPjw=,cST670Uj20gjdWWRgBIkIwCScYo=
-42,10,HgkayYczj7PJWN4x9YRgT4SRPjw=,cST670Uj20gjdWWRgBIkIwCScYo=
-43,10,HgkayYczj7PJWN4x9YRgT4SRPjw=,cST670Uj20gjdWWRgBIkIwCScYo=
-42,9,HgkayYczj7PJWN4x9YRgT4SRPjw=,cST670Uj20gjdWWRgBIkIwCScYo=
-33,7,HgkayYczj7PJWN4x9YRgT4SRPjw=,67mCHWMG8iGW4krbKdug7ODWG/E=
-35,7,HgkayYczj7PJWN4x9YRgT4SRPjw=,67mCHWMG8iGW4krbKdug7ODWG/E=
-37,11,HgkayYczj7PJWN4x9YRgT4SRPjw=,kAWFlCmQYRjUR+7gNoZfwkPlRfE=
-34,7,HgkayYczj7PJWN4x9YRgT4SRPjw=,67mCHWMG8iGW4krbKdug7ODWG/E=
-33,15,HgkayYczj7PJWN4x9YRgT4SRPjw=,kAWFlCmQYRjUR+7gNoZfwkPlRfE=
-36,7,HgkayYczj7PJWN4x9YRgT4SRPjw=,67mCHWMG8iGW4krbKdug7ODWG/E=
-36,11,HgkayYczj7PJWN4x9YRgT4SRPjw=,kAWFlCmQYRjUR+7gNoZfwkPlRfE=
-38,7,HgkayYczj7PJWN4x9YRgT4SRPjw=,67mCHWMG8iGW4krbKdug7ODWG/E=
-37,7,HgkayYczj7PJWN4x9YRgT4SRPjw=,67mCHWMG8iGW4krbKdug7ODWG/E=
-41,13,HgkayYczj7PJWN4x9YRgT4SRPjw=,cST670Uj20gjdWWRgBIkIwCScYo=
-34,15,HgkayYczj7PJWN4x9YRgT4SRPjw=,kAWFlCmQYRjUR+7gNoZfwkPlRfE=
-35,11,HgkayYczj7PJWN4x9YRgT4SRPjw=,kAWFlCmQYRjUR+7gNoZfwkPlRfE=
-39,7,HgkayYczj7PJWN4x9YRgT4SRPjw=,67mCHWMG8iGW4krbKdug7ODWG/E=
-41,12,HgkayYczj7PJWN4x9YRgT4SRPjw=,cST670Uj20gjdWWRgBIkIwCScYo=
-35,15,HgkayYczj7PJWN4x9YRgT4SRPjw=,kAWFlCmQYRjUR+7gNoZfwkPlRfE=
-34,11,HgkayYczj7PJWN4x9YRgT4SRPjw=,kAWFlCmQYRjUR+7gNoZfwkPlRfE=
-36,15,HgkayYczj7PJWN4x9YRgT4SRPjw=,kAWFlCmQYRjUR+7gNoZfwkPlRfE=
-40,7,HgkayYczj7PJWN4x9YRgT4SRPjw=,67mCHWMG8iGW4krbKdug7ODWG/E=
-37,15,HgkayYczj7PJWN4x9YRgT4SRPjw=,kAWFlCmQYRjUR+7gNoZfwkPlRfE=
-38,15,HgkayYczj7PJWN4x9YRgT4SRPjw=,kAWFlCmQYRjUR+7gNoZfwkPlRfE=
-33,11,HgkayYczj7PJWN4x9YRgT4SRPjw=,kAWFlCmQYRjUR+7gNoZfwkPlRfE=
-38,11,HgkayYczj7PJWN4x9YRgT4SRPjw=,kAWFlCmQYRjUR+7gNoZfwkPlRfE=
-40,11,HgkayYczj7PJWN4x9YRgT4SRPjw=,kAWFlCmQYRjUR+7gNoZfwkPlRfE=
-39,11,HgkayYczj7PJWN4x9YRgT4SRPjw=,kAWFlCmQYRjUR+7gNoZfwkPlRfE=
-40,12,HgkayYczj7PJWN4x9YRgT4SRPjw=,kAWFlCmQYRjUR+7gNoZfwkPlRfE=
-33,14,HgkayYczj7PJWN4x9YRgT4SRPjw=,kAWFlCmQYRjUR+7gNoZfwkPlRfE=
-40,15,HgkayYczj7PJWN4x9YRgT4SRPjw=,kAWFlCmQYRjUR+7gNoZfwkPlRfE=
-39,15,HgkayYczj7PJWN4x9YRgT4SRPjw=,kAWFlCmQYRjUR+7gNoZfwkPlRfE=
-41,11,HgkayYczj7PJWN4x9YRgT4SRPjw=,cST670Uj20gjdWWRgBIkIwCScYo=
-41,14,HgkayYczj7PJWN4x9YRgT4SRPjw=,cST670Uj20gjdWWRgBIkIwCScYo=
-33,10,HgkayYczj7PJWN4x9YRgT4SRPjw=,kAWFlCmQYRjUR+7gNoZfwkPlRfE=
-34,14,HgkayYczj7PJWN4x9YRgT4SRPjw=,kAWFlCmQYRjUR+7gNoZfwkPlRfE=
-34,10,HgkayYczj7PJWN4x9YRgT4SRPjw=,kAWFlCmQYRjUR+7gNoZfwkPlRfE=
-35,10,HgkayYczj7PJWN4x9YRgT4SRPjw=,kAWFlCmQYRjUR+7gNoZfwkPlRfE=
-35,14,HgkayYczj7PJWN4x9YRgT4SRPjw=,kAWFlCmQYRjUR+7gNoZfwkPlRfE=
-36,10,HgkayYczj7PJWN4x9YRgT4SRPjw=,kAWFlCmQYRjUR+7gNoZfwkPlRfE=
-41,10,HgkayYczj7PJWN4x9YRgT4SRPjw=,cST670Uj20gjdWWRgBIkIwCScYo=
-36,14,HgkayYczj7PJWN4x9YRgT4SRPjw=,kAWFlCmQYRjUR+7gNoZfwkPlRfE=
-37,10,HgkayYczj7PJWN4x9YRgT4SRPjw=,kAWFlCmQYRjUR+7gNoZfwkPlRfE=
-37,14,HgkayYczj7PJWN4x9YRgT4SRPjw=,kAWFlCmQYRjUR+7gNoZfwkPlRfE=
-38,10,HgkayYczj7PJWN4x9YRgT4SRPjw=,kAWFlCmQYRjUR+7gNoZfwkPlRfE=
-39,10,HgkayYczj7PJWN4x9YRgT4SRPjw=,kAWFlCmQYRjUR+7gNoZfwkPlRfE=
-33,9,HgkayYczj7PJWN4x9YRgT4SRPjw=,kAWFlCmQYRjUR+7gNoZfwkPlRfE=
-40,10,HgkayYczj7PJWN4x9YRgT4SRPjw=,kAWFlCmQYRjUR+7gNoZfwkPlRfE=
-38,14,HgkayYczj7PJWN4x9YRgT4SRPjw=,kAWFlCmQYRjUR+7gNoZfwkPlRfE=
-33,13,HgkayYczj7PJWN4x9YRgT4SRPjw=,kAWFlCmQYRjUR+7gNoZfwkPlRfE=
-34,9,HgkayYczj7PJWN4x9YRgT4SRPjw=,kAWFlCmQYRjUR+7gNoZfwkPlRfE=
-39,14,HgkayYczj7PJWN4x9YRgT4SRPjw=,kAWFlCmQYRjUR+7gNoZfwkPlRfE=
-40,14,HgkayYczj7PJWN4x9YRgT4SRPjw=,kAWFlCmQYRjUR+7gNoZfwkPlRfE=
-34,13,HgkayYczj7PJWN4x9YRgT4SRPjw=,kAWFlCmQYRjUR+7gNoZfwkPlRfE=
-35,9,HgkayYczj7PJWN4x9YRgT4SRPjw=,kAWFlCmQYRjUR+7gNoZfwkPlRfE=
-36,9,HgkayYczj7PJWN4x9YRgT4SRPjw=,kAWFlCmQYRjUR+7gNoZfwkPlRfE=
-37,9,HgkayYczj7PJWN4x9YRgT4SRPjw=,kAWFlCmQYRjUR+7gNoZfwkPlRfE=
-35,13,HgkayYczj7PJWN4x9YRgT4SRPjw=,kAWFlCmQYRjUR+7gNoZfwkPlRfE=
-38,9,HgkayYczj7PJWN4x9YRgT4SRPjw=,kAWFlCmQYRjUR+7gNoZfwkPlRfE=
-36,13,HgkayYczj7PJWN4x9YRgT4SRPjw=,kAWFlCmQYRjUR+7gNoZfwkPlRfE=
-39,9,HgkayYczj7PJWN4x9YRgT4SRPjw=,kAWFlCmQYRjUR+7gNoZfwkPlRfE=
-40,9,HgkayYczj7PJWN4x9YRgT4SRPjw=,kAWFlCmQYRjUR+7gNoZfwkPlRfE=
-33,8,HgkayYczj7PJWN4x9YRgT4SRPjw=,kAWFlCmQYRjUR+7gNoZfwkPlRfE=
-41,9,HgkayYczj7PJWN4x9YRgT4SRPjw=,cST670Uj20gjdWWRgBIkIwCScYo=
-38,13,HgkayYczj7PJWN4x9YRgT4SRPjw=,kAWFlCmQYRjUR+7gNoZfwkPlRfE=
-37,13,HgkayYczj7PJWN4x9YRgT4SRPjw=,kAWFlCmQYRjUR+7gNoZfwkPlRfE=
-39,13,HgkayYczj7PJWN4x9YRgT4SRPjw=,kAWFlCmQYRjUR+7gNoZfwkPlRfE=
-40,13,HgkayYczj7PJWN4x9YRgT4SRPjw=,kAWFlCmQYRjUR+7gNoZfwkPlRfE=
-33,12,HgkayYczj7PJWN4x9YRgT4SRPjw=,kAWFlCmQYRjUR+7gNoZfwkPlRfE=
-34,8,HgkayYczj7PJWN4x9YRgT4SRPjw=,kAWFlCmQYRjUR+7gNoZfwkPlRfE=
-36,8,HgkayYczj7PJWN4x9YRgT4SRPjw=,kAWFlCmQYRjUR+7gNoZfwkPlRfE=
-35,8,HgkayYczj7PJWN4x9YRgT4SRPjw=,kAWFlCmQYRjUR+7gNoZfwkPlRfE=
-41,8,HgkayYczj7PJWN4x9YRgT4SRPjw=,cST670Uj20gjdWWRgBIkIwCScYo=
-34,12,HgkayYczj7PJWN4x9YRgT4SRPjw=,kAWFlCmQYRjUR+7gNoZfwkPlRfE=
-37,8,HgkayYczj7PJWN4x9YRgT4SRPjw=,kAWFlCmQYRjUR+7gNoZfwkPlRfE=
-38,8,HgkayYczj7PJWN4x9YRgT4SRPjw=,kAWFlCmQYRjUR+7gNoZfwkPlRfE=
-41,15,HgkayYczj7PJWN4x9YRgT4SRPjw=,cST670Uj20gjdWWRgBIkIwCScYo=
-39,8,HgkayYczj7PJWN4x9YRgT4SRPjw=,kAWFlCmQYRjUR+7gNoZfwkPlRfE=
-40,8,HgkayYczj7PJWN4x9YRgT4SRPjw=,kAWFlCmQYRjUR+7gNoZfwkPlRfE=
-36,12,HgkayYczj7PJWN4x9YRgT4SRPjw=,kAWFlCmQYRjUR+7gNoZfwkPlRfE=
-39,12,HgkayYczj7PJWN4x9YRgT4SRPjw=,kAWFlCmQYRjUR+7gNoZfwkPlRfE=
-35,12,HgkayYczj7PJWN4x9YRgT4SRPjw=,kAWFlCmQYRjUR+7gNoZfwkPlRfE=
-37,12,HgkayYczj7PJWN4x9YRgT4SRPjw=,kAWFlCmQYRjUR+7gNoZfwkPlRfE=
-38,12,HgkayYczj7PJWN4x9YRgT4SRPjw=,kAWFlCmQYRjUR+7gNoZfwkPlRfE=
-41,7,HgkayYczj7PJWN4x9YRgT4SRPjw=,EbDDvNmD0B2iZHCQDIlN1XwEXqE=
