-6,22,AGptF3fx8rKzwYwTu3eeOa8T7TE=,DhHWMjVXYAf6IsO0chThm8AAukw=
-6,21,AGptF3fx8rKzwYwTu3eeOa8T7TE=,DhHWMjVXYAf6IsO0chThm8AAukw=
-7,21,AGptF3fx8rKzwYwTu3eeOa8T7TE=,DhHWMjVXYAf6IsO0chThm8AAukw=
-7,22,AGptF3fx8rKzwYwTu3eeOa8T7TE=,DhHWMjVXYAf6IsO0chThm8AAukw=
-8,21,AGptF3fx8rKzwYwTu3eeOa8T7TE=,DhHWMjVXYAf6IsO0chThm8AAukw=
-11,21,AGptF3fx8rKzwYwTu3eeOa8T7TE=,HF8gcg7+X1A0/9WqihFMAOvUY+0=
-10,21,AGptF3fx8rKzwYwTu3eeOa8T7TE=,HF8gcg7+X1A0/9WqihFMAOvUY+0=
-9,21,AGptF3fx8rKzwYwTu3eeOa8T7TE=,HF8gcg7+X1A0/9WqihFMAOvUY+0=
-11,22,AGptF3fx8rKzwYwTu3eeOa8T7TE=,HF8gcg7+X1A0/9WqihFMAOvUY+0=
-8,22,AGptF3fx8rKzwYwTu3eeOa8T7TE=,DhHWMjVXYAf6IsO0chThm8AAukw=
-10,22,AGptF3fx8rKzwYwTu3eeOa8T7TE=,HF8gcg7+X1A0/9WqihFMAOvUY+0=
-9,22,AGptF3fx8rKzwYwTu3eeOa8T7TE=,HF8gcg7+X1A0/9WqihFMAOvUY+0=
-4,21,AGptF3fx8rKzwYwTu3eeOa8T7TE=,nw511ombGuDHjU8XfuvX1Anu76I=
-5,22,AGptF3fx8rKzwYwTu3eeOa8T7TE=,DhHWMjVXYAf6IsO0chThm8AAukw=
-3,21,AGptF3fx8rKzwYwTu3eeOa8T7TE=,nw511ombGuDHjU8XfuvX1Anu76I=
-2,21,AGptF3fx8rKzwYwTu3eeOa8T7TE=,nw511ombGuDHjU8XfuvX1Anu76I=
-4,22,AGptF3fx8rKzwYwTu3eeOa8T7TE=,nw511ombGuDHjU8XfuvX1Anu76I=
-3,22,AGptF3fx8rKzwYwTu3eeOa8T7TE=,nw511ombGuDHjU8XfuvX1Anu76I=
-2,22,AGptF3fx8rKzwYwTu3eeOa8T7TE=,nw511ombGuDHjU8XfuvX1Anu76I=
-3,17,AGptF3fx8rKzwYwTu3eeOa8T7TE=,VrlGmzmZAL706NclenZWgPesJB0=
-2,17,AGptF3fx8rKzwYwTu3eeOa8T7TE=,VrlGmzmZAL706NclenZWgPesJB0=
-3,19,AGptF3fx8rKzwYwTu3eeOa8T7TE=,VrlGmzmZAL706NclenZWgPesJB0=
-2,20,AGptF3fx8rKzwYwTu3eeOa8T7TE=,nw511ombGuDHjU8XfuvX1Anu76I=
-2,19,AGptF3fx8rKzwYwTu3eeOa8T7TE=,VrlGmzmZAL706NclenZWgPesJB0=
-3,18,AGptF3fx8rKzwYwTu3eeOa8T7TE=,VrlGmzmZAL706NclenZWgPesJB0=
-3,20,AGptF3fx8rKzwYwTu3eeOa8T7TE=,nw511ombGuDHjU8XfuvX1Anu76I=
-2,18,AGptF3fx8rKzwYwTu3eeOa8T7TE=,VrlGmzmZAL706NclenZWgPesJB0=
-11,17,zBip5i1Z/3EL3joCFnnnnhcf+sI=,Mm340tIMzwEqYgIAmSkl+1dLNFs=
-10,17,zBip5i1Z/3EL3joCFnnnnhcf+sI=,Mm340tIMzwEqYgIAmSkl+1dLNFs=
-11,19,zBip5i1Z/3EL3joCFnnnnhcf+sI=,Mm340tIMzwEqYgIAmSkl+1dLNFs=
-11,20,AGptF3fx8rKzwYwTu3eeOa8T7TE=,HF8gcg7+X1A0/9WqihFMAOvUY+0=
-10,20,AGptF3fx8rKzwYwTu3eeOa8T7TE=,HF8gcg7+X1A0/9WqihFMAOvUY+0=
-11,18,zBip5i1Z/3EL3joCFnnnnhcf+sI=,Mm340tIMzwEqYgIAmSkl+1dLNFs=
-10,18,zBip5i1Z/3EL3joCFnnnnhcf+sI=,Mm340tIMzwEqYgIAmSkl+1dLNFs=
-10,19,zBip5i1Z/3EL3joCFnnnnhcf+sI=,Mm340tIMzwEqYgIAmSkl+1dLNFs=
-8,17,AGptF3fx8rKzwYwTu3eeOa8T7TE=,T8QsTWgmRO+ew7Qu5x5qQD0ypNI=
-4,19,AGptF3fx8rKzwYwTu3eeOa8T7TE=,VrlGmzmZAL706NclenZWgPesJB0=
-5,21,AGptF3fx8rKzwYwTu3eeOa8T7TE=,DhHWMjVXYAf6IsO0chThm8AAukw=
-7,17,AGptF3fx8rKzwYwTu3eeOa8T7TE=,T8QsTWgmRO+ew7Qu5x5qQD0ypNI=
-8,18,AGptF3fx8rKzwYwTu3eeOa8T7TE=,T8QsTWgmRO+ew7Qu5x5qQD0ypNI=
-7,18,AGptF3fx8rKzwYwTu3eeOa8T7TE=,T8QsTWgmRO+ew7Qu5x5qQD0ypNI=
-4,18,AGptF3fx8rKzwYwTu3eeOa8T7TE=,VrlGmzmZAL706NclenZWgPesJB0=
-6,18,AGptF3fx8rKzwYwTu3eeOa8T7TE=,T8QsTWgmRO+ew7Qu5x5qQD0ypNI=
-9,17,zBip5i1Z/3EL3joCFnnnnhcf+sI=,Mm340tIMzwEqYgIAmSkl+1dLNFs=
-7,16,AGptF3fx8rKzwYwTu3eeOa8T7TE=,T8QsTWgmRO+ew7Qu5x5qQD0ypNI=
-6,17,AGptF3fx8rKzwYwTu3eeOa8T7TE=,T8QsTWgmRO+ew7Qu5x5qQD0ypNI=
-7,19,AGptF3fx8rKzwYwTu3eeOa8T7TE=,T8QsTWgmRO+ew7Qu5x5qQD0ypNI=
-4,20,AGptF3fx8rKzwYwTu3eeOa8T7TE=,nw511ombGuDHjU8XfuvX1Anu76I=
-6,16,AGptF3fx8rKzwYwTu3eeOa8T7TE=,T8QsTWgmRO+ew7Qu5x5qQD0ypNI=
-5,18,AGptF3fx8rKzwYwTu3eeOa8T7TE=,T8QsTWgmRO+ew7Qu5x5qQD0ypNI=
-5,17,AGptF3fx8rKzwYwTu3eeOa8T7TE=,T8QsTWgmRO+ew7Qu5x5qQD0ypNI=
-9,20,AGptF3fx8rKzwYwTu3eeOa8T7TE=,HF8gcg7+X1A0/9WqihFMAOvUY+0=
-6,19,AGptF3fx8rKzwYwTu3eeOa8T7TE=,T8QsTWgmRO+ew7Qu5x5qQD0ypNI=
-5,19,AGptF3fx8rKzwYwTu3eeOa8T7TE=,T8QsTWgmRO+ew7Qu5x5qQD0ypNI=
-8,20,AGptF3fx8rKzwYwTu3eeOa8T7TE=,DhHWMjVXYAf6IsO0chThm8AAukw=
-15,23,zBip5i1Z/3EL3joCFnnnnhcf+sI=,fNeFc7FfBfHC3GodKNb6Ecya5IM=
-8,19,AGptF3fx8rKzwYwTu3eeOa8T7TE=,T8QsTWgmRO+ew7Qu5x5qQD0ypNI=
-14,23,zBip5i1Z/3EL3joCFnnnnhcf+sI=,fNeFc7FfBfHC3GodKNb6Ecya5IM=
-4,17,AGptF3fx8rKzwYwTu3eeOa8T7TE=,VrlGmzmZAL706NclenZWgPesJB0=
-13,23,zBip5i1Z/3EL3joCFnnnnhcf+sI=,fNeFc7FfBfHC3GodKNb6Ecya5IM=
-12,23,AGptF3fx8rKzwYwTu3eeOa8T7TE=,HF8gcg7+X1A0/9WqihFMAOvUY+0=
-16,21,zBip5i1Z/3EL3joCFnnnnhcf+sI=,fNeFc7FfBfHC3GodKNb6Ecya5IM=
-10,23,AGptF3fx8rKzwYwTu3eeOa8T7TE=,HF8gcg7+X1A0/9WqihFMAOvUY+0=
-9,19,zBip5i1Z/3EL3joCFnnnnhcf+sI=,Mm340tIMzwEqYgIAmSkl+1dLNFs=
-7,20,AGptF3fx8rKzwYwTu3eeOa8T7TE=,DhHWMjVXYAf6IsO0chThm8AAukw=
-11,23,AGptF3fx8rKzwYwTu3eeOa8T7TE=,HF8gcg7+X1A0/9WqihFMAOvUY+0=
-6,20,AGptF3fx8rKzwYwTu3eeOa8T7TE=,DhHWMjVXYAf6IsO0chThm8AAukw=
-12,21,AGptF3fx8rKzwYwTu3eeOa8T7TE=,HF8gcg7+X1A0/9WqihFMAOvUY+0=
-15,21,zBip5i1Z/3EL3joCFnnnnhcf+sI=,fNeFc7FfBfHC3GodKNb6Ecya5IM=
-14,21,zBip5i1Z/3EL3joCFnnnnhcf+sI=,fNeFc7FfBfHC3GodKNb6Ecya5IM=
-13,21,zBip5i1Z/3EL3joCFnnnnhcf+sI=,fNeFc7FfBfHC3GodKNb6Ecya5IM=
-16,22,zBip5i1Z/3EL3joCFnnnnhcf+sI=,fNeFc7FfBfHC3GodKNb6Ecya5IM=
-15,22,zBip5i1Z/3EL3joCFnnnnhcf+sI=,fNeFc7FfBfHC3GodKNb6Ecya5IM=
-12,22,AGptF3fx8rKzwYwTu3eeOa8T7TE=,HF8gcg7+X1A0/9WqihFMAOvUY+0=
-14,22,zBip5i1Z/3EL3joCFnnnnhcf+sI=,fNeFc7FfBfHC3GodKNb6Ecya5IM=
-13,22,zBip5i1Z/3EL3joCFnnnnhcf+sI=,fNeFc7FfBfHC3GodKNb6Ecya5IM=
-8,23,AGptF3fx8rKzwYwTu3eeOa8T7TE=,DhHWMjVXYAf6IsO0chThm8AAukw=
-5,20,AGptF3fx8rKzwYwTu3eeOa8T7TE=,DhHWMjVXYAf6IsO0chThm8AAukw=
-7,23,AGptF3fx8rKzwYwTu3eeOa8T7TE=,DhHWMjVXYAf6IsO0chThm8AAukw=
-6,23,AGptF3fx8rKzwYwTu3eeOa8T7TE=,DhHWMjVXYAf6IsO0chThm8AAukw=
-9,23,AGptF3fx8rKzwYwTu3eeOa8T7TE=,HF8gcg7+X1A0/9WqihFMAOvUY+0=
-3,23,AGptF3fx8rKzwYwTu3eeOa8T7TE=,nw511ombGuDHjU8XfuvX1Anu76I=
-2,23,AGptF3fx8rKzwYwTu3eeOa8T7TE=,nw511ombGuDHjU8XfuvX1Anu76I=
-5,23,AGptF3fx8rKzwYwTu3eeOa8T7TE=,DhHWMjVXYAf6IsO0chThm8AAukw=
-4,23,AGptF3fx8rKzwYwTu3eeOa8T7TE=,nw511ombGuDHjU8XfuvX1Anu76I=
-9,18,zBip5i1Z/3EL3joCFnnnnhcf+sI=,Mm340tIMzwEqYgIAmSkl+1dLNFs=
-1,22,AGptF3fx8rKzwYwTu3eeOa8T7TE=,nw511ombGuDHjU8XfuvX1Anu76I=
-1,17,AGptF3fx8rKzwYwTu3eeOa8T7TE=,VrlGmzmZAL706NclenZWgPesJB0=
-1,21,AGptF3fx8rKzwYwTu3eeOa8T7TE=,nw511ombGuDHjU8XfuvX1Anu76I=
-1,19,AGptF3fx8rKzwYwTu3eeOa8T7TE=,VrlGmzmZAL706NclenZWgPesJB0=
-1,18,AGptF3fx8rKzwYwTu3eeOa8T7TE=,VrlGmzmZAL706NclenZWgPesJB0=
-1,20,AGptF3fx8rKzwYwTu3eeOa8T7TE=,nw511ombGuDHjU8XfuvX1Anu76I=
-5,16,AGptF3fx8rKzwYwTu3eeOa8T7TE=,T8QsTWgmRO+ew7Qu5x5qQD0ypNI=
-4,16,AGptF3fx8rKzwYwTu3eeOa8T7TE=,VrlGmzmZAL706NclenZWgPesJB0=
-3,16,AGptF3fx8rKzwYwTu3eeOa8T7TE=,VrlGmzmZAL706NclenZWgPesJB0=
-16,23,zBip5i1Z/3EL3joCFnnnnhcf+sI=,fNeFc7FfBfHC3GodKNb6Ecya5IM=
-1,23,AGptF3fx8rKzwYwTu3eeOa8T7TE=,nw511ombGuDHjU8XfuvX1Anu76I=
-2,16,AGptF3fx8rKzwYwTu3eeOa8T7TE=,VrlGmzmZAL706NclenZWgPesJB0=
-8,16,AGptF3fx8rKzwYwTu3eeOa8T7TE=,T8QsTWgmRO+ew7Qu5x5qQD0ypNI=
-11,16,zBip5i1Z/3EL3joCFnnnnhcf+sI=,Mm340tIMzwEqYgIAmSkl+1dLNFs=
-10,16,zBip5i1Z/3EL3joCFnnnnhcf+sI=,Mm340tIMzwEqYgIAmSkl+1dLNFs=
-1,16,AGptF3fx8rKzwYwTu3eeOa8T7TE=,VrlGmzmZAL706NclenZWgPesJB0=
-12,17,HmurLpBFuPBPp4aUh0Q67QvBe/4=,Mm340tIMzwEqYgIAmSkl+1dLNFs=
-9,16,zBip5i1Z/3EL3joCFnnnnhcf+sI=,Mm340tIMzwEqYgIAmSkl+1dLNFs=
-14,20,HmurLpBFuPBPp4aUh0Q67QvBe/4=,fNeFc7FfBfHC3GodKNb6Ecya5IM=
-15,20,HmurLpBFuPBPp4aUh0Q67QvBe/4=,fNeFc7FfBfHC3GodKNb6Ecya5IM=
-13,16,HmurLpBFuPBPp4aUh0Q67QvBe/4=,BUUGLh2TRsr3gT4qu1n2FQtgUNE=
-16,17,HmurLpBFuPBPp4aUh0Q67QvBe/4=,BUUGLh2TRsr3gT4qu1n2FQtgUNE=
-13,19,HmurLpBFuPBPp4aUh0Q67QvBe/4=,BUUGLh2TRsr3gT4qu1n2FQtgUNE=
-14,19,HmurLpBFuPBPp4aUh0Q67QvBe/4=,BUUGLh2TRsr3gT4qu1n2FQtgUNE=
-12,18,HmurLpBFuPBPp4aUh0Q67QvBe/4=,Mm340tIMzwEqYgIAmSkl+1dLNFs=
-16,20,HmurLpBFuPBPp4aUh0Q67QvBe/4=,fNeFc7FfBfHC3GodKNb6Ecya5IM=
-12,16,HmurLpBFuPBPp4aUh0Q67QvBe/4=,Mm340tIMzwEqYgIAmSkl+1dLNFs=
-13,20,HmurLpBFuPBPp4aUh0Q67QvBe/4=,fNeFc7FfBfHC3GodKNb6Ecya5IM=
-15,19,HmurLpBFuPBPp4aUh0Q67QvBe/4=,BUUGLh2TRsr3gT4qu1n2FQtgUNE=
-14,16,HmurLpBFuPBPp4aUh0Q67QvBe/4=,BUUGLh2TRsr3gT4qu1n2FQtgUNE=
-15,17,HmurLpBFuPBPp4aUh0Q67QvBe/4=,BUUGLh2TRsr3gT4qu1n2FQtgUNE=
-14,17,HmurLpBFuPBPp4aUh0Q67QvBe/4=,BUUGLh2TRsr3gT4qu1n2FQtgUNE=
-13,17,HmurLpBFuPBPp4aUh0Q67QvBe/4=,BUUGLh2TRsr3gT4qu1n2FQtgUNE=
-12,19,HmurLpBFuPBPp4aUh0Q67QvBe/4=,Mm340tIMzwEqYgIAmSkl+1dLNFs=
-16,16,HmurLpBFuPBPp4aUh0Q67QvBe/4=,BUUGLh2TRsr3gT4qu1n2FQtgUNE=
-13,18,HmurLpBFuPBPp4aUh0Q67QvBe/4=,BUUGLh2TRsr3gT4qu1n2FQtgUNE=
-14,18,HmurLpBFuPBPp4aUh0Q67QvBe/4=,BUUGLh2TRsr3gT4qu1n2FQtgUNE=
-15,16,zBip5i1Z/3EL3joCFnnnnhcf+sI=,BUUGLh2TRsr3gT4qu1n2FQtgUNE=
-16,19,HmurLpBFuPBPp4aUh0Q67QvBe/4=,BUUGLh2TRsr3gT4qu1n2FQtgUNE=
-15,18,HmurLpBFuPBPp4aUh0Q67QvBe/4=,BUUGLh2TRsr3gT4qu1n2FQtgUNE=
-16,18,HmurLpBFuPBPp4aUh0Q67QvBe/4=,BUUGLh2TRsr3gT4qu1n2FQtgUNE=
-12,20,AGptF3fx8rKzwYwTu3eeOa8T7TE=,HF8gcg7+X1A0/9WqihFMAOvUY+0=
-7,11,Ipgm54TZNQ4EkNy+5UtvbXHZYyw=,sMLATa3OqR3Pq64kHkVSQ6iFRlU=
-6,10,Ipgm54TZNQ4EkNy+5UtvbXHZYyw=,sMLATa3OqR3Pq64kHkVSQ6iFRlU=
-7,9,Ipgm54TZNQ4EkNy+5UtvbXHZYyw=,sMLATa3OqR3Pq64kHkVSQ6iFRlU=
-6,9,Ipgm54TZNQ4EkNy+5UtvbXHZYyw=,sMLATa3OqR3Pq64kHkVSQ6iFRlU=
-7,10,Ipgm54TZNQ4EkNy+5UtvbXHZYyw=,sMLATa3OqR3Pq64kHkVSQ6iFRlU=
-2,9,Ipgm54TZNQ4EkNy+5UtvbXHZYyw=,cUob1RC9R142tFd5uzIuUzDSxeE=
-5,10,Ipgm54TZNQ4EkNy+5UtvbXHZYyw=,sMLATa3OqR3Pq64kHkVSQ6iFRlU=
-4,10,Ipgm54TZNQ4EkNy+5UtvbXHZYyw=,cUob1RC9R142tFd5uzIuUzDSxeE=
-3,10,Ipgm54TZNQ4EkNy+5UtvbXHZYyw=,cUob1RC9R142tFd5uzIuUzDSxeE=
-2,12,PqCybm8+sOzPEgUVbgJ3up323X0=,QHn73CyYXMVQTc4yAeRk1rumxvE=
-4,13,PqCybm8+sOzPEgUVbgJ3up323X0=,QHn73CyYXMVQTc4yAeRk1rumxvE=
-5,9,Ipgm54TZNQ4EkNy+5UtvbXHZYyw=,sMLATa3OqR3Pq64kHkVSQ6iFRlU=
-2,10,Ipgm54TZNQ4EkNy+5UtvbXHZYyw=,cUob1RC9R142tFd5uzIuUzDSxeE=
-3,13,PqCybm8+sOzPEgUVbgJ3up323X0=,QHn73CyYXMVQTc4yAeRk1rumxvE=
-3,9,Ipgm54TZNQ4EkNy+5UtvbXHZYyw=,cUob1RC9R142tFd5uzIuUzDSxeE=
-4,9,Ipgm54TZNQ4EkNy+5UtvbXHZYyw=,cUob1RC9R142tFd5uzIuUzDSxeE=
-7,14,PqCybm8+sOzPEgUVbgJ3up323X0=,2OF5f5FfHIPbKyYzUOcBF0fSaHc=
-6,11,Ipgm54TZNQ4EkNy+5UtvbXHZYyw=,sMLATa3OqR3Pq64kHkVSQ6iFRlU=
-7,12,PqCybm8+sOzPEgUVbgJ3up323X0=,2OF5f5FfHIPbKyYzUOcBF0fSaHc=
-7,13,PqCybm8+sOzPEgUVbgJ3up323X0=,2OF5f5FfHIPbKyYzUOcBF0fSaHc=
-2,13,PqCybm8+sOzPEgUVbgJ3up323X0=,QHn73CyYXMVQTc4yAeRk1rumxvE=
-6,13,PqCybm8+sOzPEgUVbgJ3up323X0=,2OF5f5FfHIPbKyYzUOcBF0fSaHc=
-5,11,Ipgm54TZNQ4EkNy+5UtvbXHZYyw=,sMLATa3OqR3Pq64kHkVSQ6iFRlU=
-6,12,PqCybm8+sOzPEgUVbgJ3up323X0=,2OF5f5FfHIPbKyYzUOcBF0fSaHc=
-6,14,PqCybm8+sOzPEgUVbgJ3up323X0=,2OF5f5FfHIPbKyYzUOcBF0fSaHc=
-3,12,PqCybm8+sOzPEgUVbgJ3up323X0=,QHn73CyYXMVQTc4yAeRk1rumxvE=
-5,13,PqCybm8+sOzPEgUVbgJ3up323X0=,2OF5f5FfHIPbKyYzUOcBF0fSaHc=
-2,11,Ipgm54TZNQ4EkNy+5UtvbXHZYyw=,cUob1RC9R142tFd5uzIuUzDSxeE=
-3,11,Ipgm54TZNQ4EkNy+5UtvbXHZYyw=,cUob1RC9R142tFd5uzIuUzDSxeE=
-5,12,PqCybm8+sOzPEgUVbgJ3up323X0=,2OF5f5FfHIPbKyYzUOcBF0fSaHc=
-4,11,Ipgm54TZNQ4EkNy+5UtvbXHZYyw=,cUob1RC9R142tFd5uzIuUzDSxeE=
-5,14,PqCybm8+sOzPEgUVbgJ3up323X0=,2OF5f5FfHIPbKyYzUOcBF0fSaHc=
-2,14,PqCybm8+sOzPEgUVbgJ3up323X0=,QHn73CyYXMVQTc4yAeRk1rumxvE=
-4,14,PqCybm8+sOzPEgUVbgJ3up323X0=,QHn73CyYXMVQTc4yAeRk1rumxvE=
-4,12,PqCybm8+sOzPEgUVbgJ3up323X0=,QHn73CyYXMVQTc4yAeRk1rumxvE=
-3,14,PqCybm8+sOzPEgUVbgJ3up323X0=,QHn73CyYXMVQTc4yAeRk1rumxvE=
-15,5,PqCybm8+sOzPEgUVbgJ3up323X0=,ZlOXHoTRo7WsoWsMij88Hi9/t1A=
-14,5,PqCybm8+sOzPEgUVbgJ3up323X0=,ZlOXHoTRo7WsoWsMij88Hi9/t1A=
-15,6,PqCybm8+sOzPEgUVbgJ3up323X0=,ZlOXHoTRo7WsoWsMij88Hi9/t1A=
-14,6,PqCybm8+sOzPEgUVbgJ3up323X0=,ZlOXHoTRo7WsoWsMij88Hi9/t1A=
-12,5,PqCybm8+sOzPEgUVbgJ3up323X0=,Ju1FbYgDN1aff/ETwOnUN34BdCg=
-11,5,PqCybm8+sOzPEgUVbgJ3up323X0=,Ju1FbYgDN1aff/ETwOnUN34BdCg=
-10,5,PqCybm8+sOzPEgUVbgJ3up323X0=,Ju1FbYgDN1aff/ETwOnUN34BdCg=
-12,6,PqCybm8+sOzPEgUVbgJ3up323X0=,Ju1FbYgDN1aff/ETwOnUN34BdCg=
-11,6,PqCybm8+sOzPEgUVbgJ3up323X0=,Ju1FbYgDN1aff/ETwOnUN34BdCg=
-10,6,PqCybm8+sOzPEgUVbgJ3up323X0=,Ju1FbYgDN1aff/ETwOnUN34BdCg=
-13,5,PqCybm8+sOzPEgUVbgJ3up323X0=,ZlOXHoTRo7WsoWsMij88Hi9/t1A=
-13,6,PqCybm8+sOzPEgUVbgJ3up323X0=,ZlOXHoTRo7WsoWsMij88Hi9/t1A=
-15,9,PqCybm8+sOzPEgUVbgJ3up323X0=,kar9fhPzQRxVfzY+1HOnL4hOmCk=
-14,9,PqCybm8+sOzPEgUVbgJ3up323X0=,kar9fhPzQRxVfzY+1HOnL4hOmCk=
-15,10,PqCybm8+sOzPEgUVbgJ3up323X0=,kar9fhPzQRxVfzY+1HOnL4hOmCk=
-14,10,PqCybm8+sOzPEgUVbgJ3up323X0=,kar9fhPzQRxVfzY+1HOnL4hOmCk=
-15,7,PqCybm8+sOzPEgUVbgJ3up323X0=,ZlOXHoTRo7WsoWsMij88Hi9/t1A=
-14,7,PqCybm8+sOzPEgUVbgJ3up323X0=,ZlOXHoTRo7WsoWsMij88Hi9/t1A=
-15,8,PqCybm8+sOzPEgUVbgJ3up323X0=,kar9fhPzQRxVfzY+1HOnL4hOmCk=
-14,8,PqCybm8+sOzPEgUVbgJ3up323X0=,kar9fhPzQRxVfzY+1HOnL4hOmCk=
-13,9,PqCybm8+sOzPEgUVbgJ3up323X0=,kar9fhPzQRxVfzY+1HOnL4hOmCk=
-12,7,PqCybm8+sOzPEgUVbgJ3up323X0=,Ju1FbYgDN1aff/ETwOnUN34BdCg=
-11,7,PqCybm8+sOzPEgUVbgJ3up323X0=,Ju1FbYgDN1aff/ETwOnUN34BdCg=
-10,7,PqCybm8+sOzPEgUVbgJ3up323X0=,Ju1FbYgDN1aff/ETwOnUN34BdCg=
-8,10,Ipgm54TZNQ4EkNy+5UtvbXHZYyw=,sMLATa3OqR3Pq64kHkVSQ6iFRlU=
-8,9,Ipgm54TZNQ4EkNy+5UtvbXHZYyw=,sMLATa3OqR3Pq64kHkVSQ6iFRlU=
-12,9,Ipgm54TZNQ4EkNy+5UtvbXHZYyw=,Trinxtqu06N9IQNhx5UcH/ffhZ8=
-11,9,Ipgm54TZNQ4EkNy+5UtvbXHZYyw=,Trinxtqu06N9IQNhx5UcH/ffhZ8=
-10,9,Ipgm54TZNQ4EkNy+5UtvbXHZYyw=,Trinxtqu06N9IQNhx5UcH/ffhZ8=
-13,7,PqCybm8+sOzPEgUVbgJ3up323X0=,ZlOXHoTRo7WsoWsMij88Hi9/t1A=
-9,9,Ipgm54TZNQ4EkNy+5UtvbXHZYyw=,Trinxtqu06N9IQNhx5UcH/ffhZ8=
-13,10,PqCybm8+sOzPEgUVbgJ3up323X0=,kar9fhPzQRxVfzY+1HOnL4hOmCk=
-12,10,Ipgm54TZNQ4EkNy+5UtvbXHZYyw=,Trinxtqu06N9IQNhx5UcH/ffhZ8=
-11,10,Ipgm54TZNQ4EkNy+5UtvbXHZYyw=,Trinxtqu06N9IQNhx5UcH/ffhZ8=
-10,10,Ipgm54TZNQ4EkNy+5UtvbXHZYyw=,Trinxtqu06N9IQNhx5UcH/ffhZ8=
-9,10,Ipgm54TZNQ4EkNy+5UtvbXHZYyw=,Trinxtqu06N9IQNhx5UcH/ffhZ8=
-12,8,Ipgm54TZNQ4EkNy+5UtvbXHZYyw=,Trinxtqu06N9IQNhx5UcH/ffhZ8=
-11,8,Ipgm54TZNQ4EkNy+5UtvbXHZYyw=,Trinxtqu06N9IQNhx5UcH/ffhZ8=
-10,8,Ipgm54TZNQ4EkNy+5UtvbXHZYyw=,Trinxtqu06N9IQNhx5UcH/ffhZ8=
-13,8,PqCybm8+sOzPEgUVbgJ3up323X0=,kar9fhPzQRxVfzY+1HOnL4hOmCk=
-6,6,Ipgm54TZNQ4EkNy+5UtvbXHZYyw=,5aGj+PP7cdduzgSi724vC8TMk/4=
-7,8,Ipgm54TZNQ4EkNy+5UtvbXHZYyw=,sMLATa3OqR3Pq64kHkVSQ6iFRlU=
-9,5,PqCybm8+sOzPEgUVbgJ3up323X0=,Ju1FbYgDN1aff/ETwOnUN34BdCg=
-8,8,Ipgm54TZNQ4EkNy+5UtvbXHZYyw=,sMLATa3OqR3Pq64kHkVSQ6iFRlU=
-6,8,Ipgm54TZNQ4EkNy+5UtvbXHZYyw=,sMLATa3OqR3Pq64kHkVSQ6iFRlU=
-9,6,PqCybm8+sOzPEgUVbgJ3up323X0=,Ju1FbYgDN1aff/ETwOnUN34BdCg=
-8,7,Ipgm54TZNQ4EkNy+5UtvbXHZYyw=,5aGj+PP7cdduzgSi724vC8TMk/4=
-7,7,Ipgm54TZNQ4EkNy+5UtvbXHZYyw=,5aGj+PP7cdduzgSi724vC8TMk/4=
-6,2,Ipgm54TZNQ4EkNy+5UtvbXHZYyw=,GLhSmJW67n5ShfjGwTNUis3xWvo=
-7,3,Ipgm54TZNQ4EkNy+5UtvbXHZYyw=,GLhSmJW67n5ShfjGwTNUis3xWvo=
-6,3,Ipgm54TZNQ4EkNy+5UtvbXHZYyw=,GLhSmJW67n5ShfjGwTNUis3xWvo=
-7,1,Ipgm54TZNQ4EkNy+5UtvbXHZYyw=,GLhSmJW67n5ShfjGwTNUis3xWvo=
-6,1,Ipgm54TZNQ4EkNy+5UtvbXHZYyw=,GLhSmJW67n5ShfjGwTNUis3xWvo=
-7,4,Ipgm54TZNQ4EkNy+5UtvbXHZYyw=,5aGj+PP7cdduzgSi724vC8TMk/4=
-6,4,Ipgm54TZNQ4EkNy+5UtvbXHZYyw=,5aGj+PP7cdduzgSi724vC8TMk/4=
-7,2,Ipgm54TZNQ4EkNy+5UtvbXHZYyw=,GLhSmJW67n5ShfjGwTNUis3xWvo=
-8,5,Ipgm54TZNQ4EkNy+5UtvbXHZYyw=,5aGj+PP7cdduzgSi724vC8TMk/4=
-7,5,Ipgm54TZNQ4EkNy+5UtvbXHZYyw=,5aGj+PP7cdduzgSi724vC8TMk/4=
-6,5,Ipgm54TZNQ4EkNy+5UtvbXHZYyw=,5aGj+PP7cdduzgSi724vC8TMk/4=
-9,7,PqCybm8+sOzPEgUVbgJ3up323X0=,Ju1FbYgDN1aff/ETwOnUN34BdCg=
-6,7,Ipgm54TZNQ4EkNy+5UtvbXHZYyw=,5aGj+PP7cdduzgSi724vC8TMk/4=
-8,6,Ipgm54TZNQ4EkNy+5UtvbXHZYyw=,5aGj+PP7cdduzgSi724vC8TMk/4=
-7,6,Ipgm54TZNQ4EkNy+5UtvbXHZYyw=,5aGj+PP7cdduzgSi724vC8TMk/4=
-9,8,Ipgm54TZNQ4EkNy+5UtvbXHZYyw=,Trinxtqu06N9IQNhx5UcH/ffhZ8=
-2,8,Ipgm54TZNQ4EkNy+5UtvbXHZYyw=,cUob1RC9R142tFd5uzIuUzDSxeE=
-4,5,Ipgm54TZNQ4EkNy+5UtvbXHZYyw=,hlxGhi+A+DXWWhBIr++MoRWE0XI=
-3,5,Ipgm54TZNQ4EkNy+5UtvbXHZYyw=,hlxGhi+A+DXWWhBIr++MoRWE0XI=
-5,8,Ipgm54TZNQ4EkNy+5UtvbXHZYyw=,sMLATa3OqR3Pq64kHkVSQ6iFRlU=
-5,6,Ipgm54TZNQ4EkNy+5UtvbXHZYyw=,5aGj+PP7cdduzgSi724vC8TMk/4=
-2,5,Ipgm54TZNQ4EkNy+5UtvbXHZYyw=,hlxGhi+A+DXWWhBIr++MoRWE0XI=
-4,6,Ipgm54TZNQ4EkNy+5UtvbXHZYyw=,hlxGhi+A+DXWWhBIr++MoRWE0XI=
-3,6,Ipgm54TZNQ4EkNy+5UtvbXHZYyw=,hlxGhi+A+DXWWhBIr++MoRWE0XI=
-2,6,Ipgm54TZNQ4EkNy+5UtvbXHZYyw=,hlxGhi+A+DXWWhBIr++MoRWE0XI=
-4,7,Ipgm54TZNQ4EkNy+5UtvbXHZYyw=,hlxGhi+A+DXWWhBIr++MoRWE0XI=
-5,5,Ipgm54TZNQ4EkNy+5UtvbXHZYyw=,5aGj+PP7cdduzgSi724vC8TMk/4=
-5,7,Ipgm54TZNQ4EkNy+5UtvbXHZYyw=,5aGj+PP7cdduzgSi724vC8TMk/4=
-3,7,Ipgm54TZNQ4EkNy+5UtvbXHZYyw=,hlxGhi+A+DXWWhBIr++MoRWE0XI=
-2,7,Ipgm54TZNQ4EkNy+5UtvbXHZYyw=,hlxGhi+A+DXWWhBIr++MoRWE0XI=
-4,8,Ipgm54TZNQ4EkNy+5UtvbXHZYyw=,cUob1RC9R142tFd5uzIuUzDSxeE=
-3,8,Ipgm54TZNQ4EkNy+5UtvbXHZYyw=,cUob1RC9R142tFd5uzIuUzDSxeE=
-4,1,Ipgm54TZNQ4EkNy+5UtvbXHZYyw=,C2wgOyBwx6b7Rby9LgdMu9kx7K4=
-3,1,Ipgm54TZNQ4EkNy+5UtvbXHZYyw=,C2wgOyBwx6b7Rby9LgdMu9kx7K4=
-5,2,Ipgm54TZNQ4EkNy+5UtvbXHZYyw=,GLhSmJW67n5ShfjGwTNUis3xWvo=
-2,1,Ipgm54TZNQ4EkNy+5UtvbXHZYyw=,C2wgOyBwx6b7Rby9LgdMu9kx7K4=
-4,2,Ipgm54TZNQ4EkNy+5UtvbXHZYyw=,C2wgOyBwx6b7Rby9LgdMu9kx7K4=
-3,2,Ipgm54TZNQ4EkNy+5UtvbXHZYyw=,C2wgOyBwx6b7Rby9LgdMu9kx7K4=
-5,3,Ipgm54TZNQ4EkNy+5UtvbXHZYyw=,GLhSmJW67n5ShfjGwTNUis3xWvo=
-2,2,Ipgm54TZNQ4EkNy+5UtvbXHZYyw=,C2wgOyBwx6b7Rby9LgdMu9kx7K4=
-4,4,Ipgm54TZNQ4EkNy+5UtvbXHZYyw=,hlxGhi+A+DXWWhBIr++MoRWE0XI=
-3,4,Ipgm54TZNQ4EkNy+5UtvbXHZYyw=,hlxGhi+A+DXWWhBIr++MoRWE0XI=
-5,1,Ipgm54TZNQ4EkNy+5UtvbXHZYyw=,GLhSmJW67n5ShfjGwTNUis3xWvo=
-5,4,Ipgm54TZNQ4EkNy+5UtvbXHZYyw=,5aGj+PP7cdduzgSi724vC8TMk/4=
-4,3,Ipgm54TZNQ4EkNy+5UtvbXHZYyw=,C2wgOyBwx6b7Rby9LgdMu9kx7K4=
-3,3,Ipgm54TZNQ4EkNy+5UtvbXHZYyw=,C2wgOyBwx6b7Rby9LgdMu9kx7K4=
-2,3,Ipgm54TZNQ4EkNy+5UtvbXHZYyw=,C2wgOyBwx6b7Rby9LgdMu9kx7K4=
-2,4,Ipgm54TZNQ4EkNy+5UtvbXHZYyw=,hlxGhi+A+DXWWhBIr++MoRWE0XI=
-3,0,Ipgm54TZNQ4EkNy+5UtvbXHZYyw=,C2wgOyBwx6b7Rby9LgdMu9kx7K4=
-2,0,Ipgm54TZNQ4EkNy+5UtvbXHZYyw=,C2wgOyBwx6b7Rby9LgdMu9kx7K4=
-11,13,Ipgm54TZNQ4EkNy+5UtvbXHZYyw=,qEuKGsQaBkEFfMvKpMVuMrkAS0U=
-1,1,Ipgm54TZNQ4EkNy+5UtvbXHZYyw=,C2wgOyBwx6b7Rby9LgdMu9kx7K4=
-1,2,Ipgm54TZNQ4EkNy+5UtvbXHZYyw=,C2wgOyBwx6b7Rby9LgdMu9kx7K4=
-8,11,Ipgm54TZNQ4EkNy+5UtvbXHZYyw=,sMLATa3OqR3Pq64kHkVSQ6iFRlU=
-10,13,Ipgm54TZNQ4EkNy+5UtvbXHZYyw=,qEuKGsQaBkEFfMvKpMVuMrkAS0U=
-9,13,Ipgm54TZNQ4EkNy+5UtvbXHZYyw=,qEuKGsQaBkEFfMvKpMVuMrkAS0U=
-8,12,PqCybm8+sOzPEgUVbgJ3up323X0=,2OF5f5FfHIPbKyYzUOcBF0fSaHc=
-11,14,Ipgm54TZNQ4EkNy+5UtvbXHZYyw=,qEuKGsQaBkEFfMvKpMVuMrkAS0U=
-11,15,Ipgm54TZNQ4EkNy+5UtvbXHZYyw=,qEuKGsQaBkEFfMvKpMVuMrkAS0U=
-10,14,Ipgm54TZNQ4EkNy+5UtvbXHZYyw=,qEuKGsQaBkEFfMvKpMVuMrkAS0U=
-10,15,Ipgm54TZNQ4EkNy+5UtvbXHZYyw=,qEuKGsQaBkEFfMvKpMVuMrkAS0U=
-11,11,Ipgm54TZNQ4EkNy+5UtvbXHZYyw=,Trinxtqu06N9IQNhx5UcH/ffhZ8=
-8,14,PqCybm8+sOzPEgUVbgJ3up323X0=,2OF5f5FfHIPbKyYzUOcBF0fSaHc=
-9,12,Ipgm54TZNQ4EkNy+5UtvbXHZYyw=,qEuKGsQaBkEFfMvKpMVuMrkAS0U=
-10,11,Ipgm54TZNQ4EkNy+5UtvbXHZYyw=,Trinxtqu06N9IQNhx5UcH/ffhZ8=
-10,12,Ipgm54TZNQ4EkNy+5UtvbXHZYyw=,qEuKGsQaBkEFfMvKpMVuMrkAS0U=
-16,9,PqCybm8+sOzPEgUVbgJ3up323X0=,kar9fhPzQRxVfzY+1HOnL4hOmCk=
-9,11,Ipgm54TZNQ4EkNy+5UtvbXHZYyw=,Trinxtqu06N9IQNhx5UcH/ffhZ8=
-16,10,PqCybm8+sOzPEgUVbgJ3up323X0=,kar9fhPzQRxVfzY+1HOnL4hOmCk=
-11,12,Ipgm54TZNQ4EkNy+5UtvbXHZYyw=,qEuKGsQaBkEFfMvKpMVuMrkAS0U=
-16,5,PqCybm8+sOzPEgUVbgJ3up323X0=,ZlOXHoTRo7WsoWsMij88Hi9/t1A=
-16,6,PqCybm8+sOzPEgUVbgJ3up323X0=,ZlOXHoTRo7WsoWsMij88Hi9/t1A=
-16,7,PqCybm8+sOzPEgUVbgJ3up323X0=,ZlOXHoTRo7WsoWsMij88Hi9/t1A=
-16,8,PqCybm8+sOzPEgUVbgJ3up323X0=,kar9fhPzQRxVfzY+1HOnL4hOmCk=
-8,13,PqCybm8+sOzPEgUVbgJ3up323X0=,2OF5f5FfHIPbKyYzUOcBF0fSaHc=
-9,14,Ipgm54TZNQ4EkNy+5UtvbXHZYyw=,qEuKGsQaBkEFfMvKpMVuMrkAS0U=
-3,15,PqCybm8+sOzPEgUVbgJ3up323X0=,QHn73CyYXMVQTc4yAeRk1rumxvE=
-5,15,PqCybm8+sOzPEgUVbgJ3up323X0=,2OF5f5FfHIPbKyYzUOcBF0fSaHc=
-2,15,PqCybm8+sOzPEgUVbgJ3up323X0=,QHn73CyYXMVQTc4yAeRk1rumxvE=
-1,13,PqCybm8+sOzPEgUVbgJ3up323X0=,QHn73CyYXMVQTc4yAeRk1rumxvE=
-1,14,PqCybm8+sOzPEgUVbgJ3up323X0=,QHn73CyYXMVQTc4yAeRk1rumxvE=
-9,15,Ipgm54TZNQ4EkNy+5UtvbXHZYyw=,qEuKGsQaBkEFfMvKpMVuMrkAS0U=
-1,9,Ipgm54TZNQ4EkNy+5UtvbXHZYyw=,cUob1RC9R142tFd5uzIuUzDSxeE=
-1,12,PqCybm8+sOzPEgUVbgJ3up323X0=,QHn73CyYXMVQTc4yAeRk1rumxvE=
-1,11,Ipgm54TZNQ4EkNy+5UtvbXHZYyw=,cUob1RC9R142tFd5uzIuUzDSxeE=
-1,10,Ipgm54TZNQ4EkNy+5UtvbXHZYyw=,cUob1RC9R142tFd5uzIuUzDSxeE=
-7,15,PqCybm8+sOzPEgUVbgJ3up323X0=,2OF5f5FfHIPbKyYzUOcBF0fSaHc=
-6,15,PqCybm8+sOzPEgUVbgJ3up323X0=,2OF5f5FfHIPbKyYzUOcBF0fSaHc=
-8,15,PqCybm8+sOzPEgUVbgJ3up323X0=,2OF5f5FfHIPbKyYzUOcBF0fSaHc=
-1,8,Ipgm54TZNQ4EkNy+5UtvbXHZYyw=,cUob1RC9R142tFd5uzIuUzDSxeE=
-1,5,Ipgm54TZNQ4EkNy+5UtvbXHZYyw=,hlxGhi+A+DXWWhBIr++MoRWE0XI=
-1,6,Ipgm54TZNQ4EkNy+5UtvbXHZYyw=,hlxGhi+A+DXWWhBIr++MoRWE0XI=
-1,3,Ipgm54TZNQ4EkNy+5UtvbXHZYyw=,C2wgOyBwx6b7Rby9LgdMu9kx7K4=
-1,4,Ipgm54TZNQ4EkNy+5UtvbXHZYyw=,hlxGhi+A+DXWWhBIr++MoRWE0XI=
-1,7,Ipgm54TZNQ4EkNy+5UtvbXHZYyw=,hlxGhi+A+DXWWhBIr++MoRWE0XI=
-4,15,PqCybm8+sOzPEgUVbgJ3up323X0=,QHn73CyYXMVQTc4yAeRk1rumxvE=
-1,0,Ipgm54TZNQ4EkNy+5UtvbXHZYyw=,C2wgOyBwx6b7Rby9LgdMu9kx7K4=
-15,4,PqCybm8+sOzPEgUVbgJ3up323X0=,ZlOXHoTRo7WsoWsMij88Hi9/t1A=
-14,4,PqCybm8+sOzPEgUVbgJ3up323X0=,ZlOXHoTRo7WsoWsMij88Hi9/t1A=
-5,0,Ipgm54TZNQ4EkNy+5UtvbXHZYyw=,GLhSmJW67n5ShfjGwTNUis3xWvo=
-7,0,Ipgm54TZNQ4EkNy+5UtvbXHZYyw=,GLhSmJW67n5ShfjGwTNUis3xWvo=
-6,0,Ipgm54TZNQ4EkNy+5UtvbXHZYyw=,GLhSmJW67n5ShfjGwTNUis3xWvo=
-4,0,Ipgm54TZNQ4EkNy+5UtvbXHZYyw=,C2wgOyBwx6b7Rby9LgdMu9kx7K4=
-16,4,PqCybm8+sOzPEgUVbgJ3up323X0=,ZlOXHoTRo7WsoWsMij88Hi9/t1A=
-1,15,PqCybm8+sOzPEgUVbgJ3up323X0=,QHn73CyYXMVQTc4yAeRk1rumxvE=
-8,3,Ipgm54TZNQ4EkNy+5UtvbXHZYyw=,GLhSmJW67n5ShfjGwTNUis3xWvo=
-8,1,Ipgm54TZNQ4EkNy+5UtvbXHZYyw=,GLhSmJW67n5ShfjGwTNUis3xWvo=
-12,1,PqCybm8+sOzPEgUVbgJ3up323X0=,XfwFny29W/b47/HFSxU6r40QUfA=
-11,1,PqCybm8+sOzPEgUVbgJ3up323X0=,XfwFny29W/b47/HFSxU6r40QUfA=
-12,3,PqCybm8+sOzPEgUVbgJ3up323X0=,XfwFny29W/b47/HFSxU6r40QUfA=
-11,3,PqCybm8+sOzPEgUVbgJ3up323X0=,XfwFny29W/b47/HFSxU6r40QUfA=
-8,4,Ipgm54TZNQ4EkNy+5UtvbXHZYyw=,5aGj+PP7cdduzgSi724vC8TMk/4=
-8,2,Ipgm54TZNQ4EkNy+5UtvbXHZYyw=,GLhSmJW67n5ShfjGwTNUis3xWvo=
-10,1,PqCybm8+sOzPEgUVbgJ3up323X0=,XfwFny29W/b47/HFSxU6r40QUfA=
-9,1,PqCybm8+sOzPEgUVbgJ3up323X0=,XfwFny29W/b47/HFSxU6r40QUfA=
-12,2,PqCybm8+sOzPEgUVbgJ3up323X0=,XfwFny29W/b47/HFSxU6r40QUfA=
-12,0,PqCybm8+sOzPEgUVbgJ3up323X0=,XfwFny29W/b47/HFSxU6r40QUfA=
-11,2,PqCybm8+sOzPEgUVbgJ3up323X0=,XfwFny29W/b47/HFSxU6r40QUfA=
-11,0,PqCybm8+sOzPEgUVbgJ3up323X0=,XfwFny29W/b47/HFSxU6r40QUfA=
-10,3,PqCybm8+sOzPEgUVbgJ3up323X0=,XfwFny29W/b47/HFSxU6r40QUfA=
-10,0,PqCybm8+sOzPEgUVbgJ3up323X0=,XfwFny29W/b47/HFSxU6r40QUfA=
-8,0,Ipgm54TZNQ4EkNy+5UtvbXHZYyw=,GLhSmJW67n5ShfjGwTNUis3xWvo=
-10,2,PqCybm8+sOzPEgUVbgJ3up323X0=,XfwFny29W/b47/HFSxU6r40QUfA=
-9,2,PqCybm8+sOzPEgUVbgJ3up323X0=,XfwFny29W/b47/HFSxU6r40QUfA=
-9,0,PqCybm8+sOzPEgUVbgJ3up323X0=,XfwFny29W/b47/HFSxU6r40QUfA=
-9,3,PqCybm8+sOzPEgUVbgJ3up323X0=,XfwFny29W/b47/HFSxU6r40QUfA=
-12,4,PqCybm8+sOzPEgUVbgJ3up323X0=,Ju1FbYgDN1aff/ETwOnUN34BdCg=
-11,4,PqCybm8+sOzPEgUVbgJ3up323X0=,Ju1FbYgDN1aff/ETwOnUN34BdCg=
-10,4,PqCybm8+sOzPEgUVbgJ3up323X0=,Ju1FbYgDN1aff/ETwOnUN34BdCg=
-9,4,PqCybm8+sOzPEgUVbgJ3up323X0=,Ju1FbYgDN1aff/ETwOnUN34BdCg=
-13,4,PqCybm8+sOzPEgUVbgJ3up323X0=,ZlOXHoTRo7WsoWsMij88Hi9/t1A=
-12,13,Ipgm54TZNQ4EkNy+5UtvbXHZYyw=,qEuKGsQaBkEFfMvKpMVuMrkAS0U=
-13,15,PqCybm8+sOzPEgUVbgJ3up323X0=,yoxz6RvaWxhZXRwbNDwQo5WpXvs=
-12,12,Ipgm54TZNQ4EkNy+5UtvbXHZYyw=,qEuKGsQaBkEFfMvKpMVuMrkAS0U=
-12,11,Ipgm54TZNQ4EkNy+5UtvbXHZYyw=,Trinxtqu06N9IQNhx5UcH/ffhZ8=
-16,13,PqCybm8+sOzPEgUVbgJ3up323X0=,yoxz6RvaWxhZXRwbNDwQo5WpXvs=
-14,12,PqCybm8+sOzPEgUVbgJ3up323X0=,yoxz6RvaWxhZXRwbNDwQo5WpXvs=
-16,11,PqCybm8+sOzPEgUVbgJ3up323X0=,kar9fhPzQRxVfzY+1HOnL4hOmCk=
-16,12,PqCybm8+sOzPEgUVbgJ3up323X0=,yoxz6RvaWxhZXRwbNDwQo5WpXvs=
-15,12,PqCybm8+sOzPEgUVbgJ3up323X0=,yoxz6RvaWxhZXRwbNDwQo5WpXvs=
-14,11,PqCybm8+sOzPEgUVbgJ3up323X0=,kar9fhPzQRxVfzY+1HOnL4hOmCk=
-12,15,Ipgm54TZNQ4EkNy+5UtvbXHZYyw=,qEuKGsQaBkEFfMvKpMVuMrkAS0U=
-15,13,PqCybm8+sOzPEgUVbgJ3up323X0=,yoxz6RvaWxhZXRwbNDwQo5WpXvs=
-13,11,PqCybm8+sOzPEgUVbgJ3up323X0=,kar9fhPzQRxVfzY+1HOnL4hOmCk=
-13,12,PqCybm8+sOzPEgUVbgJ3up323X0=,yoxz6RvaWxhZXRwbNDwQo5WpXvs=
-15,11,PqCybm8+sOzPEgUVbgJ3up323X0=,kar9fhPzQRxVfzY+1HOnL4hOmCk=
-12,14,Ipgm54TZNQ4EkNy+5UtvbXHZYyw=,qEuKGsQaBkEFfMvKpMVuMrkAS0U=
-14,15,PqCybm8+sOzPEgUVbgJ3up323X0=,yoxz6RvaWxhZXRwbNDwQo5WpXvs=
-13,14,PqCybm8+sOzPEgUVbgJ3up323X0=,yoxz6RvaWxhZXRwbNDwQo5WpXvs=
-15,15,PqCybm8+sOzPEgUVbgJ3up323X0=,yoxz6RvaWxhZXRwbNDwQo5WpXvs=
-16,15,PqCybm8+sOzPEgUVbgJ3up323X0=,yoxz6RvaWxhZXRwbNDwQo5WpXvs=
-14,13,PqCybm8+sOzPEgUVbgJ3up323X0=,yoxz6RvaWxhZXRwbNDwQo5WpXvs=
-13,13,PqCybm8+sOzPEgUVbgJ3up323X0=,yoxz6RvaWxhZXRwbNDwQo5WpXvs=
-15,14,PqCybm8+sOzPEgUVbgJ3up323X0=,yoxz6RvaWxhZXRwbNDwQo5WpXvs=
-14,14,PqCybm8+sOzPEgUVbgJ3up323X0=,yoxz6RvaWxhZXRwbNDwQo5WpXvs=
-16,14,PqCybm8+sOzPEgUVbgJ3up323X0=,yoxz6RvaWxhZXRwbNDwQo5WpXvs=
-23,10,PqCybm8+sOzPEgUVbgJ3up323X0=,pvYf/sr4l+rypPTSyv5wmqteZfM=
-23,9,PqCybm8+sOzPEgUVbgJ3up323X0=,pvYf/sr4l+rypPTSyv5wmqteZfM=
-22,10,PqCybm8+sOzPEgUVbgJ3up323X0=,pvYf/sr4l+rypPTSyv5wmqteZfM=
-22,9,PqCybm8+sOzPEgUVbgJ3up323X0=,pvYf/sr4l+rypPTSyv5wmqteZfM=
-23,11,PqCybm8+sOzPEgUVbgJ3up323X0=,pvYf/sr4l+rypPTSyv5wmqteZfM=
-24,14,PqCybm8+sOzPEgUVbgJ3up323X0=,rCQy8toxEWrZW2M8zX6M61pCyUo=
-24,13,PqCybm8+sOzPEgUVbgJ3up323X0=,rCQy8toxEWrZW2M8zX6M61pCyUo=
-22,13,PqCybm8+sOzPEgUVbgJ3up323X0=,rCQy8toxEWrZW2M8zX6M61pCyUo=
-23,12,PqCybm8+sOzPEgUVbgJ3up323X0=,rCQy8toxEWrZW2M8zX6M61pCyUo=
-22,11,PqCybm8+sOzPEgUVbgJ3up323X0=,pvYf/sr4l+rypPTSyv5wmqteZfM=
-23,14,PqCybm8+sOzPEgUVbgJ3up323X0=,rCQy8toxEWrZW2M8zX6M61pCyUo=
-22,14,PqCybm8+sOzPEgUVbgJ3up323X0=,rCQy8toxEWrZW2M8zX6M61pCyUo=
-22,12,PqCybm8+sOzPEgUVbgJ3up323X0=,rCQy8toxEWrZW2M8zX6M61pCyUo=
-23,13,PqCybm8+sOzPEgUVbgJ3up323X0=,rCQy8toxEWrZW2M8zX6M61pCyUo=
-23,8,PqCybm8+sOzPEgUVbgJ3up323X0=,pvYf/sr4l+rypPTSyv5wmqteZfM=
-22,8,PqCybm8+sOzPEgUVbgJ3up323X0=,pvYf/sr4l+rypPTSyv5wmqteZfM=
-24,12,PqCybm8+sOzPEgUVbgJ3up323X0=,rCQy8toxEWrZW2M8zX6M61pCyUo=
-24,11,PqCybm8+sOzPEgUVbgJ3up323X0=,pvYf/sr4l+rypPTSyv5wmqteZfM=
-24,10,PqCybm8+sOzPEgUVbgJ3up323X0=,pvYf/sr4l+rypPTSyv5wmqteZfM=
-24,9,PqCybm8+sOzPEgUVbgJ3up323X0=,pvYf/sr4l+rypPTSyv5wmqteZfM=
-24,8,PqCybm8+sOzPEgUVbgJ3up323X0=,pvYf/sr4l+rypPTSyv5wmqteZfM=
-23,15,PqCybm8+sOzPEgUVbgJ3up323X0=,rCQy8toxEWrZW2M8zX6M61pCyUo=
-22,15,PqCybm8+sOzPEgUVbgJ3up323X0=,rCQy8toxEWrZW2M8zX6M61pCyUo=
-24,15,PqCybm8+sOzPEgUVbgJ3up323X0=,rCQy8toxEWrZW2M8zX6M61pCyUo=
-21,10,PqCybm8+sOzPEgUVbgJ3up323X0=,pvYf/sr4l+rypPTSyv5wmqteZfM=
-21,8,PqCybm8+sOzPEgUVbgJ3up323X0=,pvYf/sr4l+rypPTSyv5wmqteZfM=
-20,8,PqCybm8+sOzPEgUVbgJ3up323X0=,mevPNExxPEA82BalXUWxUNnWZdg=
-17,10,PqCybm8+sOzPEgUVbgJ3up323X0=,mevPNExxPEA82BalXUWxUNnWZdg=
-19,8,PqCybm8+sOzPEgUVbgJ3up323X0=,mevPNExxPEA82BalXUWxUNnWZdg=
-18,8,PqCybm8+sOzPEgUVbgJ3up323X0=,mevPNExxPEA82BalXUWxUNnWZdg=
-17,8,PqCybm8+sOzPEgUVbgJ3up323X0=,mevPNExxPEA82BalXUWxUNnWZdg=
-20,9,PqCybm8+sOzPEgUVbgJ3up323X0=,mevPNExxPEA82BalXUWxUNnWZdg=
-19,9,PqCybm8+sOzPEgUVbgJ3up323X0=,mevPNExxPEA82BalXUWxUNnWZdg=
-21,9,PqCybm8+sOzPEgUVbgJ3up323X0=,pvYf/sr4l+rypPTSyv5wmqteZfM=
-18,9,PqCybm8+sOzPEgUVbgJ3up323X0=,mevPNExxPEA82BalXUWxUNnWZdg=
-17,9,PqCybm8+sOzPEgUVbgJ3up323X0=,mevPNExxPEA82BalXUWxUNnWZdg=
-20,10,PqCybm8+sOzPEgUVbgJ3up323X0=,mevPNExxPEA82BalXUWxUNnWZdg=
-19,10,PqCybm8+sOzPEgUVbgJ3up323X0=,mevPNExxPEA82BalXUWxUNnWZdg=
-18,10,PqCybm8+sOzPEgUVbgJ3up323X0=,mevPNExxPEA82BalXUWxUNnWZdg=
-21,13,PqCybm8+sOzPEgUVbgJ3up323X0=,rCQy8toxEWrZW2M8zX6M61pCyUo=
-17,12,PqCybm8+sOzPEgUVbgJ3up323X0=,/QGVHyIe6Jo1UcXVCY4PyEYXPEA=
-21,12,PqCybm8+sOzPEgUVbgJ3up323X0=,rCQy8toxEWrZW2M8zX6M61pCyUo=
-20,12,PqCybm8+sOzPEgUVbgJ3up323X0=,/QGVHyIe6Jo1UcXVCY4PyEYXPEA=
-21,14,PqCybm8+sOzPEgUVbgJ3up323X0=,rCQy8toxEWrZW2M8zX6M61pCyUo=
-17,14,PqCybm8+sOzPEgUVbgJ3up323X0=,/QGVHyIe6Jo1UcXVCY4PyEYXPEA=
-19,12,PqCybm8+sOzPEgUVbgJ3up323X0=,/QGVHyIe6Jo1UcXVCY4PyEYXPEA=
-21,15,PqCybm8+sOzPEgUVbgJ3up323X0=,rCQy8toxEWrZW2M8zX6M61pCyUo=
-17,11,PqCybm8+sOzPEgUVbgJ3up323X0=,mevPNExxPEA82BalXUWxUNnWZdg=
-18,12,PqCybm8+sOzPEgUVbgJ3up323X0=,/QGVHyIe6Jo1UcXVCY4PyEYXPEA=
-18,11,PqCybm8+sOzPEgUVbgJ3up323X0=,mevPNExxPEA82BalXUWxUNnWZdg=
-18,14,PqCybm8+sOzPEgUVbgJ3up323X0=,/QGVHyIe6Jo1UcXVCY4PyEYXPEA=
-20,14,PqCybm8+sOzPEgUVbgJ3up323X0=,/QGVHyIe6Jo1UcXVCY4PyEYXPEA=
-17,13,PqCybm8+sOzPEgUVbgJ3up323X0=,/QGVHyIe6Jo1UcXVCY4PyEYXPEA=
-19,14,PqCybm8+sOzPEgUVbgJ3up323X0=,/QGVHyIe6Jo1UcXVCY4PyEYXPEA=
-19,11,PqCybm8+sOzPEgUVbgJ3up323X0=,mevPNExxPEA82BalXUWxUNnWZdg=
-18,15,PqCybm8+sOzPEgUVbgJ3up323X0=,/QGVHyIe6Jo1UcXVCY4PyEYXPEA=
-20,11,PqCybm8+sOzPEgUVbgJ3up323X0=,mevPNExxPEA82BalXUWxUNnWZdg=
-19,13,PqCybm8+sOzPEgUVbgJ3up323X0=,/QGVHyIe6Jo1UcXVCY4PyEYXPEA=
-17,15,PqCybm8+sOzPEgUVbgJ3up323X0=,/QGVHyIe6Jo1UcXVCY4PyEYXPEA=
-21,11,PqCybm8+sOzPEgUVbgJ3up323X0=,pvYf/sr4l+rypPTSyv5wmqteZfM=
-20,13,PqCybm8+sOzPEgUVbgJ3up323X0=,/QGVHyIe6Jo1UcXVCY4PyEYXPEA=
-20,15,PqCybm8+sOzPEgUVbgJ3up323X0=,/QGVHyIe6Jo1UcXVCY4PyEYXPEA=
-19,15,PqCybm8+sOzPEgUVbgJ3up323X0=,/QGVHyIe6Jo1UcXVCY4PyEYXPEA=
-18,13,PqCybm8+sOzPEgUVbgJ3up323X0=,/QGVHyIe6Jo1UcXVCY4PyEYXPEA=
-22,21,JlsB77wdv4fkIpva1/QwIfKCJt8=,O9qUo4/kTZwWO61IrZh5kH/7LDk=
-22,22,JlsB77wdv4fkIpva1/QwIfKCJt8=,O9qUo4/kTZwWO61IrZh5kH/7LDk=
-23,21,JlsB77wdv4fkIpva1/QwIfKCJt8=,O9qUo4/kTZwWO61IrZh5kH/7LDk=
-22,20,JlsB77wdv4fkIpva1/QwIfKCJt8=,O9qUo4/kTZwWO61IrZh5kH/7LDk=
-23,19,JlsB77wdv4fkIpva1/QwIfKCJt8=,dr1Rrdndtb97zWLlyOI0UvZ4V1I=
-23,17,JlsB77wdv4fkIpva1/QwIfKCJt8=,dr1Rrdndtb97zWLlyOI0UvZ4V1I=
-23,18,JlsB77wdv4fkIpva1/QwIfKCJt8=,dr1Rrdndtb97zWLlyOI0UvZ4V1I=
-22,18,JlsB77wdv4fkIpva1/QwIfKCJt8=,dr1Rrdndtb97zWLlyOI0UvZ4V1I=
-23,20,JlsB77wdv4fkIpva1/QwIfKCJt8=,O9qUo4/kTZwWO61IrZh5kH/7LDk=
-22,17,JlsB77wdv4fkIpva1/QwIfKCJt8=,dr1Rrdndtb97zWLlyOI0UvZ4V1I=
-22,19,JlsB77wdv4fkIpva1/QwIfKCJt8=,dr1Rrdndtb97zWLlyOI0UvZ4V1I=
-23,16,JlsB77wdv4fkIpva1/QwIfKCJt8=,dr1Rrdndtb97zWLlyOI0UvZ4V1I=
-22,16,JlsB77wdv4fkIpva1/QwIfKCJt8=,dr1Rrdndtb97zWLlyOI0UvZ4V1I=
-23,23,JlsB77wdv4fkIpva1/QwIfKCJt8=,O9qUo4/kTZwWO61IrZh5kH/7LDk=
-22,23,JlsB77wdv4fkIpva1/QwIfKCJt8=,O9qUo4/kTZwWO61IrZh5kH/7LDk=
-24,21,JlsB77wdv4fkIpva1/QwIfKCJt8=,O9qUo4/kTZwWO61IrZh5kH/7LDk=
-24,22,JlsB77wdv4fkIpva1/QwIfKCJt8=,O9qUo4/kTZwWO61IrZh5kH/7LDk=
-24,19,JlsB77wdv4fkIpva1/QwIfKCJt8=,dr1Rrdndtb97zWLlyOI0UvZ4V1I=
-24,18,JlsB77wdv4fkIpva1/QwIfKCJt8=,dr1Rrdndtb97zWLlyOI0UvZ4V1I=
-24,20,JlsB77wdv4fkIpva1/QwIfKCJt8=,O9qUo4/kTZwWO61IrZh5kH/7LDk=
-24,17,JlsB77wdv4fkIpva1/QwIfKCJt8=,dr1Rrdndtb97zWLlyOI0UvZ4V1I=
-23,22,JlsB77wdv4fkIpva1/QwIfKCJt8=,O9qUo4/kTZwWO61IrZh5kH/7LDk=
-24,16,JlsB77wdv4fkIpva1/QwIfKCJt8=,dr1Rrdndtb97zWLlyOI0UvZ4V1I=
-24,23,JlsB77wdv4fkIpva1/QwIfKCJt8=,O9qUo4/kTZwWO61IrZh5kH/7LDk=
-21,23,JlsB77wdv4fkIpva1/QwIfKCJt8=,O9qUo4/kTZwWO61IrZh5kH/7LDk=
-20,23,zBip5i1Z/3EL3joCFnnnnhcf+sI=,15J/xXmItWDJTtjYUqK+L+KmBTw=
-21,22,JlsB77wdv4fkIpva1/QwIfKCJt8=,O9qUo4/kTZwWO61IrZh5kH/7LDk=
-20,21,zBip5i1Z/3EL3joCFnnnnhcf+sI=,15J/xXmItWDJTtjYUqK+L+KmBTw=
-17,22,zBip5i1Z/3EL3joCFnnnnhcf+sI=,15J/xXmItWDJTtjYUqK+L+KmBTw=
-18,22,zBip5i1Z/3EL3joCFnnnnhcf+sI=,15J/xXmItWDJTtjYUqK+L+KmBTw=
-19,21,zBip5i1Z/3EL3joCFnnnnhcf+sI=,15J/xXmItWDJTtjYUqK+L+KmBTw=
-19,23,zBip5i1Z/3EL3joCFnnnnhcf+sI=,15J/xXmItWDJTtjYUqK+L+KmBTw=
-18,23,zBip5i1Z/3EL3joCFnnnnhcf+sI=,15J/xXmItWDJTtjYUqK+L+KmBTw=
-21,21,JlsB77wdv4fkIpva1/QwIfKCJt8=,O9qUo4/kTZwWO61IrZh5kH/7LDk=
-18,21,zBip5i1Z/3EL3joCFnnnnhcf+sI=,15J/xXmItWDJTtjYUqK+L+KmBTw=
-19,22,zBip5i1Z/3EL3joCFnnnnhcf+sI=,15J/xXmItWDJTtjYUqK+L+KmBTw=
-17,21,zBip5i1Z/3EL3joCFnnnnhcf+sI=,15J/xXmItWDJTtjYUqK+L+KmBTw=
-17,23,zBip5i1Z/3EL3joCFnnnnhcf+sI=,15J/xXmItWDJTtjYUqK+L+KmBTw=
-20,22,zBip5i1Z/3EL3joCFnnnnhcf+sI=,15J/xXmItWDJTtjYUqK+L+KmBTw=
-18,19,zBip5i1Z/3EL3joCFnnnnhcf+sI=,Qz6sIwqJUEctVNHLk/E++VqT1+E=
-17,19,zBip5i1Z/3EL3joCFnnnnhcf+sI=,Qz6sIwqJUEctVNHLk/E++VqT1+E=
-17,18,zBip5i1Z/3EL3joCFnnnnhcf+sI=,Qz6sIwqJUEctVNHLk/E++VqT1+E=
-20,19,zBip5i1Z/3EL3joCFnnnnhcf+sI=,Qz6sIwqJUEctVNHLk/E++VqT1+E=
-20,20,zBip5i1Z/3EL3joCFnnnnhcf+sI=,15J/xXmItWDJTtjYUqK+L+KmBTw=
-19,20,zBip5i1Z/3EL3joCFnnnnhcf+sI=,15J/xXmItWDJTtjYUqK+L+KmBTw=
-17,16,zBip5i1Z/3EL3joCFnnnnhcf+sI=,Qz6sIwqJUEctVNHLk/E++VqT1+E=
-19,18,zBip5i1Z/3EL3joCFnnnnhcf+sI=,Qz6sIwqJUEctVNHLk/E++VqT1+E=
-21,17,JlsB77wdv4fkIpva1/QwIfKCJt8=,dr1Rrdndtb97zWLlyOI0UvZ4V1I=
-20,18,zBip5i1Z/3EL3joCFnnnnhcf+sI=,Qz6sIwqJUEctVNHLk/E++VqT1+E=
-21,20,JlsB77wdv4fkIpva1/QwIfKCJt8=,O9qUo4/kTZwWO61IrZh5kH/7LDk=
-19,16,zBip5i1Z/3EL3joCFnnnnhcf+sI=,Qz6sIwqJUEctVNHLk/E++VqT1+E=
-18,20,zBip5i1Z/3EL3joCFnnnnhcf+sI=,15J/xXmItWDJTtjYUqK+L+KmBTw=
-21,18,JlsB77wdv4fkIpva1/QwIfKCJt8=,dr1Rrdndtb97zWLlyOI0UvZ4V1I=
-18,18,zBip5i1Z/3EL3joCFnnnnhcf+sI=,Qz6sIwqJUEctVNHLk/E++VqT1+E=
-21,16,JlsB77wdv4fkIpva1/QwIfKCJt8=,dr1Rrdndtb97zWLlyOI0UvZ4V1I=
-20,17,zBip5i1Z/3EL3joCFnnnnhcf+sI=,Qz6sIwqJUEctVNHLk/E++VqT1+E=
-18,16,zBip5i1Z/3EL3joCFnnnnhcf+sI=,Qz6sIwqJUEctVNHLk/E++VqT1+E=
-17,17,zBip5i1Z/3EL3joCFnnnnhcf+sI=,Qz6sIwqJUEctVNHLk/E++VqT1+E=
-20,16,zBip5i1Z/3EL3joCFnnnnhcf+sI=,Qz6sIwqJUEctVNHLk/E++VqT1+E=
-19,17,zBip5i1Z/3EL3joCFnnnnhcf+sI=,Qz6sIwqJUEctVNHLk/E++VqT1+E=
-19,19,zBip5i1Z/3EL3joCFnnnnhcf+sI=,Qz6sIwqJUEctVNHLk/E++VqT1+E=
-17,20,zBip5i1Z/3EL3joCFnnnnhcf+sI=,15J/xXmItWDJTtjYUqK+L+KmBTw=
-18,17,zBip5i1Z/3EL3joCFnnnnhcf+sI=,Qz6sIwqJUEctVNHLk/E++VqT1+E=
-21,19,JlsB77wdv4fkIpva1/QwIfKCJt8=,dr1Rrdndtb97zWLlyOI0UvZ4V1I=
