-2,10,aDo8uXJhcG/d/SLHKL2KDUIT/us=,VJsoonhq//3NvjLUoPVv2KFLK8U=
-2,9,aDo8uXJhcG/d/SLHKL2KDUIT/us=,VJsoonhq//3NvjLUoPVv2KFLK8U=
-2,4,aDo8uXJhcG/d/SLHKL2KDUIT/us=,JHOmjOwcKapy0Yu8fJ4Z5tufR5U=
-2,5,aDo8uXJhcG/d/SLHKL2KDUIT/us=,JHOmjOwcKapy0Yu8fJ4Z5tufR5U=
-2,2,aDo8uXJhcG/d/SLHKL2KDUIT/us=,JHOmjOwcKapy0Yu8fJ4Z5tufR5U=
-2,3,aDo8uXJhcG/d/SLHKL2KDUIT/us=,JHOmjOwcKapy0Yu8fJ4Z5tufR5U=
-2,0,aDo8uXJhcG/d/SLHKL2KDUIT/us=,JHOmjOwcKapy0Yu8fJ4Z5tufR5U=
-2,1,aDo8uXJhcG/d/SLHKL2KDUIT/us=,JHOmjOwcKapy0Yu8fJ4Z5tufR5U=
-1,10,aDo8uXJhcG/d/SLHKL2KDUIT/us=,VJsoonhq//3NvjLUoPVv2KFLK8U=
-1,9,aDo8uXJhcG/d/SLHKL2KDUIT/us=,VJsoonhq//3NvjLUoPVv2KFLK8U=
-1,5,aDo8uXJhcG/d/SLHKL2KDUIT/us=,JHOmjOwcKapy0Yu8fJ4Z5tufR5U=
-1,4,aDo8uXJhcG/d/SLHKL2KDUIT/us=,JHOmjOwcKapy0Yu8fJ4Z5tufR5U=
-1,3,aDo8uXJhcG/d/SLHKL2KDUIT/us=,JHOmjOwcKapy0Yu8fJ4Z5tufR5U=
-1,2,aDo8uXJhcG/d/SLHKL2KDUIT/us=,JHOmjOwcKapy0Yu8fJ4Z5tufR5U=
-1,1,aDo8uXJhcG/d/SLHKL2KDUIT/us=,JHOmjOwcKapy0Yu8fJ4Z5tufR5U=
-1,0,aDo8uXJhcG/d/SLHKL2KDUIT/us=,JHOmjOwcKapy0Yu8fJ4Z5tufR5U=
-6,2,aDo8uXJhcG/d/SLHKL2KDUIT/us=,JHOmjOwcKapy0Yu8fJ4Z5tufR5U=
-6,3,aDo8uXJhcG/d/SLHKL2KDUIT/us=,JHOmjOwcKapy0Yu8fJ4Z5tufR5U=
-6,4,aDo8uXJhcG/d/SLHKL2KDUIT/us=,JHOmjOwcKapy0Yu8fJ4Z5tufR5U=
-6,5,aDo8uXJhcG/d/SLHKL2KDUIT/us=,JHOmjOwcKapy0Yu8fJ4Z5tufR5U=
-5,10,aDo8uXJhcG/d/SLHKL2KDUIT/us=,VJsoonhq//3NvjLUoPVv2KFLK8U=
-5,9,aDo8uXJhcG/d/SLHKL2KDUIT/us=,VJsoonhq//3NvjLUoPVv2KFLK8U=
-5,3,aDo8uXJhcG/d/SLHKL2KDUIT/us=,JHOmjOwcKapy0Yu8fJ4Z5tufR5U=
-5,2,aDo8uXJhcG/d/SLHKL2KDUIT/us=,JHOmjOwcKapy0Yu8fJ4Z5tufR5U=
-5,5,aDo8uXJhcG/d/SLHKL2KDUIT/us=,JHOmjOwcKapy0Yu8fJ4Z5tufR5U=
-5,4,aDo8uXJhcG/d/SLHKL2KDUIT/us=,JHOmjOwcKapy0Yu8fJ4Z5tufR5U=
-4,9,aDo8uXJhcG/d/SLHKL2KDUIT/us=,VJsoonhq//3NvjLUoPVv2KFLK8U=
-4,10,aDo8uXJhcG/d/SLHKL2KDUIT/us=,VJsoonhq//3NvjLUoPVv2KFLK8U=
-4,4,aDo8uXJhcG/d/SLHKL2KDUIT/us=,JHOmjOwcKapy0Yu8fJ4Z5tufR5U=
-4,5,aDo8uXJhcG/d/SLHKL2KDUIT/us=,JHOmjOwcKapy0Yu8fJ4Z5tufR5U=
-4,1,aDo8uXJhcG/d/SLHKL2KDUIT/us=,JHOmjOwcKapy0Yu8fJ4Z5tufR5U=
-4,2,aDo8uXJhcG/d/SLHKL2KDUIT/us=,JHOmjOwcKapy0Yu8fJ4Z5tufR5U=
-4,3,aDo8uXJhcG/d/SLHKL2KDUIT/us=,JHOmjOwcKapy0Yu8fJ4Z5tufR5U=
-3,9,aDo8uXJhcG/d/SLHKL2KDUIT/us=,VJsoonhq//3NvjLUoPVv2KFLK8U=
-3,10,aDo8uXJhcG/d/SLHKL2KDUIT/us=,VJsoonhq//3NvjLUoPVv2KFLK8U=
-3,5,aDo8uXJhcG/d/SLHKL2KDUIT/us=,JHOmjOwcKapy0Yu8fJ4Z5tufR5U=
-3,4,aDo8uXJhcG/d/SLHKL2KDUIT/us=,JHOmjOwcKapy0Yu8fJ4Z5tufR5U=
-3,1,aDo8uXJhcG/d/SLHKL2KDUIT/us=,JHOmjOwcKapy0Yu8fJ4Z5tufR5U=
-3,0,aDo8uXJhcG/d/SLHKL2KDUIT/us=,JHOmjOwcKapy0Yu8fJ4Z5tufR5U=
-3,3,aDo8uXJhcG/d/SLHKL2KDUIT/us=,JHOmjOwcKapy0Yu8fJ4Z5tufR5U=
-3,2,aDo8uXJhcG/d/SLHKL2KDUIT/us=,JHOmjOwcKapy0Yu8fJ4Z5tufR5U=
